wv	R0	R1	R2
350	0.1274923894	0.0060080551	0
350.44	0.1263008718	0.005951905	0
350.88	0.1263008718	0.005951905	0
351.32	0.1263008718	0.005951905	0
351.75	0.1263008718	0.005951905	0
352.19	0.1263008718	0.005951905	0
352.63	0.1089854297	0.0051359181	0
353.07	0.0665723807	0.003137211	0
353.51	0.0746640513	0.0035185295	0
353.95	0.2862121966	0.0035185295	0
354.38	0.2123131458	0	0
354.82	0.2123131458	0	0
355.26	0.1721076664	0	0
355.7	0.1671109922	0	0
356.13	0.131333268	0	0
356.57	0.1369219177	0	0.0018748496
357.01	0.1176169998	0	0.1095147137
357.45	0.0726569531	0	0.0795903897
357.89	0.0663608567	0.0408381145	0.0737624972
358.32	0.0625657096	0.0385026014	0.0695440537
358.76	0.0597351237	0.0367606741	0.0663977549
359.2	0.0494705611	0.0304439174	0.0701300333
359.64	0.0463001382	0.0284928562	0.1006909857
360.07	0.0418472287	0.0257525597	0.0943776752
360.51	0.0408646898	0.0258275837	0.0921617639
360.95	0.0355241154	0.0515741508	0.0785764993
361.38	0.0005996713	0.0452715589	0.0689740997
361.82	0.0005838169	0.0445698644	0.0671505232
362.26	0.0005290969	0.0403924212	0.0608566404
362.69	0.0005062633	0.0502440319	0.0702923215
363.13	0.0004724912	0.0496978453	0.0892824856
363.57	0.0004450436	0.0592685554	0.107130929
364	0.0058688103	0.0558269419	0.1005656347
364.44	0.005588006	0.0531557963	0.0878836998
364.88	0.005635946	0.0594169266	0.0889683994
365.31	0.0054264529	0.0450433537	0.0853429217
365.75	0.0051148609	0.0458658727	0.0804424522
366.19	0.0048415657	0.0434151858	0.0917709087
366.62	0.0245569728	0.043049431	0.0817771295
367.06	0.0243950095	0.0422027983	0.0754220174
367.5	0.0230918362	0.0407215325	0.079381026
367.93	0.0217205661	0.0504246664	0.0746671166
368.37	0.0352922989	0.0367190793	0.0980849982
368.8	0.0504007595	0.0412016745	0.1128522516
369.24	0.0483813634	0.0497575287	0.1200698758
369.67	0.0544984978	0.0594072509	0.128824432
370.11	0.068212838	0.0681056088	0.1341324485
370.55	0.0694273	0.0781030224	0.1339034819
370.98	0.0815855511	0.0927855206	0.1426626236
371.42	0.0976120956	0.1034582484	0.1520400068
371.85	0.12213074	0.111941429	0.1559981475
372.29	0.1375827461	0.1143070995	0.1545328578
372.72	0.1510560541	0.1199480975	0.1678399597
373.16	0.1721243473	0.122712485	0.169256407
373.59	0.1858841663	0.1294295898	0.1579452691
374.03	0.1841693976	0.1366008915	0.1666062342
374.46	0.2022589341	0.1436031357	0.175350585
374.9	0.2276566889	0.1498479624	0.1864742966
375.33	0.24193114	0.1614527093	0.1999713854
375.77	0.2472092793	0.1769707268	0.1887895258
376.2	0.25456084	0.1932977563	0.1819745412
376.64	0.2646292472	0.1939704086	0.18341884
377.07	0.2768994251	0.2024252409	0.1869077813
377.51	0.2777599327	0.203821218	0.1830822568
377.94	0.3014485847	0.2135269998	0.1800222332
378.38	0.3032668528	0.2184302901	0.1735908479
378.81	0.3014017384	0.2278306297	0.1776799925
379.24	0.3043853626	0.2395622577	0.1789528218
379.68	0.309584924	0.2586459656	0.1898661969
380.11	0.319576088	0.2758898228	0.1914583618
380.55	0.3266852679	0.2947733482	0.2028418399
380.98	0.3279340944	0.3091432117	0.2193654643
381.42	0.3365670718	0.3230848155	0.2290838079
381.85	0.3368769798	0.3265657517	0.2378440582
382.28	0.3282341752	0.3321583135	0.2414103852
382.72	0.3356496183	0.3358400508	0.2398727272
383.15	0.3369101096	0.338235371	0.2522002588
383.58	0.332141373	0.3421434555	0.2696557819
384.02	0.3348203099	0.3561214177	0.2748294147
384.45	0.3264707863	0.3598645649	0.2787066908
384.88	0.3205087875	0.363383052	0.2824940328
385.32	0.309679211	0.3689695151	0.2878519092
385.75	0.3052828531	0.3726454831	0.2991204765
386.18	0.2984559856	0.3714041896	0.3010083595
386.62	0.2897315491	0.3728523959	0.3082862264
387.05	0.2760260519	0.3687415072	0.3058834043
387.48	0.261874039	0.3735166719	0.3062989118
387.92	0.2492708255	0.3695463265	0.3121934933
388.35	0.2436736939	0.3648552101	0.3108049175
388.78	0.2313540132	0.3620838345	0.3107129039
389.22	0.2187189877	0.365829783	0.3094972976
389.65	0.2100701891	0.3709262557	0.3095204292
390.08	0.1952160234	0.3738433493	0.3170260337
390.51	0.1841352095	0.3749027958	0.3203409965
390.95	0.1815664097	0.3705129223	0.3223163686
391.38	0.1678435161	0.3669161728	0.3273983367
391.81	0.1619734528	0.3658115227	0.3333952159
392.24	0.1581462973	0.3670626185	0.3406372666
392.67	0.152591852	0.3613715708	0.345947057
393.11	0.1506603531	0.3564386697	0.3433855022
393.54	0.1499983658	0.3549757153	0.3483938752
393.97	0.1474693469	0.3519523186	0.3515709532
394.4	0.1523571182	0.3492945547	0.3623552027
394.83	0.1566252494	0.3415442272	0.3675783701
395.27	0.1633495499	0.3397808185	0.3692563274
395.7	0.1687429243	0.3381329845	0.373224996
396.13	0.1788399655	0.3364685422	0.3802512769
396.56	0.1856983608	0.3322410659	0.3836594549
396.99	0.1919149335	0.3272525544	0.3899763339
397.42	0.200042284	0.3217925505	0.3896602029
397.86	0.2118796443	0.3187543754	0.3930031261
398.29	0.2174273172	0.3197859569	0.3933212937
398.72	0.2349639564	0.318501904	0.3982508855
399.15	0.2496362241	0.3146324323	0.4031802918
399.58	0.2621221263	0.313054398	0.4089635387
400.01	0.2709423992	0.3125372213	0.4140486319
400.44	0.2830831191	0.3137946994	0.4186631471
400.87	0.2980497761	0.316277884	0.4245895649
401.31	0.3131059839	0.3158853141	0.427654232
401.74	0.3269236625	0.3160114951	0.4293616976
402.17	0.3400253697	0.3174784088	0.4323844454
402.6	0.3493559591	0.3186696332	0.4363334694
403.03	0.3599883435	0.3277250722	0.4436703363
403.46	0.370837321	0.3317244182	0.4481708108
403.89	0.3860839743	0.3364011369	0.4544538279
404.32	0.4007721721	0.3421051013	0.4600676811
404.75	0.415663538	0.3505979872	0.4685752065
405.18	0.4286547923	0.3609693029	0.4760967508
405.61	0.4414610755	0.3689195018	0.4842237643
406.04	0.4486719021	0.3753821859	0.4880904001
406.47	0.4572853095	0.3850663391	0.4917518076
406.9	0.4694490531	0.3982544692	0.4963446679
407.33	0.4828702768	0.4127355759	0.5049601414
407.76	0.4917586485	0.4217701826	0.5110740344
408.19	0.4968096347	0.4310727822	0.5127950656
408.62	0.5055569966	0.4441220459	0.520725044
409.05	0.5102662166	0.4569031075	0.5259620609
409.48	0.5200651858	0.4703367145	0.5344155482
409.91	0.5287190091	0.487110978	0.5416305314
410.34	0.5345353543	0.4948375069	0.5463671022
410.77	0.5411914625	0.5061113352	0.5515514976
411.2	0.5431967777	0.5207395489	0.5583813067
411.63	0.5458742531	0.5329511068	0.5640615638
412.05	0.5494074061	0.5457121097	0.5731133228
412.48	0.5510457509	0.5568457896	0.5784801978
412.91	0.5530336366	0.56538901	0.5824043273
413.34	0.5540663537	0.5735928604	0.5882542753
413.77	0.5563371445	0.5858394657	0.5956290164
414.2	0.5566397581	0.5931842855	0.6010899006
414.63	0.5543688743	0.5987845078	0.6013244767
415.06	0.5542351175	0.6090721649	0.6061730058
415.49	0.5548186499	0.6200087451	0.612285897
415.91	0.5539554824	0.6276705308	0.6155836455
416.34	0.5540379204	0.6381515555	0.6196039386
416.77	0.5509561596	0.6456637721	0.6234368654
417.2	0.5473681948	0.6526215667	0.6286644117
417.63	0.5438842064	0.6609556905	0.6356144923
418.06	0.5384980216	0.6657195553	0.6399481468
418.48	0.5359217011	0.6710985494	0.6443431488
418.91	0.5329774222	0.6788963321	0.6496780365
419.34	0.5282236721	0.6835186078	0.6484016559
419.77	0.5246719301	0.6906547046	0.6524958147
420.2	0.5221439753	0.6997130658	0.6594920264
420.62	0.5218602947	0.708743694	0.6651655884
421.05	0.5172922163	0.711458902	0.6688060615
421.48	0.5108995268	0.7153250827	0.674296216
421.91	0.5058895941	0.7215581926	0.6829416283
422.34	0.5019641252	0.7261142135	0.6876524215
422.76	0.4988617879	0.7298693271	0.6929117
423.19	0.4960229672	0.7347132813	0.6991923771
423.62	0.4918635159	0.7373824365	0.7073462831
424.04	0.4872853699	0.7385729161	0.7117548219
424.47	0.4848372576	0.7396596037	0.7169951485
424.9	0.4805600357	0.7408681227	0.7196970494
425.33	0.4807671789	0.7463469117	0.7256378794
425.75	0.4795375789	0.7483584472	0.731583756
426.18	0.4799136607	0.7479820455	0.7368916886
426.61	0.4803522517	0.7487769169	0.7440329107
427.03	0.4813297628	0.7469258828	0.7489885029
427.46	0.4798235268	0.74506152	0.7521163613
427.89	0.4799463864	0.7477473537	0.7579494645
428.31	0.4810639236	0.7474336962	0.7627255721
428.74	0.4855534415	0.7464249248	0.7681997542
429.17	0.4918399072	0.7449575264	0.7710614984
429.59	0.4972105081	0.7468219701	0.7778578777
430.02	0.5020198986	0.7476574525	0.7866153101
430.45	0.5051478789	0.7476325527	0.7921828686
430.87	0.5107682496	0.7499108683	0.7979662393
431.3	0.5170718093	0.7501964334	0.8052673749
431.72	0.5237552505	0.7518002809	0.8109777944
432.15	0.531272266	0.7522766784	0.8161965813
432.58	0.5374849355	0.7522599782	0.8222257098
433	0.5449369715	0.753242169	0.8258972989
433.43	0.5530887925	0.7554637195	0.8317079188
433.85	0.5603937574	0.755634851	0.8384643248
434.28	0.5667079185	0.7569447603	0.8453556626
434.7	0.5751621168	0.7582520053	0.8496489035
435.13	0.5816984259	0.7555182033	0.8531242222
435.56	0.5887600635	0.7557496737	0.8552829765
435.98	0.5955651395	0.7557189568	0.8563521118
436.41	0.6021581955	0.7561451952	0.8611716875
436.83	0.6104693801	0.7551816268	0.8639574816
437.26	0.6167951281	0.7540141231	0.8667742992
437.68	0.6248028909	0.7525052856	0.8681675722
438.11	0.6322016595	0.7492841877	0.8705632136
438.53	0.6398816425	0.7469907576	0.8724255708
438.96	0.6487901906	0.7449208382	0.8735151575
439.38	0.6573381483	0.7441112533	0.8782085635
439.81	0.6648440104	0.7442128942	0.8834470679
440.23	0.6706577693	0.7418361757	0.8867918837
440.66	0.6766255617	0.739808728	0.88786268
441.08	0.6815544194	0.7380078261	0.8890851034
441.51	0.688910609	0.7378782491	0.8910093349
441.93	0.6984518247	0.7394061058	0.8964017602
442.35	0.7075334473	0.7410776915	0.8998123841
442.78	0.7169833683	0.7427659382	0.9060121123
443.2	0.7249197965	0.7448367649	0.9100792257
443.63	0.7322431045	0.7460310611	0.9135562998
444.05	0.7383866604	0.7483418798	0.9179226116
444.47	0.7461633634	0.7496832999	0.9197177603
444.9	0.7542398229	0.7510912932	0.9230737535
445.32	0.7625245848	0.7544075335	0.9247088705
445.75	0.7681670816	0.757754127	0.9268963127
446.17	0.7718271296	0.7595751924	0.9307470378
446.59	0.7763191637	0.7614456371	0.9329793098
447.02	0.779463515	0.7603745158	0.9292409068
447.44	0.7867740984	0.7633471548	0.9306094139
447.86	0.7900477063	0.7639190494	0.930360204
448.29	0.7977370883	0.7667432764	0.9330043877
448.71	0.8043007542	0.7708802007	0.935062357
449.13	0.8066246361	0.7721678949	0.9363890087
449.56	0.807996266	0.774197231	0.9357593144
449.98	0.8096990644	0.7757618513	0.9351393523
450.4	0.8134856702	0.7772638846	0.9351542488
450.83	0.8167122892	0.7796838387	0.9355298146
451.25	0.8185194451	0.7790203205	0.9354595334
451.67	0.8213851315	0.7824208208	0.9354900541
452.1	0.8246256404	0.7877738984	0.938780737
452.52	0.8260800863	0.7889013711	0.9403382489
452.94	0.8299820987	0.7921166637	0.9429091444
453.36	0.8345193471	0.7970552064	0.9436673234
453.79	0.8382248645	0.7997993598	0.9425215595
454.21	0.8435452763	0.8052672315	0.9472688778
454.63	0.8450256578	0.8090872827	0.9499398701
455.05	0.8482749248	0.812586513	0.9525818893
455.48	0.8493387118	0.818091141	0.9533587047
455.9	0.850766434	0.8211084592	0.955487121
456.32	0.8533953362	0.8252531265	0.9566789218
456.74	0.8584297365	0.8296903124	0.9599171539
457.16	0.8618903051	0.8350479164	0.9630326788
457.59	0.8652699741	0.8405974488	0.966902596
458.01	0.8698172501	0.8456476173	0.969911532
458.43	0.8737341265	0.8528861749	0.9728235044
458.85	0.8743611064	0.8549963197	0.9739753843
459.27	0.8762204432	0.8579758112	0.974125052
459.69	0.8785791153	0.8638593766	0.9768564503
460.12	0.8810421552	0.8694910597	0.9777209065
460.54	0.8811175491	0.8729086923	0.9780590807
460.96	0.8833339933	0.878855265	0.9811963112
461.38	0.8838836453	0.8825236715	0.9796836384
461.8	0.887021109	0.8874811707	0.9805673778
462.22	0.8901557161	0.8928711777	0.982800851
462.64	0.8923981335	0.8944310493	0.9821569914
463.06	0.8929580597	0.8969624278	0.979946477
463.49	0.8945374925	0.8998799772	0.9804733972
463.91	0.8937662827	0.9021876601	0.9808479559
464.33	0.8945405206	0.9048888851	0.9819033848
464.75	0.8953410945	0.908453346	0.9828935274
465.17	0.8956304969	0.9112874855	0.9826673279
465.59	0.8958766917	0.9127814862	0.982674137
466.01	0.8987751235	0.9175100067	0.9848666095
466.43	0.8979567929	0.9194669335	0.9840476258
466.85	0.9001337332	0.9216372484	0.9840125718
467.27	0.9009407973	0.9240807394	0.9859810174
467.69	0.901832706	0.9261366628	0.9869848109
468.11	0.9020031119	0.9282227792	0.9870115508
468.53	0.9031589164	0.9298896831	0.9870868682
468.95	0.9061607307	0.9314413928	0.9882671153
469.37	0.9058123246	0.9322938287	0.9869825904
469.79	0.9067876931	0.9342213368	0.9883312133
470.21	0.9102280686	0.9368863359	0.9908509531
470.63	0.9113622484	0.9393319371	0.9909597721
471.05	0.9122097912	0.9405625796	0.9897455199
471.47	0.9130616013	0.9426326777	0.9879376695
471.89	0.9140373849	0.9447871652	0.9881952691
472.31	0.9134191344	0.9449646173	0.9874924014
472.73	0.9151624085	0.9470137177	0.987784506
473.15	0.9152026337	0.9489484319	0.9868500708
473.57	0.9162520929	0.9518831325	0.9877832886
473.99	0.9159414035	0.9546696024	0.9884960158
474.41	0.917197936	0.9565641512	0.9883435727
474.83	0.9198345315	0.9606752613	0.988890946
475.24	0.9212692669	0.9623898907	0.9886611612
475.66	0.9224462324	0.9645383203	0.9894433541
476.08	0.9207491444	0.965518373	0.9874997301
476.5	0.9223027828	0.9679122245	0.9878974601
476.92	0.9227345607	0.9703749663	0.9880449884
477.34	0.9228726964	0.9718168613	0.9889899205
477.76	0.9247364906	0.9741340893	0.9903798222
478.18	0.9260993375	0.9761505347	0.9911414937
478.59	0.9267126163	0.9778247856	0.9921829011
479.01	0.9272194729	0.9793674446	0.9912935231
479.43	0.9287431041	0.9813824243	0.9924770337
479.85	0.928382047	0.9811267804	0.9916052595
480.27	0.9296310623	0.9804137592	0.9916560457
480.69	0.9313861654	0.9802039204	0.9920180287
481.1	0.9314993624	0.9796708059	0.9910638727
481.52	0.9315417047	0.978475284	0.9900422757
481.94	0.9312658372	0.9767968952	0.9885526763
482.36	0.9327309574	0.977762043	0.9886618481
482.78	0.9338148058	0.9784588615	0.9882272562
483.19	0.9360034435	0.9805201773	0.9889595698
483.61	0.9364580762	0.98069808	0.9888195531
484.03	0.9389714326	0.9817247346	0.9895724572
484.45	0.9387628323	0.9819299706	0.9880143667
484.86	0.9384980737	0.9814152397	0.9866650079
485.28	0.9391303936	0.9825381248	0.9867726203
485.7	0.9393939525	0.9817633977	0.9855737103
486.12	0.9404168089	0.9819455382	0.9866040353
486.53	0.9418742916	0.98293582	0.9860365532
486.95	0.9428992031	0.9843484847	0.984908505
487.37	0.9429367094	0.9859270538	0.9844445772
487.78	0.9430149193	0.9875547318	0.9849136257
488.2	0.9434837856	0.9877829086	0.9845761808
488.62	0.9445876428	0.9895145995	0.9848634864
489.03	0.9464028122	0.9908168135	0.9860609853
489.45	0.9475915286	0.9918307084	0.9871418704
489.87	0.9489364051	0.9936643312	0.989178116
490.28	0.9486305284	0.9927153157	0.9893421754
490.7	0.9507247364	0.9948864447	0.991692911
491.12	0.950814728	0.9940752156	0.9913838991
491.53	0.9527235391	0.9950601809	0.9921004497
491.95	0.9543745415	0.9964096549	0.9938382394
492.37	0.9565449033	0.9961872827	0.9943620185
492.78	0.9588285341	0.9979865736	0.996250153
493.2	0.9592099178	0.9989593213	0.9970898195
493.61	0.9599733123	0.9999999995	0.9985828669
494.03	0.9595727938	0.9994530442	0.9997307688
494.45	0.9598144448	0.9986898196	0.9999998082
494.86	0.9610134726	0.9979646652	0.9992190867
495.28	0.9621463477	0.9992352096	0.9993169657
495.69	0.9626853284	0.9986445492	0.9984240995
496.11	0.9644874384	0.9991208415	0.9979758458
496.52	0.9640342457	0.9980858469	0.9962267486
496.94	0.9640276321	0.9963356401	0.9945445476
497.36	0.9645653962	0.9954082261	0.9929531264
497.77	0.9642649681	0.9928687368	0.9907084254
498.19	0.9635509047	0.9927938736	0.9888679853
498.6	0.9638522307	0.9916632537	0.9878916612
499.02	0.9633362944	0.9893935232	0.9856195428
499.43	0.9623126691	0.9881919523	0.9853935071
499.85	0.9624148375	0.9865908137	0.9834484501
500.26	0.96252548	0.9848350146	0.9816138098
500.68	0.9622971956	0.9835076613	0.9802538312
501.09	0.9638361068	0.9831073621	0.9796601318
501.51	0.9653540634	0.983447687	0.9788166161
501.92	0.9656860124	0.9831927575	0.9775883205
502.33	0.9667518989	0.9835106943	0.9781283839
502.75	0.9677106812	0.9837017399	0.9781990668
503.16	0.9671148909	0.9831095874	0.9785874714
503.58	0.9681270564	0.983308344	0.9792953468
503.99	0.9675573673	0.9831147783	0.9794811653
504.41	0.9680255608	0.9829908552	0.9803619533
504.82	0.9699304561	0.9842528458	0.9817580236
505.23	0.9712178047	0.9848469496	0.9823297466
505.65	0.9710020546	0.9855136433	0.9817592878
506.06	0.9717943199	0.9873370283	0.9815606815
506.48	0.971209552	0.9878026283	0.980130162
506.89	0.969918762	0.9875251474	0.979173005
507.3	0.9711283757	0.9878299503	0.9793776926
507.72	0.971252355	0.9876822769	0.9786561504
508.13	0.9719169305	0.9880609368	0.9787439331
508.54	0.9722221921	0.9888893286	0.9801637358
508.96	0.9732420476	0.9892882451	0.9810407551
509.37	0.9736655872	0.9885386845	0.9797971792
509.78	0.9741710181	0.9885417645	0.9800707341
510.2	0.9743337869	0.9886690327	0.9788942844
510.61	0.9748330454	0.9888358563	0.9784890494
511.02	0.9761915235	0.9904083061	0.9777301217
511.44	0.9768082711	0.9919777178	0.9767890833
511.85	0.9755867558	0.9921040868	0.9745762545
512.26	0.9758403118	0.9920479977	0.9737057591
512.68	0.9766098562	0.9913794071	0.9729458765
513.09	0.9769337999	0.9903105272	0.9721202932
513.5	0.9791534274	0.9904102888	0.9725085994
513.91	0.9803709668	0.9903477599	0.9727988618
514.33	0.9806587048	0.9902443027	0.9716918826
514.74	0.9804242116	0.9899747279	0.9710093896
515.15	0.9800658928	0.9899561251	0.9698837606
515.56	0.980320041	0.9888286811	0.9680513202
515.98	0.980031597	0.9885391928	0.9672424247
516.39	0.9799031538	0.9884042227	0.9669515175
516.8	0.9795389485	0.9875758587	0.9655181645
517.21	0.9787502609	0.9862277258	0.9652245384
517.62	0.9780823047	0.9852065087	0.9637732772
518.04	0.9775660783	0.9833348174	0.9629777225
518.45	0.9773213694	0.982775313	0.9629993874
518.86	0.977285732	0.9819595053	0.9629840874
519.27	0.9779486363	0.981905118	0.9631827594
519.68	0.9784769481	0.98253609	0.9634868074
520.1	0.9789859844	0.9827823712	0.9633888156
520.51	0.9787259783	0.9818864609	0.9611414963
520.92	0.9795395328	0.981753705	0.9602103322
521.33	0.9788695116	0.9804274366	0.9581456303
521.74	0.979961136	0.9794843477	0.9567300112
522.15	0.980559224	0.9794601186	0.9563576879
522.56	0.9806682413	0.9790978463	0.955424102
522.97	0.9811624345	0.9786543141	0.95462434
523.39	0.9823355443	0.977634554	0.9537515231
523.8	0.9827451013	0.9768298004	0.9529566478
524.21	0.9834292766	0.9765932371	0.9511184658
524.62	0.9836062667	0.9762000359	0.9501144212
525.03	0.9838339932	0.9757710309	0.9484543105
525.44	0.9843680037	0.9752312353	0.9471803595
525.85	0.9849593442	0.9755907388	0.9461284755
526.26	0.9847540361	0.9750254387	0.9451889185
526.67	0.9846282224	0.9747818826	0.9447359564
527.08	0.9838866021	0.9738239337	0.9434790006
527.49	0.9841065926	0.9742126798	0.9434273542
527.9	0.9845364252	0.9749400765	0.9429812011
528.31	0.9854960924	0.9757532403	0.9432270976
528.72	0.9852643335	0.9759624467	0.941809685
529.13	0.9852357014	0.975766022	0.9401696716
529.54	0.9862865453	0.9762795108	0.9396447195
529.95	0.9866433495	0.9759608076	0.9382893167
530.36	0.9864497065	0.9763779958	0.936906214
530.77	0.9869904711	0.9781578103	0.9358250705
531.18	0.988671271	0.9789391263	0.9360087931
531.59	0.9897856772	0.9795474654	0.9356343603
532	0.9908197748	0.980086623	0.9353185343
532.41	0.9911184922	0.9795980431	0.9330887355
532.82	0.9917662167	0.978240635	0.9306097882
533.23	0.9921002822	0.9774365927	0.9278671341
533.64	0.9922673348	0.9759174021	0.9254034288
534.05	0.9936774711	0.97545704	0.9244417562
534.46	0.9941625536	0.9743226785	0.9235641267
534.87	0.993652666	0.9725858382	0.9220780511
535.28	0.993644044	0.9719680495	0.9214724595
535.68	0.9953251	0.9729873472	0.9228888387
536.09	0.9971753419	0.9743261685	0.9247513968
536.5	0.9980674766	0.9746224563	0.92491214
536.91	0.9988187213	0.9749854777	0.9250523594
537.32	0.9998922803	0.9751051049	0.9260960936
537.73	0.999441591	0.9732006322	0.9251939242
538.14	0.9991036372	0.9719688614	0.9238120106
538.54	0.9986822579	0.9706171026	0.9228733304
538.95	0.9983421033	0.9698923396	0.9221921253
539.36	0.9986785213	0.9701248671	0.9231710228
539.77	0.9990994934	0.9703394294	0.9234602443
540.18	0.9979540873	0.9690354071	0.9222729071
540.59	0.9977208378	0.9689027246	0.9209906489
540.99	0.9976760221	0.9684218804	0.9197331038
541.4	0.9973113568	0.9674347694	0.917564221
541.81	0.9986352395	0.9681878847	0.9164936246
542.22	1.0000002986	0.9688657205	0.915641764
542.63	0.9996337378	0.9666773653	0.9122415095
543.03	0.9989208717	0.9646077373	0.908837161
543.44	0.9975468052	0.9628456001	0.9060477039
543.85	0.9962074953	0.9608906576	0.9034235692
544.26	0.9945663287	0.958444113	0.9007078778
544.66	0.9945730764	0.9571492888	0.8990491296
545.07	0.9929496334	0.9557055247	0.8961946257
545.48	0.9917732406	0.9541243884	0.8933730709
545.89	0.9914105396	0.9523382074	0.8917458592
546.29	0.9910665326	0.9503215915	0.889267185
546.7	0.9898084678	0.9489995403	0.8871607751
547.11	0.9897759955	0.9482524028	0.8856035042
547.51	0.9896481729	0.9470696307	0.8843358926
547.92	0.989576546	0.9459696041	0.8827679584
548.33	0.9897500958	0.946182154	0.8821016188
548.73	0.989120111	0.9445150192	0.8810593091
549.14	0.9881848452	0.9425911063	0.8790926542
549.55	0.987353847	0.942051317	0.8772600733
549.95	0.9874170856	0.9407854527	0.8755264223
550.36	0.9870914516	0.9395381805	0.8733084936
550.77	0.9879374714	0.9394910899	0.8718650751
551.17	0.9883048611	0.9393936415	0.8699393032
551.58	0.9889208625	0.939613584	0.8693816567
551.98	0.9894439977	0.9395526679	0.8691657077
552.39	0.9901678202	0.9399028155	0.8686339264
552.8	0.9911740773	0.9399501765	0.8669890669
553.2	0.9927203537	0.9401254715	0.8662341517
553.61	0.9944268776	0.94030088	0.8653513073
554.01	0.9953837663	0.9407623337	0.8649310169
554.42	0.9961231566	0.9406067964	0.8630449998
554.83	0.9953091389	0.9399528131	0.8606096948
555.23	0.9946538871	0.938215787	0.8579554999
555.64	0.9932706876	0.936794852	0.8544654733
556.04	0.9932607241	0.9360343588	0.8525404795
556.45	0.9932105051	0.9349651371	0.8509884791
556.85	0.9919611576	0.9336280252	0.8488114366
557.26	0.9919622601	0.9331763614	0.8475119947
557.66	0.9920553451	0.9325457871	0.8455379093
558.07	0.9922444508	0.931274655	0.8426717776
558.47	0.9904821288	0.9287775941	0.8378536348
558.88	0.989643126	0.9267112254	0.8340914974
559.28	0.9891839037	0.9244500793	0.8300691317
559.69	0.9874660963	0.9222249548	0.8264996975
560.09	0.9845002347	0.9196409266	0.8215995398
560.5	0.982170784	0.9171551367	0.8175668161
560.9	0.9817852295	0.9152299035	0.8135838664
561.31	0.9812052251	0.9137709536	0.8102086262
561.71	0.9816134423	0.9126314289	0.806770159
562.12	0.9819449574	0.9125931138	0.8031885469
562.52	0.9829227584	0.9127909825	0.8003783999
562.92	0.9820042365	0.911271523	0.795778949
563.33	0.9811519035	0.9097736151	0.7920167497
563.73	0.9820770767	0.909701729	0.7890263977
564.14	0.9826966994	0.9093099341	0.7856954068
564.54	0.9822535812	0.9077859627	0.7817695803
564.94	0.9819694606	0.9071645625	0.7792130334
565.35	0.9830387244	0.9073031993	0.7768207667
565.75	0.9838705953	0.9072494642	0.7736002127
566.16	0.9837781393	0.9064263726	0.7701056578
566.56	0.9839965863	0.9059848136	0.7665630171
566.96	0.9847437407	0.9054639799	0.7636434057
567.37	0.986439872	0.9056092921	0.7607621462
567.77	0.986551549	0.9053439595	0.757727309
568.17	0.9861501886	0.9040967166	0.754508531
568.58	0.9857114443	0.9035535616	0.7510119136
568.98	0.9861388372	0.9032868556	0.7484347352
569.38	0.9868162183	0.9027854053	0.7461443304
569.79	0.9868176396	0.9027785444	0.7436555205
570.19	0.987394874	0.9027516864	0.7401641486
570.59	0.9859405628	0.900808547	0.7345286341
571	0.9849375372	0.8989842754	0.7293642979
571.4	0.9846042129	0.898421979	0.7254208157
571.8	0.9843210288	0.897900867	0.7205573564
572.2	0.9847977506	0.8977816473	0.7165229652
572.61	0.9847082094	0.8971568034	0.7116361807
573.01	0.9856497754	0.8967590634	0.7082916827
573.41	0.9856231473	0.8960456653	0.7039421298
573.81	0.9850747596	0.8949465092	0.6992258857
574.22	0.983237362	0.8926168567	0.6937006407
574.62	0.9821144427	0.8901557569	0.6879753357
575.02	0.9807677038	0.8883109146	0.682447398
575.42	0.9803365432	0.8868511518	0.6781787208
575.82	0.9789531424	0.8847321411	0.6731829422
576.23	0.9772843153	0.882690274	0.6675142061
576.63	0.9768398444	0.8806643211	0.6619460451
577.03	0.9763027271	0.8783313634	0.6576328675
577.43	0.9759242796	0.8760794982	0.6541676491
577.83	0.9749260049	0.874275567	0.6503961441
578.23	0.97390755	0.8721981607	0.6457430863
578.64	0.9731694957	0.8707185994	0.6413494251
579.04	0.9710695385	0.8681069264	0.6362070575
579.44	0.9701661162	0.8658021869	0.6318901755
579.84	0.9695517298	0.8642403578	0.6269121249
580.24	0.9689919984	0.8620742296	0.6223210526
580.64	0.9699291683	0.8610047093	0.6183366106
581.04	0.9698155928	0.8592449965	0.6142613929
581.45	0.9702960362	0.8582199828	0.611657216
581.85	0.970353695	0.8573631769	0.6086176306
582.25	0.9704596939	0.855785306	0.604989043
582.65	0.9706052075	0.85428386	0.6013395298
583.05	0.9698856353	0.8517117446	0.5975748899
583.45	0.9695224843	0.8500052959	0.5942936976
583.85	0.969040512	0.848625865	0.5900465236
584.25	0.9689928465	0.8477243904	0.5861748618
584.65	0.9689893274	0.8462286989	0.5825789077
585.05	0.9684732116	0.8440639111	0.5789956668
585.45	0.9672562277	0.8411047723	0.5748516871
585.85	0.9670834726	0.8390360421	0.5718426792
586.25	0.9657167959	0.8370093343	0.5682218296
586.65	0.9646699832	0.8344993511	0.5648594464
587.05	0.9642264783	0.8330761941	0.5618558692
587.45	0.9633841425	0.831326356	0.5592781301
587.85	0.9632215985	0.8310236259	0.5569367491
588.25	0.9626330885	0.8293183465	0.5533251821
588.65	0.9630722505	0.827535695	0.5505244341
589.05	0.9620883304	0.8260808484	0.5479180203
589.45	0.9612320534	0.8239388949	0.5451678579
589.85	0.9620447389	0.8226624032	0.5425343414
590.25	0.9621943704	0.8205914159	0.5399915344
590.65	0.9622212	0.8178752178	0.5376786319
591.05	0.9616461459	0.8153049565	0.5350442406
591.45	0.9603077486	0.8122019834	0.5322309273
591.85	0.9585385697	0.8089405533	0.5297254544
592.25	0.9576379832	0.8065935653	0.5279944746
592.65	0.9562927626	0.8034430276	0.526056503
593.04	0.9558580381	0.8008160036	0.525218103
593.44	0.9554128132	0.7984716661	0.5238031165
593.84	0.9552959414	0.796284327	0.5227354389
594.24	0.9538333733	0.7929140974	0.5213901299
594.64	0.9519562328	0.7881758573	0.5193476339
595.04	0.9497887118	0.7845184258	0.5177587403
595.44	0.9475670715	0.7802696287	0.5160179864
595.84	0.9453252642	0.7755899734	0.5141672556
596.23	0.9432241905	0.7709735117	0.5123264377
596.63	0.9408169984	0.7672575183	0.5105096784
597.03	0.9387943293	0.7628245653	0.5088186997
597.43	0.9366017805	0.7597396134	0.5075103245
597.83	0.9339675367	0.7557167174	0.5065722527
598.22	0.9332551764	0.7523851699	0.5056012924
598.62	0.9322734756	0.7485711332	0.5046096074
599.02	0.9314334527	0.7440809745	0.5036144742
599.42	0.9304974646	0.739961663	0.5026069892
599.82	0.9293134281	0.7361043293	0.501671891
600.21	0.9266690092	0.7310594897	0.5010578006
600.61	0.9233315408	0.7256291148	0.4995190564
601.01	0.9214816591	0.7211652522	0.4980363469
601.41	0.9198490614	0.7172234627	0.4972693968
601.8	0.9187746482	0.7129764456	0.4971416677
602.2	0.9169920056	0.7085323485	0.4971180182
602.6	0.9161288184	0.7043520298	0.4974348013
603	0.9139627772	0.6997374396	0.4975437173
603.39	0.9114096326	0.6940125601	0.4972121458
603.79	0.9085242804	0.6895204655	0.4972159385
604.19	0.9065058454	0.6844731486	0.4976030254
604.58	0.9047685368	0.6789544927	0.4973592509
604.98	0.9017505186	0.6732483885	0.4973936181
605.38	0.8999257099	0.668174893	0.4978091683
605.77	0.8969809065	0.6627121222	0.4976867923
606.17	0.8951273316	0.6575833039	0.4984447794
606.57	0.8926091832	0.6516913806	0.4982683909
606.96	0.8896490238	0.6462083051	0.4983144463
607.36	0.8878963967	0.6408851049	0.4993952681
607.76	0.8847722473	0.6352055771	0.5004117675
608.15	0.8822756084	0.6294562634	0.5016429897
608.55	0.8787782792	0.6235161584	0.501909947
608.95	0.8760510682	0.6180101945	0.5017914648
609.34	0.8725390846	0.6120202356	0.5014594618
609.74	0.8698313548	0.6067660309	0.5013443891
610.13	0.8677300483	0.6025004658	0.5021860987
610.53	0.865722526	0.597216281	0.5031228725
610.93	0.8619976611	0.5911661761	0.5031590137
611.32	0.8597167353	0.5862545376	0.5035848714
611.72	0.8566203964	0.580990041	0.5033848339
612.11	0.8528517382	0.5760014803	0.5029775873
612.51	0.8496707802	0.5713137153	0.5037899629
612.9	0.8460088937	0.567078541	0.5041677614
613.3	0.8424028794	0.5626221345	0.504873811
613.69	0.8397883612	0.5589698062	0.5056421872
614.09	0.8365380978	0.5550012798	0.5054091961
614.48	0.834151974	0.5515146706	0.505551284
614.88	0.83134142	0.5481440094	0.5052494328
615.27	0.8284257883	0.5447991825	0.5054008323
615.67	0.8252834035	0.5415722782	0.5065567955
616.06	0.8219328801	0.5392651886	0.5081311458
616.46	0.818702653	0.5366917042	0.5094037778
616.85	0.8148359934	0.5338099693	0.5105285168
617.25	0.8099198168	0.5316811399	0.511446906
617.64	0.8062552627	0.5305538916	0.5130749981
618.04	0.8017833221	0.5290914675	0.5146996591
618.43	0.7985508797	0.5281768042	0.5165893678
618.83	0.7950979354	0.5271432652	0.518486201
619.22	0.7914267959	0.5265545103	0.5197508319
619.62	0.7871756906	0.5259818479	0.5209073917
620.01	0.7826888445	0.5257165267	0.5222073013
620.4	0.7781366433	0.5256000536	0.5231469851
620.8	0.7736986775	0.52605622	0.5245883451
621.19	0.7690503108	0.5262679612	0.5252415475
621.59	0.7643003147	0.5272787089	0.5264163805
621.98	0.7603747055	0.5292186386	0.5282641326
622.37	0.7561249149	0.5317182707	0.5291739393
622.77	0.7526238447	0.533747427	0.5298242392
623.16	0.7490175896	0.5360084544	0.5311697331
623.55	0.745612392	0.5380397665	0.532320578
623.95	0.7428847982	0.5400875867	0.532794364
624.34	0.740571265	0.5430713381	0.533920215
624.73	0.7375238742	0.5463742931	0.5349103956
625.13	0.7339944173	0.5496694838	0.5359106608
625.52	0.7309350361	0.5536569364	0.5368156499
625.91	0.7286788881	0.5581103821	0.5384357373
626.31	0.7260549765	0.561786679	0.5392280721
626.7	0.72413555	0.5657745219	0.5400639161
627.09	0.7217474386	0.569589317	0.5405671224
627.49	0.7189535069	0.5728309489	0.5409011244
627.88	0.7159839211	0.5768010042	0.541343989
628.27	0.7138170095	0.580222434	0.541767016
628.66	0.7114814063	0.5834854724	0.5421462708
629.06	0.7094286868	0.5868896413	0.5425391647
629.45	0.707286064	0.5903789878	0.5431096698
629.84	0.7057758237	0.5943369163	0.5435793329
630.23	0.7041498297	0.5984920697	0.5445960142
630.63	0.7024773169	0.6023649484	0.5455705582
631.02	0.7015456557	0.605706574	0.5460843556
631.41	0.7011210892	0.6094403357	0.54715393
631.8	0.7005470494	0.6128637201	0.547998178
632.19	0.7004759108	0.6161668962	0.5491482697
632.59	0.6995245838	0.6184590603	0.5493248659
632.98	0.6990627484	0.6220007675	0.5501057855
633.37	0.6988165933	0.6257334537	0.551151032
633.76	0.6994790418	0.6299276749	0.5527818124
634.15	0.7011374619	0.6343750212	0.5544623003
634.54	0.7026487082	0.6376404147	0.5561126565
634.94	0.7037327	0.6411287463	0.5577953843
635.33	0.7056697174	0.6446477432	0.5583513758
635.72	0.7078992915	0.6483568805	0.5594741865
636.11	0.709962093	0.6524705053	0.5606572013
636.5	0.7113735376	0.6565039554	0.5615497099
636.89	0.713383317	0.6600313254	0.5616180157
637.28	0.7155261485	0.6639604607	0.5619777955
637.67	0.7165494293	0.6668638856	0.5614850286
638.06	0.7183753981	0.6702952951	0.5613051716
638.45	0.7207236071	0.6728288583	0.5607776027
638.85	0.7222844715	0.6749899916	0.5596006197
639.24	0.724387847	0.6781898077	0.5594854876
639.63	0.7271260741	0.680773061	0.5593400748
640.02	0.7307222151	0.6839891167	0.5603628121
640.41	0.7333677458	0.6866157949	0.5600283393
640.8	0.7353586279	0.6897326903	0.5597421653
641.19	0.7379561729	0.6935617627	0.5597169757
641.58	0.740815466	0.6970599373	0.5596293416
641.97	0.7439240584	0.7005448491	0.5603667908
642.36	0.7459576221	0.702563779	0.5608551492
642.75	0.7479278706	0.7043510994	0.5603594364
643.14	0.7502733271	0.7057315948	0.5603401153
643.53	0.7522557596	0.7070681008	0.5599181498
643.92	0.7551670281	0.7089281064	0.5601972402
644.31	0.7584849809	0.7112911832	0.5612441659
644.7	0.760647818	0.7127461577	0.5614226139
645.09	0.7625447617	0.7148320332	0.561653788
645.48	0.7644090742	0.71725352	0.5618788966
645.87	0.7666361657	0.7186048557	0.5614864694
646.26	0.7683127315	0.7194141981	0.561006621
646.65	0.7692744569	0.7196376395	0.5593841214
647.03	0.7707245027	0.7202008816	0.5590469043
647.42	0.7731032691	0.720894604	0.558557262
647.81	0.7750918461	0.7214600066	0.5581093683
648.2	0.7766676829	0.7220695722	0.5573697539
648.59	0.7772938098	0.722100951	0.5562309211
648.98	0.7795546453	0.7237497491	0.5556360157
649.37	0.7814397237	0.7244605127	0.5551115891
649.76	0.7835619191	0.7255556726	0.5545920077
650.15	0.7847452962	0.7265313515	0.5544449657
650.53	0.7858231528	0.7268141406	0.5538819851
650.92	0.7857156329	0.7265465652	0.5523200622
651.31	0.7858382562	0.7262051565	0.5509367686
651.7	0.7874990664	0.7274502389	0.5507678985
652.09	0.7898738867	0.728305911	0.5510003771
652.48	0.7912612866	0.7296432668	0.5508923732
652.86	0.7931402744	0.7316723227	0.550813274
653.25	0.7946831671	0.7333512151	0.5505140698
653.64	0.7963562657	0.7352153727	0.5506298087
654.03	0.7970491689	0.73598265	0.5510067979
654.42	0.7984942031	0.7368733733	0.550814174
654.8	0.8002004076	0.7377598487	0.5506930328
655.19	0.8009630114	0.7380102762	0.550057025
655.58	0.8009036397	0.7374043475	0.5489320259
655.97	0.8018128218	0.737816334	0.5484283469
656.36	0.8021756995	0.7382517806	0.5478774252
656.74	0.8033873781	0.7396342144	0.5471706588
657.13	0.8034935933	0.7403639895	0.5455340044
657.52	0.8050243906	0.7417284018	0.5454941743
657.9	0.8071631758	0.743436265	0.5455881804
658.29	0.8082343207	0.7441259331	0.5457230554
658.68	0.8084493094	0.7446919018	0.5451290857
659.07	0.8098165152	0.7454402786	0.5450657767
659.45	0.8111064385	0.7460041185	0.545233989
659.84	0.812469827	0.7457986786	0.5453173184
660.23	0.813503063	0.7460904293	0.5447754997
660.61	0.8144637355	0.7461272417	0.5434622758
661	0.8148458746	0.7464550993	0.5431345803
661.39	0.8158070397	0.747763811	0.543255763
661.77	0.8162972621	0.7480342277	0.5431734951
662.16	0.8169961011	0.7485430615	0.5424863349
662.55	0.8167748052	0.7484791597	0.5415030282
662.93	0.8165947312	0.747948795	0.5401410496
663.32	0.8170124381	0.7473170096	0.5389245541
663.7	0.8171861519	0.7464694276	0.5382736123
664.09	0.8174656458	0.7456134201	0.5368757243
664.48	0.816801703	0.7444760488	0.5357375086
664.86	0.816298994	0.742805555	0.5332808899
665.25	0.8166558556	0.7422403945	0.5321441989
665.63	0.8157271431	0.7411406022	0.5304220026
666.02	0.8146094163	0.7397615801	0.5287465003
666.41	0.8132234165	0.739038144	0.526834358
666.79	0.8116640023	0.7375001476	0.5251989115
667.18	0.8109064204	0.7370789669	0.5248151738
667.56	0.8099927088	0.7358273084	0.5230720284
667.95	0.8084941267	0.7333937731	0.5209272081
668.33	0.8082505846	0.7322959114	0.5194891664
668.72	0.8079004451	0.7310342854	0.5182575565
669.1	0.8085002951	0.7296408239	0.5171213201
669.49	0.8087149122	0.7285459729	0.516498138
669.87	0.8088241418	0.7279749032	0.5162721104
670.26	0.8091004213	0.7276063307	0.5160391196
670.64	0.8089266898	0.7271688996	0.5156543965
671.03	0.810110224	0.7273079103	0.5151618141
671.41	0.8102092814	0.727860898	0.5155725166
671.8	0.8104119617	0.7278065396	0.515871815
672.18	0.8104064789	0.7270845732	0.5156095559
672.57	0.8107682284	0.7268481535	0.5154121674
672.95	0.8111902222	0.7271254734	0.5150905529
673.34	0.8115323766	0.7268715055	0.5148888506
673.72	0.8109710664	0.7262856825	0.5135839864
674.1	0.810281396	0.7256949786	0.5132516392
674.49	0.8098448699	0.7255487152	0.5131131603
674.87	0.8096831508	0.726012774	0.5127689553
675.26	0.8097621802	0.7266526963	0.512642879
675.64	0.8088376816	0.7270793616	0.5128463226
676.02	0.8085372963	0.7272684912	0.5122694491
676.41	0.807717446	0.7263472184	0.5111132425
676.79	0.8078306779	0.7263334569	0.5098477153
677.17	0.8071134489	0.7259685395	0.5087014052
677.56	0.8050222035	0.7248804056	0.5074628718
677.94	0.8041999835	0.7238448969	0.5056596261
678.33	0.8024492021	0.7224499123	0.5032616405
678.71	0.801850231	0.7217292	0.5014394026
679.09	0.8001656857	0.7199320411	0.4992984786
679.48	0.7986357827	0.7181039926	0.4974210103
679.86	0.7974166187	0.7168092415	0.4953746954
680.24	0.7965671302	0.7148592338	0.494163413
680.62	0.7949251955	0.7126563809	0.4923804598
681.01	0.793268038	0.7102389571	0.4908067077
681.39	0.7906846968	0.7067890476	0.489519313
681.77	0.7875223429	0.7032277085	0.4874028331
682.16	0.784963432	0.6999994497	0.4847291685
682.54	0.7827329434	0.6975490978	0.4829784661
682.92	0.7807195731	0.6949966194	0.4817582531
683.3	0.7786612225	0.6927147386	0.4811440358
683.69	0.7758413975	0.6903582697	0.4797904707
684.07	0.7738992626	0.6879317215	0.4785597802
684.45	0.7711847393	0.6858497186	0.4780056206
684.83	0.7692049857	0.6837840535	0.477174328
685.21	0.7669098282	0.6819887141	0.4761282038
685.6	0.7660820044	0.6811489565	0.4755144526
685.98	0.7642456426	0.6793052866	0.4750456462
686.36	0.7629803166	0.6776138348	0.4743852905
686.74	0.7606819485	0.6759961085	0.4728878003
687.12	0.7594744226	0.6746383859	0.472276881
687.51	0.7577230571	0.6731651976	0.471530499
687.89	0.7560671508	0.6719150227	0.4705646638
688.27	0.7545013653	0.6710676866	0.4704993337
688.65	0.7532223088	0.6707411441	0.4707879599
689.03	0.7511292342	0.669462863	0.4710405934
689.41	0.7485428485	0.6685968732	0.4707286145
689.79	0.7459430396	0.6670629603	0.4703731279
690.18	0.7445872584	0.6658417885	0.4704494956
690.56	0.7440047195	0.6656555503	0.4704046314
690.94	0.7426214907	0.6642089244	0.4696898018
691.32	0.7406061827	0.6627531412	0.469509166
691.7	0.738998153	0.6610603074	0.4699582456
692.08	0.7356815111	0.65854243	0.46996926
692.46	0.7325038244	0.6559043425	0.4695721957
692.84	0.7292536549	0.6534082895	0.4690462227
693.22	0.7269246397	0.6505259624	0.4690544709
693.6	0.7241553223	0.6476824347	0.4687631576
693.98	0.7208529139	0.6449129069	0.4682894556
694.36	0.7187283614	0.6432260906	0.4679382153
694.74	0.7170735902	0.6410096734	0.4676005843
695.12	0.7141971759	0.6378099528	0.4666981434
695.5	0.7117192692	0.6348476924	0.4659184663
695.88	0.7093493079	0.6319255054	0.4653481687
696.26	0.7064277128	0.6288335573	0.464538933
696.64	0.7038925649	0.6262891364	0.4637232452
697.02	0.6999050686	0.6225694381	0.4631364775
697.4	0.6962749132	0.6195899541	0.46292128
697.78	0.6924228416	0.6157750455	0.4619218398
698.16	0.6888141043	0.6119845876	0.4606548018
698.54	0.685314234	0.6088111315	0.4595286406
698.92	0.6823335391	0.6059105998	0.4591813499
699.3	0.6796097948	0.6036109105	0.4586075981
699.68	0.6764253982	0.6018581328	0.4584299544
700.06	0.6738395814	0.6005498693	0.4586841892
700.44	0.6718357403	0.5990092096	0.4594651238
700.82	0.6691477016	0.5970544071	0.4597292177
701.2	0.6662370969	0.594572759	0.4598327657
701.58	0.6633117252	0.5931755171	0.4608826681
701.96	0.6604951785	0.5915185403	0.4613479751
702.33	0.6570984944	0.5893464656	0.4621494938
702.71	0.6542447826	0.5877321353	0.463243872
703.09	0.6510018961	0.585358797	0.4641191377
703.47	0.6478485192	0.5834196904	0.4640328085
703.85	0.6460232488	0.5814362955	0.4643918204
704.23	0.6442702939	0.5803687381	0.4656348921
704.61	0.6419464735	0.5793712468	0.4667917112
704.98	0.6397806687	0.5779596169	0.4674062092
705.36	0.6376366887	0.576772544	0.4683321204
705.74	0.6348465051	0.5742207656	0.4694107173
706.12	0.6317409127	0.5711095807	0.4698666319
706.5	0.6280785763	0.5680089402	0.4695991492
706.88	0.6246105474	0.5648649711	0.4692117546
707.25	0.6209825871	0.5612981582	0.4694327166
707.63	0.6173688373	0.5584612569	0.4695586563
708.01	0.6149233864	0.5551212083	0.4690297077
708.39	0.6115825458	0.5513731479	0.4689121297
708.76	0.6089004951	0.5485607374	0.4686634583
709.14	0.6067433552	0.5457364499	0.4687443448
709.52	0.6046827358	0.5432686542	0.4687763207
709.9	0.6024701155	0.5407291717	0.4692887594
710.27	0.599698519	0.5382985678	0.4695725044
710.65	0.5972036882	0.5351969031	0.4695597931
711.03	0.5952776844	0.5330212916	0.4705207357
711.41	0.5938285808	0.5310606583	0.4723258508
711.78	0.5925674702	0.5294729584	0.4729302046
712.16	0.5911342753	0.5275890709	0.473016076
712.54	0.5898422317	0.526092321	0.4736289854
712.91	0.5884787524	0.524043388	0.4738421718
713.29	0.5864588988	0.5218780875	0.4736258498
713.67	0.5849571337	0.5199129755	0.4727787322
714.04	0.5831926294	0.5181112383	0.4720483894
714.42	0.5815130581	0.5165223618	0.472111277
714.8	0.5812632132	0.5160903215	0.4718380841
715.17	0.5806688502	0.5154760301	0.4719039304
715.55	0.5799164496	0.51511218	0.4714228554
715.93	0.5790942825	0.5139449385	0.4711040846
716.3	0.578352084	0.5128625851	0.4713124906
716.68	0.5777165396	0.5120894931	0.4720215541
717.05	0.5771370156	0.5114162363	0.4726071504
717.43	0.5759974019	0.5104136982	0.4727873749
717.81	0.5749885638	0.5091769622	0.4724256129
718.18	0.573497737	0.5071564545	0.4726161307
718.56	0.57156027	0.5054205254	0.4728577561
718.93	0.5709598292	0.5045605414	0.4735962365
719.31	0.5706656175	0.5040390916	0.4749156039
719.68	0.5710534976	0.5041412361	0.4766005064
720.06	0.5716022543	0.5052793006	0.4788375291
720.43	0.5727569635	0.506208421	0.4802263587
720.81	0.5731704181	0.5067321699	0.4813200654
721.19	0.5730092049	0.5069176095	0.4827490529
721.56	0.5724147013	0.5067200597	0.484099643
721.94	0.5714527566	0.5062229874	0.4850436484
722.31	0.5694957615	0.5053206516	0.485884236
722.69	0.5686761779	0.5044561875	0.4870343118
723.06	0.5677616677	0.503972213	0.4877904713
723.43	0.5664072182	0.5035731641	0.4881232347
723.81	0.5657391206	0.502515019	0.4881756547
724.18	0.5648212093	0.5022666132	0.4881905853
724.56	0.5644691191	0.5026260931	0.4882984122
724.93	0.5650879658	0.5034707342	0.4894055065
725.31	0.5652255627	0.5042310019	0.490223257
725.68	0.564745988	0.5048425257	0.4906655944
726.06	0.5652256609	0.504797424	0.4906944488
726.43	0.5651185685	0.5036219057	0.4904291249
726.8	0.5649389174	0.5032988111	0.491401553
727.18	0.565029687	0.5031231819	0.4925164618
727.55	0.5644310074	0.5023513159	0.4927733116
727.93	0.5649393898	0.5022371608	0.4928149025
728.3	0.5657778618	0.501623888	0.492946118
728.67	0.5677465696	0.5022107017	0.4937186305
729.05	0.5691211928	0.5028946329	0.4942441256
729.42	0.5707397084	0.5029866814	0.494563019
729.8	0.5722583526	0.5041267501	0.4953446955
730.17	0.5736395677	0.5063708391	0.4963609089
730.54	0.5752270552	0.5075807753	0.4977119317
730.92	0.5764470574	0.5088053128	0.4988450448
731.29	0.5780316327	0.5104309072	0.4997130175
731.66	0.5792954374	0.511880537	0.500335649
732.03	0.5814501418	0.5135142484	0.5012112949
732.41	0.582538622	0.51559278	0.5022386783
732.78	0.5835826498	0.5180110791	0.5036064961
733.15	0.5857187424	0.5194834174	0.5043599491
733.53	0.588381142	0.5216443804	0.5051888695
733.9	0.5916360622	0.5243868005	0.5064219608
734.27	0.5945695613	0.5266414488	0.5077950729
734.64	0.597334218	0.529392295	0.5091127207
735.02	0.6007334006	0.5328233444	0.5112808377
735.39	0.6033865113	0.5356434289	0.5126927803
735.76	0.6062533846	0.5385925411	0.5143286571
736.13	0.6089628989	0.5406876352	0.5149855944
736.51	0.6106765003	0.5414285445	0.515253179
736.88	0.6126970297	0.5431583407	0.5154628037
737.25	0.614811863	0.5446300106	0.5157139648
737.62	0.6167972647	0.5455169492	0.5155301105
737.99	0.6192455964	0.5471084142	0.515789253
738.37	0.6216005764	0.5487849812	0.5159863741
738.74	0.6239373864	0.5502220494	0.5164827575
739.11	0.6260758419	0.5516872269	0.5165094369
739.48	0.6267390618	0.5531260141	0.5166124795
739.85	0.6269316796	0.5542408054	0.5162066795
740.22	0.6274515225	0.5553584028	0.5160932493
740.6	0.6278866571	0.5567644602	0.5158102527
740.97	0.6287379187	0.5582349078	0.5163279325
741.34	0.6288200446	0.5584264739	0.5156701657
741.71	0.6297209926	0.5590574387	0.5151083001
742.08	0.6302747142	0.5600769863	0.5143322253
742.45	0.6312297068	0.5604545414	0.5148122934
742.82	0.632640311	0.5618351217	0.5146837496
743.19	0.6341429441	0.5633528762	0.5151782101
743.56	0.636108572	0.5653108146	0.5156865416
743.94	0.6369015875	0.5663368804	0.5165375581
744.31	0.6376961977	0.5667617339	0.5173653166
744.68	0.6377919378	0.56726479	0.5178163399
745.05	0.6384308633	0.5680113084	0.5180420919
745.42	0.6388413652	0.568579174	0.5181295215
745.79	0.640203592	0.5692021796	0.5187102571
746.16	0.6413394304	0.5692100316	0.5187726142
746.53	0.6427882488	0.5699942869	0.519455662
746.9	0.6442045379	0.5705267655	0.5199848353
747.27	0.6448475564	0.570371739	0.5190517137
747.64	0.6461183167	0.5713487481	0.5188706262
748.01	0.6475986715	0.5727569423	0.519218728
748.38	0.6492965045	0.5736991988	0.5198759275
748.75	0.651049735	0.5760221659	0.5196847368
749.12	0.6522308539	0.5775673517	0.5196812352
749.49	0.6529628328	0.5793432627	0.519229849
749.86	0.6525827769	0.5800459604	0.5188780765
750.23	0.6545230575	0.5822332361	0.5183742255
750.6	0.6560124736	0.5834254893	0.5180929616
750.97	0.6583335039	0.584609963	0.5178689592
751.34	0.6604416429	0.5867746158	0.51829059
751.7	0.6632759633	0.589106821	0.5192147083
752.07	0.6654739031	0.5920787137	0.5200585652
752.44	0.6677565288	0.5950837862	0.5212275572
752.81	0.6705230133	0.5974196741	0.5215600726
753.18	0.6726099383	0.5992754045	0.5220596169
753.55	0.6749538902	0.6019354207	0.5239423408
753.92	0.6762642878	0.6036927725	0.5240258218
754.29	0.6775756743	0.6055129965	0.5243830687
754.66	0.6780753464	0.6070986279	0.5242116577
755.02	0.6793658648	0.6084988004	0.5248418054
755.39	0.6812562108	0.610251068	0.5260680947
755.76	0.682788412	0.6112054003	0.5268620891
756.13	0.6863110342	0.6134722783	0.5283608594
756.5	0.6877428275	0.6146660057	0.5298474815
756.87	0.6887387102	0.6162199345	0.530007181
757.23	0.6887321073	0.6173692321	0.5304505621
757.6	0.6893812735	0.6175465838	0.531088589
757.97	0.6900251865	0.617719452	0.5316683475
758.34	0.6896478467	0.6174492628	0.5319101172
758.71	0.6901456228	0.6174972501	0.5323816823
759.07	0.6893865844	0.6177571981	0.5327983726
759.44	0.6899118583	0.6185604225	0.5334949372
759.81	0.6907906629	0.6193471252	0.5331811664
760.18	0.6914051879	0.62066105	0.5348948465
760.54	0.6914191851	0.6213971078	0.5356296692
760.91	0.6929388761	0.6225643639	0.5366142611
761.28	0.6939949982	0.6236355171	0.5370206828
761.65	0.694461215	0.623968079	0.5363585354
762.01	0.6962796596	0.6251545711	0.5367276239
762.38	0.6965502853	0.6257548411	0.5364144319
762.75	0.697110467	0.6274466716	0.5368476578
763.11	0.6987670621	0.6301320391	0.5377612631
763.48	0.70160378	0.6335606862	0.5387647136
763.85	0.7035226877	0.6367246743	0.5389609563
764.21	0.7050447958	0.6391827997	0.538474666
764.58	0.7073039597	0.6412598402	0.5381737712
764.95	0.7093278148	0.6443376256	0.5384003601
765.31	0.7112831766	0.6465745017	0.5381119078
765.68	0.7119291687	0.6481083024	0.5369540725
766.05	0.7124138222	0.6495617356	0.5377001638
766.41	0.7139206807	0.6508473583	0.5372370926
766.78	0.7160556197	0.6524720831	0.5368342052
767.14	0.7172038869	0.6543314361	0.5362090396
767.51	0.7190965677	0.656617007	0.5366379269
767.88	0.7208008053	0.6591578347	0.5378646643
768.24	0.72278681	0.6620921926	0.5389906345
768.61	0.7251561788	0.6648332753	0.5398577698
768.97	0.7271532766	0.6675844396	0.5404805879
769.34	0.728333226	0.6693398042	0.5407817826
769.71	0.7280486741	0.6691049838	0.5408611399
770.07	0.7284612566	0.6692549619	0.5410491239
770.44	0.7314471356	0.6713677261	0.5422707864
770.8	0.7320870447	0.6722245068	0.5419852915
771.17	0.7322401648	0.6726659606	0.5416610264
771.53	0.7330629767	0.6731588734	0.5419866896
771.9	0.7353750135	0.6744678162	0.5431535199
772.26	0.7376104358	0.6757268166	0.5432650208
772.63	0.7391536001	0.6773386689	0.5437157986
772.99	0.7404708769	0.6792873065	0.5445735082
773.36	0.7403868817	0.6791964543	0.5451833773
773.72	0.740064132	0.678285509	0.5447356208
774.09	0.7404355626	0.6787012083	0.5449446042
774.45	0.7394211291	0.6776195427	0.5452568315
774.82	0.7381642626	0.6762220948	0.5454441524
775.18	0.738510605	0.675013518	0.5457838938
775.54	0.7368218771	0.6735148609	0.5457779923
775.91	0.7377851207	0.6737435911	0.5461848541
776.27	0.7389983622	0.6739852496	0.5459120822
776.64	0.7364378642	0.6736773826	0.5451781805
777	0.7365014501	0.6745993746	0.5464303221
777.37	0.7371145467	0.6751653527	0.5473427324
777.73	0.7382212218	0.6761298736	0.5475997965
778.09	0.7378619213	0.6763711602	0.5477412331
778.46	0.7362525541	0.6761185269	0.5470844134
778.82	0.7364493827	0.6756541603	0.5471155219
779.19	0.7367364239	0.674775567	0.5475279915
779.55	0.7377920268	0.6757320943	0.54785426
779.91	0.7382657425	0.677491658	0.5484451797
780.28	0.738155701	0.6773506058	0.5479805756
780.64	0.7383390601	0.6780828286	0.5463587575
781	0.7391234669	0.6794512521	0.54514798
781.37	0.7393224728	0.6802772896	0.5445319541
781.73	0.7422383418	0.682163856	0.5450085488
782.09	0.7437754606	0.6845479346	0.5461821767
782.45	0.7426781283	0.6870522198	0.546743644
782.82	0.7443407234	0.6882289945	0.5477652092
783.18	0.7453188747	0.6892712517	0.5481345765
783.54	0.7458342456	0.6897029807	0.5491074038
783.91	0.74504948	0.6901126189	0.5502676741
784.27	0.7454361295	0.6917579942	0.5517522199
784.63	0.7473328418	0.6936694476	0.5534720717
784.99	0.7479371182	0.6955350622	0.5546606744
785.36	0.748491445	0.697643272	0.5549922644
785.72	0.7490853496	0.698870934	0.5549675691
786.08	0.7496806097	0.6997497704	0.5557263377
786.44	0.7516478093	0.7024296367	0.5571750116
786.81	0.7533235933	0.7042156585	0.5584727655
787.17	0.7538101903	0.7060002547	0.5594187943
787.53	0.7530764818	0.7061269081	0.5590048568
787.89	0.7512398448	0.7052029871	0.5576347749
788.25	0.7501607107	0.7035494943	0.5553946149
788.61	0.7505922766	0.7017437639	0.5539964625
788.98	0.750134936	0.7005302621	0.5537305167
789.34	0.7507295395	0.6996660564	0.5527221322
789.7	0.7505724027	0.7000648913	0.5510667385
790.06	0.7514165914	0.7000778429	0.5503491291
790.42	0.7517335412	0.6991430439	0.5489806061
790.78	0.752620726	0.6994805261	0.5487141771
791.14	0.7527702524	0.699443269	0.5474717271
791.51	0.7523992177	0.6990357069	0.5462120545
791.87	0.7519109405	0.6999218	0.5468096256
792.23	0.7521859635	0.6998465941	0.5462133105
792.59	0.7516042328	0.6998234843	0.5451726271
792.95	0.7504828871	0.6981701393	0.5446630721
793.31	0.7520793118	0.6980235492	0.5461059974
793.67	0.7528770521	0.6985616823	0.5476014826
794.03	0.753565753	0.6991596668	0.5491987036
794.39	0.7535406539	0.7005498355	0.5508975378
794.75	0.7544815793	0.702266971	0.5535083065
795.11	0.7547237148	0.7027089368	0.5543741062
795.47	0.752896926	0.7025059252	0.5559865527
795.83	0.7513674333	0.7018922269	0.5568895345
796.19	0.7498908188	0.7025137155	0.5571856718
796.55	0.7490414882	0.7030209323	0.558187377
796.91	0.7474322367	0.7028780719	0.5586011201
797.27	0.7464645485	0.7032959262	0.5599221195
797.63	0.7459587999	0.7043338273	0.5619506489
797.99	0.7459013725	0.7038468765	0.5626099448
798.35	0.744552537	0.703160586	0.5642478963
798.71	0.7433340881	0.7015360456	0.5653061817
799.07	0.7430759095	0.7027160286	0.5663471468
799.43	0.7405764538	0.7016943963	0.5660310413
799.79	0.7397807831	0.7010274136	0.5653066262
800.15	0.7395887666	0.700846356	0.5651705381
800.51	0.7386612581	0.7001484292	0.5660200138
800.87	0.7373779091	0.699304197	0.5662254573
801.23	0.7363171694	0.7004655419	0.5664288368
801.59	0.7373260293	0.7018998831	0.5666275622
801.95	0.7377058039	0.7023978992	0.5671467307
802.31	0.7368499551	0.7007418826	0.5663611895
802.66	0.736095356	0.7002814457	0.5655458265
803.02	0.7354830475	0.6996778352	0.5652530055
803.38	0.7340499688	0.6985136825	0.5644863932
803.74	0.7323651103	0.696161863	0.5632504995
804.1	0.731919305	0.6956215419	0.5626833664
804.46	0.7313659798	0.6952839068	0.5616675537
804.82	0.7317667634	0.6959817053	0.5617722828
805.17	0.7322285413	0.6957114787	0.5621428977
805.53	0.732738172	0.6969605785	0.5623627026
805.89	0.7319602035	0.6975828032	0.5629641184
806.25	0.730685198	0.697779867	0.5629008926
806.61	0.7298520793	0.6983384708	0.5619337397
806.97	0.7295283685	0.698313653	0.5606812228
807.32	0.7293093165	0.6967689254	0.5596155561
807.68	0.7292643837	0.6969175038	0.5595011032
808.04	0.7295785209	0.6973143708	0.5597255909
808.4	0.7308955579	0.6986025077	0.5608076562
808.75	0.7322580811	0.6995823454	0.5616249258
809.11	0.7333868718	0.7014346287	0.5625611263
809.47	0.7346561798	0.703066968	0.5641294105
809.83	0.7356081173	0.7051927177	0.565817867
810.18	0.736812839	0.7065808306	0.5679318944
810.54	0.7383322107	0.7096411112	0.5699502464
810.9	0.7388594711	0.7105989861	0.570970947
811.25	0.738551611	0.7116233502	0.5709011167
811.61	0.7397425519	0.7116208703	0.571476713
811.97	0.7412828562	0.7120617607	0.572324582
812.33	0.7427259608	0.7127757368	0.5732468666
812.68	0.7445906767	0.7131357135	0.5735819147
813.04	0.7455173289	0.7135553805	0.5733853548
813.4	0.746209554	0.7146822619	0.574300257
813.75	0.7469889905	0.714685718	0.5746726704
814.11	0.7472859108	0.7149563148	0.574705284
814.46	0.7465927806	0.7145871258	0.5747034633
814.82	0.7457121454	0.7138152965	0.5744186315
815.18	0.7441249861	0.711513535	0.5728262963
815.53	0.742816348	0.7106148246	0.5716884682
815.89	0.7419877678	0.709434688	0.5705804697
816.25	0.7390452199	0.7072520477	0.5683904253
816.6	0.7363871437	0.704051451	0.5656535415
816.96	0.7353554094	0.7035437179	0.5638065604
817.31	0.7336019766	0.7017614821	0.5628246185
817.67	0.7311131144	0.7007513697	0.5616031988
818.02	0.7299674287	0.7005487044	0.561455733
818.38	0.7281857672	0.6999490309	0.5598538048
818.74	0.7258028917	0.6984752927	0.5587751223
819.09	0.7241964783	0.6976021029	0.5587929675
819.45	0.7234743745	0.6979063135	0.5585899126
819.8	0.7212125696	0.6970448808	0.5572491573
820.16	0.7207272436	0.6966429572	0.5568235645
820.51	0.720426212	0.6977426892	0.5573709388
820.87	0.7195900605	0.6975025104	0.5577367387
821.22	0.72061824	0.6989908158	0.5594822794
821.58	0.7209781689	0.6985120732	0.5595598708
821.93	0.7225088384	0.6988760821	0.5599503411
822.29	0.7242387952	0.7004541505	0.5599246682
822.64	0.7255478083	0.7006525119	0.559921541
823	0.7254863709	0.7003024445	0.5600680754
823.35	0.7265176599	0.7009844593	0.5604263329
823.7	0.7273689193	0.7013307768	0.5603009565
824.06	0.7286944097	0.7013661808	0.5597703822
824.41	0.7295164289	0.7015301778	0.5615785121
824.77	0.732254689	0.7027772841	0.5628165268
825.12	0.7349120414	0.7045281704	0.5633478443
825.48	0.7352742123	0.7049292394	0.5629675702
825.83	0.736798084	0.7066406721	0.564227914
826.18	0.7379672368	0.7074480646	0.5652289662
826.54	0.7387329399	0.7070955655	0.5649525732
826.89	0.7400901788	0.7083376336	0.5659165385
827.24	0.7397946099	0.7082048905	0.5659175314
827.6	0.7401809776	0.7079356578	0.5664707821
827.95	0.7405026489	0.7082203681	0.5668112116
828.31	0.7401355207	0.7084883829	0.5678048136
828.66	0.739108244	0.7089110107	0.5687512037
829.01	0.7388900418	0.7087482877	0.5686767238
829.37	0.7388569136	0.7093990186	0.5691711403
829.72	0.7379843017	0.7089797169	0.5693353774
830.07	0.7357534616	0.7095000964	0.5686139884
830.42	0.7355122049	0.709316024	0.5677333292
830.78	0.7337805061	0.7092874798	0.5670424895
831.13	0.7302830732	0.7071169471	0.5659001957
831.48	0.7285122305	0.7055225724	0.5651521347
831.84	0.7267588736	0.7035506037	0.5645922812
832.19	0.7243276977	0.7020038025	0.5629746161
832.54	0.7230324493	0.7021058799	0.5630514034
832.89	0.7229307599	0.7012271502	0.5625524032
833.25	0.7227257815	0.7010546299	0.5617700993
833.6	0.7215292508	0.7013246872	0.5615297613
833.95	0.7198185403	0.7008672561	0.5612776678
834.3	0.7195443911	0.7002319294	0.5615320609
834.65	0.7200075199	0.6998176142	0.5618075277
835.01	0.7202008659	0.6993748548	0.5629970226
835.36	0.7215227694	0.6993558852	0.5643612211
835.71	0.7228501837	0.6996150731	0.5662096084
836.06	0.7236739131	0.6982404192	0.567628416
836.41	0.7241394547	0.6973661341	0.5674478795
836.77	0.7248489088	0.6962453227	0.5684286283
837.12	0.725559821	0.6965643301	0.5700149835
837.47	0.7275612917	0.6970202511	0.5721241501
837.82	0.7293099264	0.6966004904	0.5731251335
838.17	0.7302668091	0.6961706841	0.5741933438
838.52	0.7301827446	0.69421213	0.5738693647
838.87	0.7289224161	0.6930892779	0.5733074504
839.23	0.7274508828	0.6917699258	0.5735955813
839.58	0.7280897298	0.6909323892	0.5729874928
839.93	0.7281940939	0.6897502302	0.5729116403
840.28	0.727139676	0.6876487672	0.5720258407
840.63	0.728210635	0.6865663245	0.5733483272
840.98	0.7266036186	0.6853899595	0.5730684109
841.33	0.7233983031	0.682070223	0.5718818071
841.68	0.7226635412	0.6810512891	0.5706074374
842.03	0.7237630201	0.681669876	0.5694522967
842.38	0.7241262872	0.6815285689	0.5693030377
842.73	0.7239770544	0.681446748	0.5688537701
843.08	0.7247942754	0.6818328754	0.5696241919
843.43	0.7258265778	0.6824263289	0.5701652375
843.78	0.7255797009	0.6828058124	0.5697346988
844.13	0.7250998437	0.6825833382	0.5693221001
844.48	0.7266917248	0.6841551507	0.5699312222
844.83	0.7275541822	0.6851775296	0.5705809647
845.18	0.7285549504	0.6858744405	0.5705518603
845.53	0.7273341539	0.685594251	0.5702487531
845.88	0.7264870697	0.6850321253	0.5694960521
846.23	0.727157574	0.6853407481	0.5695120088
846.58	0.7271929354	0.6872088787	0.5692408508
846.93	0.7295620436	0.68874718	0.5703812943
847.28	0.7326936968	0.6906447683	0.5716153306
847.63	0.733778844	0.690964228	0.5731642109
847.98	0.733044558	0.6899691518	0.5744570525
848.33	0.7338922553	0.6908606622	0.5763298653
848.68	0.7339980656	0.6900442515	0.5764885039
849.03	0.7347518503	0.6890385379	0.575859776
849.38	0.7336000165	0.6874837085	0.5752057026
849.72	0.7334348325	0.6866596806	0.5759209788
850.07	0.7343109528	0.6855300898	0.5764669529
850.42	0.7330688925	0.6824224099	0.5748638589
850.77	0.7325105673	0.6796377405	0.5722582292
851.12	0.7330672028	0.6779876634	0.5708460308
851.47	0.7341947121	0.6759840063	0.5700114808
851.82	0.7343773145	0.6747392785	0.5695906016
852.16	0.7346229141	0.6737785679	0.5688849906
852.51	0.7340317465	0.6712303154	0.567609247
852.86	0.7329365094	0.6690828613	0.5657873802
853.21	0.7298599421	0.6663562322	0.5633186911
853.56	0.7281866006	0.6641965287	0.5606332836
853.9	0.7283694247	0.662559167	0.5601093965
854.25	0.7271151637	0.6596055593	0.5589758466
854.6	0.7266773475	0.6587002775	0.5588338995
854.95	0.7263198618	0.6570862783	0.5581543764
855.3	0.7242306295	0.6541921249	0.5574891294
855.64	0.7241199623	0.6528099364	0.556662435
855.99	0.724274451	0.6524203252	0.5569258371
856.34	0.7248482299	0.651905236	0.5581790725
856.69	0.7249289422	0.6519119735	0.5602920102
857.03	0.7246566441	0.6511973825	0.5618155311
857.38	0.7255495827	0.6517667875	0.5643973014
857.73	0.7263422395	0.6516672205	0.5661630758
858.07	0.7256903796	0.6505176157	0.5677057203
858.42	0.7249319579	0.6485251496	0.5686351227
858.77	0.7242146081	0.647237745	0.5700900795
859.12	0.7251703244	0.6470004871	0.5715034481
859.46	0.7252339645	0.646273438	0.5723491285
859.81	0.7232072435	0.6456638724	0.5716169374
860.16	0.7226388205	0.645004879	0.5702986153
860.5	0.7227719133	0.6444256505	0.5695950203
860.85	0.7215834087	0.643948385	0.5691395888
861.19	0.7239637645	0.6450905578	0.5692630159
861.54	0.7246976561	0.6451123782	0.5683192975
861.89	0.7247176762	0.6455594169	0.567445751
862.23	0.7241943259	0.6452854204	0.5666522809
862.58	0.7241727463	0.645024021	0.5660157
862.93	0.7241457611	0.644552096	0.5653175359
863.27	0.7238063186	0.6433779466	0.5641849342
863.62	0.7239520399	0.6436747216	0.5630553916
863.96	0.7249781993	0.643931613	0.5623354395
864.31	0.7270804046	0.6454793731	0.5616642126
864.65	0.7293888044	0.6462656652	0.5612769951
865	0.7301500851	0.6456070799	0.561389564
865.35	0.731643984	0.6455962101	0.561804776
865.69	0.7323402525	0.6444142325	0.5605952688
866.04	0.7318475838	0.6444819632	0.5600388487
866.38	0.730801209	0.6428067448	0.5590620405
866.73	0.7313564529	0.6418165846	0.5582126427
867.07	0.7294196548	0.6390528002	0.5561320185
867.42	0.7275148961	0.6381970692	0.5555478848
867.76	0.7269428578	0.636439783	0.5542041258
868.11	0.7275910122	0.6367420378	0.5542300546
868.45	0.7266053884	0.6347689066	0.5528568661
868.8	0.7265221509	0.6337437784	0.5518019669
869.14	0.7263893949	0.6347221223	0.5504764924
869.48	0.7261396467	0.634033326	0.5490058419
869.83	0.7258955559	0.63269274	0.5474968463
870.17	0.7249642098	0.6318539751	0.5472873931
870.52	0.7253258252	0.6315546162	0.5466680519
870.86	0.7260684018	0.6323321724	0.5457491363
871.21	0.726307147	0.6323956606	0.5462736729
871.55	0.7263424142	0.6328422336	0.5469875979
871.89	0.7278138259	0.6329185348	0.5490416662
872.24	0.7303907728	0.6340408267	0.5515312041
872.58	0.7302667904	0.6346263111	0.5522789186
872.93	0.7307275786	0.6357652236	0.5530402585
873.27	0.730999526	0.6344308887	0.5531790393
873.61	0.7319658567	0.6345081964	0.5540012621
873.96	0.731662435	0.633278411	0.553118132
874.3	0.7327184018	0.6345809428	0.5535355787
874.64	0.7315027391	0.6336747582	0.5532144087
874.99	0.730468708	0.6322238655	0.5531766456
875.33	0.7310391347	0.6307794394	0.5538381128
875.67	0.7328123976	0.6316555963	0.5546746858
876.02	0.7322130424	0.6307554964	0.5529210703
876.36	0.7304140656	0.628929567	0.551782384
876.7	0.7293894907	0.6285187596	0.5505437219
877.05	0.7286375167	0.6283736488	0.5486782665
877.39	0.7294003725	0.6270418428	0.547660809
877.73	0.7293430864	0.6259165535	0.5449320442
878.07	0.728760153	0.6253813247	0.5422244691
878.42	0.7295315085	0.6240035926	0.5404794717
878.76	0.7313793117	0.6248763792	0.5400595913
879.1	0.7321284287	0.6247136446	0.5386504244
879.44	0.7316125623	0.6238578947	0.5360054155
879.79	0.7324556976	0.6235858323	0.5341358446
880.13	0.7322993967	0.6221419163	0.5322913285
880.47	0.7331417147	0.6217366542	0.5307264516
880.81	0.7335671206	0.6203472358	0.5291619233
881.15	0.7330926702	0.6191168094	0.5273601503
881.5	0.7308045796	0.6177418637	0.5251244953
881.84	0.7310305912	0.6167565919	0.5247145851
882.18	0.7316826379	0.6164366568	0.525199568
882.52	0.7319864326	0.6148947199	0.5249668099
882.86	0.731764438	0.6136862766	0.523713501
883.2	0.7298795095	0.6134657943	0.5224111524
883.55	0.7275959241	0.6115405308	0.5213530114
883.89	0.7251932137	0.6090924194	0.5197620791
884.23	0.7244652595	0.6080162787	0.519686229
884.57	0.7227614042	0.6051813938	0.5178561017
884.91	0.7222230189	0.604276452	0.5178529973
885.25	0.721664019	0.6026292333	0.518212646
885.59	0.7207798849	0.6009236052	0.5189506179
885.93	0.7214515343	0.5997532179	0.5193996705
886.27	0.7213453376	0.5986970789	0.5195592945
886.62	0.7207574753	0.5987422557	0.5195187194
886.96	0.7204245679	0.5977189299	0.5190561424
887.3	0.7193636456	0.5958931874	0.5188147419
887.64	0.7187286615	0.5942992274	0.5176258879
887.98	0.7166533809	0.5911266142	0.5147503269
888.32	0.7162307484	0.589708464	0.5132728533
888.66	0.714923094	0.5883898141	0.5126964221
889	0.7160013495	0.587301988	0.5137184876
889.34	0.7176136392	0.5873739592	0.5147774375
889.68	0.7191837947	0.5881553364	0.5166547957
890.02	0.7199672042	0.5892173447	0.516849042
890.36	0.7202161793	0.5897399241	0.5174985302
890.7	0.7193411584	0.5892778586	0.5168071026
891.04	0.7191472137	0.5896147286	0.5164681337
891.38	0.7203381415	0.5910820726	0.5169819346
891.72	0.721673245	0.5923543125	0.5180702311
892.06	0.7225050976	0.5929345313	0.5182456918
892.4	0.7244894773	0.5931240211	0.5190349404
892.74	0.725353454	0.5942762218	0.5198051719
893.08	0.7269173199	0.5951694321	0.5201538287
893.41	0.7289277266	0.5968723215	0.5218733321
893.75	0.7309901365	0.5994551235	0.5231866042
894.09	0.7322088042	0.6017637256	0.5241871582
894.43	0.7327971368	0.6033666067	0.5246329316
894.77	0.7338210905	0.6053207991	0.525003794
895.11	0.7344360121	0.6068746765	0.5244174236
895.45	0.7365747075	0.6089470548	0.5242310027
895.79	0.7376868493	0.6108705798	0.5252468142
896.13	0.7385912665	0.6120971636	0.5251113869
896.46	0.7397839845	0.6127406946	0.524976332
896.8	0.7406554616	0.6133010192	0.525119654
897.14	0.7413979538	0.6143443655	0.5250149875
897.48	0.7409067501	0.6146088386	0.5230131624
897.82	0.7408816825	0.6158553053	0.5231829634
898.16	0.7404917797	0.6175287311	0.5230699365
898.49	0.7404990358	0.6187145698	0.5226688888
898.83	0.7413001017	0.6193573588	0.5222625335
899.17	0.7400267017	0.6198556222	0.5212741134
899.51	0.7390044766	0.6193729563	0.521107246
899.85	0.7374837325	0.6184416782	0.5207381491
900.18	0.7391405266	0.6185237767	0.5215975037
900.52	0.7384031498	0.6166218545	0.5205526283
900.86	0.7387668732	0.616337888	0.5210686152
901.2	0.7356268592	0.6152841113	0.5207709169
901.53	0.7334093542	0.6114011218	0.5193589986
901.87	0.7348845271	0.6112847058	0.5206508969
902.21	0.7362435024	0.6119751764	0.5222244225
902.54	0.7349846272	0.6106658504	0.5228997933
902.88	0.7328560187	0.6089248934	0.523198372
903.22	0.7315118102	0.6071474396	0.5244748698
903.56	0.7311248451	0.604938768	0.5240060078
903.89	0.7298103724	0.6006283128	0.5227311024
904.23	0.727585057	0.597665123	0.5225831487
904.57	0.7250061671	0.5955247298	0.5230138661
904.9	0.7238761144	0.5933654889	0.5219854777
905.24	0.7240517065	0.5937332998	0.5214842566
905.58	0.7238327992	0.5931564002	0.5202553339
905.91	0.721522278	0.5908461147	0.5182316667
906.25	0.7224123938	0.5918275325	0.5181141987
906.58	0.7218114215	0.5924411476	0.5185033154
906.92	0.723071964	0.5927465298	0.5180098927
907.26	0.7228762758	0.5947257386	0.517699418
907.59	0.7206886779	0.5938276709	0.5160798577
907.93	0.7195586683	0.5940923426	0.514071735
908.26	0.7199656566	0.5950548704	0.511954459
908.6	0.7204007706	0.5948520047	0.5098065025
908.94	0.7193905681	0.5952453592	0.5077720871
909.27	0.7186556562	0.5956822918	0.5057533519
909.61	0.7195756054	0.5982894353	0.505727281
909.94	0.720393933	0.5984990672	0.505064912
910.28	0.7214271539	0.5992406312	0.5036928748
910.61	0.720199602	0.5988659359	0.5033209483
910.95	0.7190619454	0.5982748107	0.5025896487
911.28	0.7183321822	0.5981080602	0.5018593447
911.62	0.7191576143	0.5988744427	0.5011613789
911.95	0.7186377041	0.5993628478	0.5003761815
912.29	0.7175907583	0.5979015201	0.4989695145
912.62	0.7165925792	0.5961269285	0.4966768518
912.96	0.7152910329	0.5949152851	0.4950001881
913.29	0.7150466245	0.5948185209	0.4934610886
913.63	0.7151889618	0.594002506	0.4934948168
913.96	0.7149799734	0.5942946206	0.493962134
914.3	0.7141546077	0.5948439111	0.4931297729
914.63	0.7144008679	0.5943141682	0.4922527637
914.97	0.7151901926	0.5943646913	0.492027138
915.3	0.714209	0.5938494952	0.4896718246
915.63	0.7158144022	0.5959068724	0.4884486934
915.97	0.7162869637	0.5962831905	0.4876334299
916.3	0.7172412032	0.5972306495	0.4869689724
916.64	0.7180585505	0.5976525677	0.4870461616
916.97	0.7189848248	0.5973484298	0.4865640135
917.3	0.7201506882	0.5976437267	0.4863678788
917.64	0.7208305888	0.597019462	0.485701291
917.97	0.721333244	0.5961746364	0.484944162
918.31	0.7230852535	0.5972919896	0.4862231038
918.64	0.7247720552	0.5975959026	0.4871440395
918.97	0.7241230263	0.5972062978	0.4877127989
919.31	0.7235526768	0.5972903587	0.4876849777
919.64	0.7246066075	0.5979329545	0.4878788078
919.97	0.7266588091	0.5983514155	0.4891463642
920.3	0.7273926014	0.600848208	0.4907306008
920.64	0.7273237348	0.6020540318	0.4913543766
920.97	0.7291360114	0.6044429721	0.4931541386
921.3	0.7284204233	0.6044677666	0.4928363066
921.64	0.7278505448	0.6056782418	0.4926487498
921.97	0.7294836454	0.6079343783	0.4936173074
922.3	0.7301588373	0.6095491466	0.4947349305
922.63	0.7319172497	0.6113193774	0.4964944086
922.97	0.7305909277	0.6113571437	0.497025359
923.3	0.729675615	0.6115321462	0.497087182
923.63	0.7301337819	0.613980538	0.4964508603
923.96	0.7284421109	0.6136854281	0.4944211478
924.3	0.7282891052	0.6143529116	0.4943672053
924.63	0.7271464477	0.6135776446	0.4938828339
924.96	0.7260723067	0.6126265827	0.4920738624
925.29	0.7257139518	0.6118946718	0.4909725898
925.62	0.725526283	0.6118234573	0.4898438693
925.96	0.72429312	0.6100998372	0.4875924661
926.29	0.7246149509	0.6092528777	0.4873505788
926.62	0.7232647578	0.6065458822	0.4860070286
926.95	0.7235136048	0.6067523557	0.4873348708
927.28	0.7233073698	0.6065844853	0.4871306962
927.61	0.7224896263	0.6045485752	0.4854229912
927.94	0.7229898624	0.6033708894	0.4831905384
928.28	0.7220007669	0.6024018184	0.481767239
928.61	0.7225621159	0.6026799793	0.4813581004
928.94	0.7230440768	0.602139566	0.4816674793
929.27	0.7225965927	0.6009379461	0.4815682162
929.6	0.7234506978	0.602136324	0.482330786
929.93	0.7228856568	0.6010729693	0.4794976651
930.26	0.7255973363	0.6034345668	0.4778033724
930.59	0.7282596726	0.6055067094	0.478291943
930.92	0.7289759268	0.6055284007	0.4770955657
931.25	0.7268994963	0.6061375933	0.4758202543
931.58	0.7279889737	0.6076576133	0.4763316042
931.91	0.7289751777	0.6095560178	0.4761851166
932.24	0.7282711767	0.6098237185	0.4753884556
932.58	0.7261361662	0.6089206376	0.4733788846
932.91	0.7262733452	0.6084298229	0.4728115789
933.24	0.7253807072	0.6087860042	0.4722956836
933.57	0.7224657319	0.6075480272	0.4710138551
933.9	0.722066494	0.6092101295	0.4705399897
934.23	0.7219260836	0.6093165264	0.4683792523
934.55	0.7216078374	0.6106659978	0.4660641275
934.88	0.7204325299	0.6109290727	0.4648266235
935.21	0.7189053677	0.6093693144	0.4639533427
935.54	0.7201421705	0.6109555096	0.4654825304
935.87	0.7196262571	0.6096214338	0.4653893916
936.2	0.7195220547	0.6096735777	0.4647428919
936.53	0.7185798139	0.6088108958	0.4639346711
936.86	0.7202222769	0.6084282609	0.4646081373
937.19	0.7200331833	0.6074027074	0.4639774181
937.52	0.7174887988	0.6050620849	0.4624746125
937.85	0.7178702292	0.6047709542	0.463043212
938.18	0.7194028976	0.6049445009	0.4630491168
938.51	0.7203902282	0.6049102474	0.4625345891
938.83	0.7218490506	0.605101096	0.4624460044
939.16	0.7241003786	0.6067611436	0.4621994418
939.49	0.7239304606	0.6063461461	0.4604478441
939.82	0.722662162	0.605814453	0.4599096686
940.15	0.7209901044	0.6051454549	0.4590033677
940.48	0.7224342308	0.6053621102	0.4582417971
940.81	0.72257661	0.6053367779	0.4579828519
941.13	0.7234138678	0.6055197666	0.4567445142
941.46	0.724479443	0.6068260141	0.4577442219
941.79	0.721521382	0.6054969818	0.4557294433
942.12	0.7192535836	0.6061954205	0.4549017905
942.45	0.7179534892	0.6057143215	0.4536006662
942.77	0.7163153328	0.604182489	0.4525239709
943.1	0.7166456521	0.6035394441	0.4520064939
943.43	0.7169945246	0.6045918089	0.4509280597
943.76	0.7176978511	0.6056788731	0.4509703683
944.08	0.7172443845	0.6059667949	0.4515286937
944.41	0.7174962396	0.6059135726	0.4525911165
944.74	0.7159314877	0.6047694871	0.4528831969
945.07	0.7154048813	0.6023524446	0.4533178859
945.39	0.7145723287	0.6021636088	0.4534701966
945.72	0.7141924715	0.6009896238	0.4554270314
946.05	0.7140166493	0.6011059241	0.4565573219
946.38	0.7142838832	0.6003313584	0.4562899877
946.7	0.7124604578	0.5989235858	0.4576989535
947.03	0.7094549736	0.5970316779	0.4568684773
947.36	0.7095010533	0.5956249466	0.4580319526
947.68	0.7102578142	0.5941273311	0.4591475875
948.01	0.7104189814	0.5936534495	0.4589517975
948.34	0.7099699309	0.5941586725	0.4597715843
948.66	0.709238583	0.594703713	0.4591843326
948.99	0.7079848658	0.593209971	0.4590652995
949.31	0.7055193784	0.590702156	0.4586727994
949.64	0.7043664708	0.590590548	0.4582848122
949.97	0.704196906	0.590444441	0.4573952282
950.29	0.7027469222	0.5892910439	0.456538746
950.62	0.7012303333	0.5892380916	0.4559012355
950.95	0.7017812808	0.589582621	0.455954143
951.27	0.7011924357	0.5903112029	0.4541581929
951.6	0.7001921102	0.5898775645	0.4535206897
951.92	0.6978692712	0.5909128464	0.4535297149
952.25	0.6988654747	0.5923422207	0.4538232681
952.57	0.7007487143	0.5937580042	0.455125756
952.9	0.7012398254	0.594262438	0.455170115
953.22	0.701591187	0.5961388345	0.455411803
953.55	0.7011660715	0.5964744881	0.4556857233
953.87	0.7025585077	0.5955213703	0.4541682093
954.2	0.7025505004	0.5949509641	0.4542189272
954.53	0.7013236537	0.5946770233	0.4538581254
954.85	0.7011184442	0.5951370357	0.4529247136
955.17	0.6991836165	0.5932769192	0.4521025526
955.5	0.6989177747	0.5944135926	0.4516821675
955.82	0.7001196491	0.595148916	0.4513101906
956.15	0.7015221575	0.5973338634	0.4516301321
956.47	0.7021023569	0.599244757	0.4511378636
956.8	0.7041388032	0.6004333247	0.4518590157
957.12	0.7065136508	0.6031887181	0.4530514479
957.45	0.707962941	0.6057631387	0.4532387217
957.77	0.7061824218	0.6075002793	0.4528677615
958.1	0.7043104167	0.607176062	0.4514510184
958.42	0.7055633237	0.6091770057	0.4528443625
958.74	0.7061995087	0.6087900285	0.4537973935
959.07	0.7065150134	0.6088689047	0.454220268
959.39	0.7055258691	0.6100040186	0.4554891498
959.72	0.7069253777	0.611776211	0.4579251768
960.04	0.7081565734	0.6127206153	0.458293874
960.36	0.7081649142	0.6138447655	0.4585938579
960.69	0.7100885278	0.6147158786	0.4598138343
961.01	0.7075486461	0.6123218269	0.4597835927
961.33	0.7080736774	0.6131812895	0.4617042924
961.66	0.708358357	0.6118701866	0.4628397101
961.98	0.7075309796	0.6088199848	0.4621011447
962.3	0.7050351359	0.6066070108	0.4601070699
962.63	0.7022491194	0.6038484585	0.4582428723
962.95	0.7010953401	0.59996274	0.4573196144
963.27	0.7013030168	0.5958580144	0.455276425
963.6	0.7008616174	0.5938432084	0.4528771
963.92	0.6988619726	0.5923911776	0.4506139568
964.24	0.6976214358	0.5912321584	0.4483327703
964.56	0.6956921547	0.5904204783	0.4472705008
964.89	0.6958066267	0.5914307929	0.4467064576
965.21	0.694050365	0.5907665615	0.44519169
965.53	0.6931388374	0.5915759878	0.4448417893
965.85	0.6939147809	0.5912873323	0.4444521478
966.18	0.6912291905	0.5914051236	0.4429892601
966.5	0.691380661	0.5920544759	0.4419125831
966.82	0.6909860173	0.5913530999	0.4407177176
967.14	0.6888440506	0.5907358243	0.4399558988
967.46	0.687178997	0.5908745429	0.4409835886
967.79	0.6875776165	0.5893114245	0.4416850628
968.11	0.6882426371	0.5890060999	0.4411887122
968.43	0.6861843861	0.5883767081	0.4394385839
968.75	0.6865874837	0.5887595128	0.4392281033
969.07	0.6863747218	0.5906383588	0.4398237107
969.39	0.6867246136	0.5917199559	0.4403897253
969.71	0.6861431657	0.5910087146	0.4397348395
970.04	0.6873612353	0.5891359313	0.4392983424
970.36	0.6877073684	0.5875284869	0.4387268907
970.68	0.6872479592	0.5867154389	0.438534654
971	0.6872379708	0.5847922332	0.437646044
971.32	0.6855820109	0.585236815	0.4372521982
971.64	0.6868208713	0.585443186	0.436266492
971.96	0.6878162139	0.5867954597	0.4351479968
972.28	0.6890647168	0.5886021166	0.4332966209
972.6	0.6897431511	0.589963201	0.4308382966
972.92	0.692222112	0.5919965417	0.4301326807
973.25	0.6935710697	0.5957027586	0.4299296248
973.57	0.6929361944	0.5974105664	0.429348678
973.89	0.6979961351	0.601775171	0.4308782128
974.21	0.6982326954	0.6042695298	0.430647492
974.53	0.7012465113	0.6059337991	0.431548462
974.85	0.7028959841	0.6050000506	0.4303049428
975.17	0.7053192896	0.6088808031	0.4313761766
975.49	0.7072624108	0.6132594364	0.4322531996
975.81	0.7075830157	0.6158327511	0.4325621744
976.13	0.7091701324	0.6182015828	0.4333066746
976.45	0.7084441225	0.6204691264	0.4340251304
976.77	0.7093357391	0.6200210534	0.4346044645
977.09	0.7083286448	0.6196946816	0.4339794415
977.4	0.7081426009	0.6190512297	0.4338635267
977.72	0.7047644177	0.6172442938	0.4340489539
978.04	0.7030557034	0.6151035799	0.4353451755
978.36	0.7011805749	0.6132529362	0.4351045758
978.68	0.7000866251	0.6117287202	0.4353245725
979	0.6992369445	0.611023393	0.4355491421
979.32	0.6961108946	0.6057723197	0.4345836383
979.64	0.695602842	0.6051257823	0.4352746699
979.96	0.6918450618	0.6033303356	0.434341267
980.28	0.6877255984	0.6034016983	0.434576951
980.6	0.6850474299	0.6007738353	0.4350833917
980.91	0.6797457712	0.5986236229	0.4359271447
981.23	0.6768450013	0.5963252963	0.4364865127
981.55	0.6754266003	0.5953039916	0.4362314506
981.87	0.6757495024	0.5961639582	0.438103139
982.19	0.6746523891	0.5962742466	0.4384913526
982.51	0.6752862968	0.5968150497	0.4409055311
982.82	0.673536562	0.5972996778	0.4431707472
983.14	0.6747829984	0.5967577172	0.4436833335
983.46	0.6745968593	0.5980367323	0.443370798
983.78	0.6757725504	0.5999837829	0.4432642568
984.1	0.6757236167	0.5996365871	0.4431871035
984.41	0.6769976462	0.5995296788	0.4453471531
984.73	0.6773578618	0.6028620784	0.4466227579
985.05	0.6762040313	0.6022415078	0.4466374348
985.37	0.675712987	0.6017711167	0.4457636588
985.69	0.6774164824	0.6020990149	0.4455892745
986	0.6775490173	0.6007292808	0.4429644646
986.32	0.67787797	0.6006567825	0.4397496761
986.64	0.6802316464	0.6022261467	0.4395416554
986.95	0.6799391884	0.6016373511	0.4372529098
987.27	0.6803558256	0.5986796144	0.4336469758
987.59	0.6806516406	0.5966919728	0.4311348235
987.91	0.6779003961	0.5949485896	0.4279589181
988.22	0.6749767718	0.5906861535	0.4247250953
988.54	0.6759892767	0.5914119928	0.4244220894
988.86	0.6789946585	0.5926914102	0.4250812681
989.17	0.6792352908	0.5915975815	0.4261985137
989.49	0.6796023662	0.5925319424	0.4250332584
989.81	0.6791982611	0.5918084907	0.4228136739
990.12	0.6803570622	0.5911421098	0.4214225254
990.44	0.6813442034	0.5908892325	0.4213716757
990.75	0.6818304355	0.5926162732	0.4230516018
991.07	0.6826710055	0.5940565149	0.4236871722
991.39	0.6849258397	0.5961797865	0.4265527198
991.7	0.6861799145	0.5942928243	0.4271778872
992.02	0.6857738039	0.5933725622	0.4274040377
992.33	0.6846754307	0.5936748157	0.4277656845
992.65	0.6832730431	0.5945414847	0.4275106464
992.97	0.6822443118	0.5954116968	0.4274641753
993.28	0.6870541315	0.5979803444	0.4294641578
993.6	0.6894315643	0.5996720758	0.4295859387
993.91	0.6885827043	0.6022201227	0.4297300263
994.23	0.6857029279	0.6019990237	0.4284030542
994.54	0.6825809017	0.6028203815	0.4290631893
994.86	0.6798890166	0.6017223998	0.4292840753
995.17	0.6789366012	0.6012287519	0.4300322426
995.49	0.6785995889	0.6021753929	0.4319626619
995.8	0.6773609255	0.6012369461	0.431155488
996.12	0.6757322314	0.5966992917	0.4296086081
996.43	0.6718365223	0.5935224704	0.4278901382
996.75	0.6676418195	0.5935315275	0.4264934187
997.06	0.6668943248	0.5961437001	0.4270500346
997.38	0.6657716225	0.5963865953	0.4266805643
997.69	0.6674692191	0.5972423073	0.4287433762
998.01	0.6699065412	0.5985093292	0.4324936387
998.32	0.6688999704	0.5967036674	0.4329086593
998.63	0.6676179614	0.5974593503	0.4334303523
998.95	0.6683637201	0.597404519	0.4352240692
999.26	0.6672712678	0.5948155329	0.4342560921
999.58	0.6672037713	0.593803652	0.4357182004
999.89	0.6692421435	0.5916357632	0.4334740719
1000.2	0.6713763712	0.5942280617	0.433303623
1000.52	0.6700878708	0.594498828	0.4308738653
1000.83	0.6680230373	0.5937022661	0.4290765706
1001.15	0.6650770032	0.5942841001	0.427692404
1001.46	0.6629813376	0.5957437294	0.4271138021
1001.77	0.6627510947	0.5976862812	0.4284504872
1002.09	0.6663344459	0.6008681804	0.4289669411
1002.4	0.6650839369	0.5978630517	0.4258311292
1002.71	0.6639849296	0.5975168103	0.4258249071
1003.03	0.6647971381	0.596076933	0.4234983351
1003.34	0.6642385821	0.5962751745	0.4204387617
1003.65	0.6678393783	0.6002848106	0.4205749637
1003.96	0.6670760386	0.5996374181	0.4194015574
1004.28	0.6685544564	0.6040858163	0.4181255961
1004.59	0.670410369	0.6049651163	0.4188458637
1004.9	0.6733461849	0.6058618174	0.417862971
1005.22	0.6728664319	0.6092908438	0.4185148393
1005.53	0.6720527021	0.6082074212	0.4197955293
1005.84	0.6721818646	0.6084181093	0.4217071081
1006.15	0.6717359781	0.6076130053	0.4212385813
1006.47	0.6715267669	0.6056126312	0.4210134151
1006.78	0.6776771616	0.6068494733	0.4223668757
1007.09	0.6836830066	0.6085617367	0.4236457736
1007.4	0.6812707528	0.6039590504	0.4218416588
1007.71	0.6825061209	0.6064321965	0.4245339468
1008.03	0.6844637878	0.6059980482	0.4217824235
1008.34	0.6813134233	0.6071003599	0.4214215657
1008.65	0.6796196831	0.6054968485	0.4225418163
1008.96	0.6775190622	0.6034464522	0.4237296129
1009.27	0.6777321005	0.6024554408	0.4235381045
1009.58	0.6758607002	0.6016293301	0.4231645281
1009.9	0.6724541888	0.6011523946	0.4221731551
1010.21	0.6712228379	0.600786575	0.4221408265
1010.52	0.6706422729	0.5957557884	0.4218893081
1010.83	0.6720503828	0.5948901904	0.4190799432
1011.14	0.6728272289	0.5972737074	0.4176656324
1011.45	0.6752769698	0.6019781052	0.4185317822
1011.76	0.6792672648	0.6075066029	0.4174610564
1012.07	0.6779448516	0.6097953269	0.4178071275
1012.38	0.675970309	0.6088913773	0.4169222269
1012.69	0.674519258	0.6102052209	0.415409932
1013.01	0.6731961903	0.6072214711	0.4136087186
1013.32	0.674126127	0.6072539352	0.4144392557
1013.63	0.676300074	0.6067722046	0.4144348645
1013.94	0.6774941379	0.6093988129	0.4133741014
1014.25	0.6770941415	0.6095240685	0.4128296078
1014.56	0.6763633184	0.609282513	0.4126915139
1014.87	0.6764546095	0.6082396161	0.4129601572
1015.18	0.6820344676	0.6058668241	0.4158852549
1015.49	0.6831521277	0.6069325474	0.4167266405
1015.8	0.6825293832	0.6097775253	0.4147622799
1016.11	0.6819653676	0.6103660886	0.4169579744
1016.42	0.6812318038	0.6062315873	0.4157636104
1016.73	0.6785530642	0.6016153225	0.4121477346
1017.04	0.6770040903	0.5994461161	0.4141545279
1017.35	0.6728767028	0.5954710218	0.4129548154
1017.66	0.6712213132	0.5908078209	0.4118739094
1017.97	0.6734652877	0.5885483037	0.4133691391
1018.27	0.6735871771	0.5903981184	0.41462023
1018.58	0.66760098	0.5884984901	0.4137543432
1018.89	0.6636110707	0.5848526887	0.4140110537
1019.2	0.6579014858	0.5778456145	0.4113696641
1019.51	0.6538663021	0.5737293514	0.4072208604
1019.82	0.6522837628	0.5717465058	0.4061072306
1020.13	0.6526670094	0.5700376514	0.4072671901
1020.44	0.6486270713	0.5734180965	0.4047255598
1020.75	0.6416868791	0.5699963128	0.4023788227
1021.05	0.6409035066	0.5691897113	0.4029127292
1021.36	0.6412668876	0.5680101322	0.4028933779
1021.67	0.6439537816	0.5684174861	0.4044995523
1021.98	0.6459365647	0.5688667808	0.4082517252
1022.29	0.6435637173	0.5664411696	0.4084637074
1022.6	0.6475451675	0.5696511334	0.4095759414
1022.9	0.6465911234	0.574585332	0.4080102933
1023.21	0.6439762612	0.5743103209	0.4065536723
1023.52	0.6486229254	0.5761571494	0.4041410741
1023.83	0.6528237038	0.5783159709	0.4062663038
1024.14	0.6568102693	0.5823356657	0.4034489186
1024.44	0.6609044792	0.5896697998	0.4063431738
1024.75	0.6645364568	0.5968504027	0.4093282118
1025.06	0.6660776905	0.5997872094	0.4084703759
1025.37	0.6669157835	0.6029947035	0.40626075
1025.67	0.6657054172	0.6031373786	0.404163586
1025.98	0.670835757	0.6062449673	0.406126919
1026.29	0.6723573649	0.6062019979	0.4099593076
1026.6	0.6722431199	0.6075196238	0.4102821181
1026.9	0.6716785284	0.6110479646	0.4127743628
1027.21	0.6702995164	0.6113825592	0.4132033075
1027.52	0.6721010105	0.6131023935	0.4139165198
1027.82	0.6703376403	0.6117633658	0.4122492714
1028.13	0.6671003288	0.6072098658	0.4102250389
1028.44	0.6687540581	0.6109025007	0.4150685041
1028.74	0.6656772055	0.6113464817	0.4187942434
1029.05	0.6662576899	0.6142081125	0.4191278763
1029.36	0.6618128938	0.613611561	0.4219757423
1029.66	0.6620908515	0.6087562057	0.4227691791
1029.97	0.6620799649	0.6076434773	0.4249579879
1030.28	0.6604437657	0.6076144561	0.4293216035
1030.58	0.6539125781	0.6036331541	0.4296902893
1030.89	0.6515856063	0.5991578593	0.4287396329
1031.19	0.6476753881	0.5972428427	0.4247917543
1031.5	0.6456355282	0.5963544766	0.4225773206
1031.81	0.6436195869	0.5926996506	0.422703278
1032.11	0.63665043	0.5853958538	0.4199982922
1032.42	0.6343655996	0.5838765694	0.4190857945
1032.72	0.6322550042	0.5840576669	0.4170091804
1033.03	0.6332376537	0.5833606915	0.4177114347
1033.33	0.6412004388	0.5868345436	0.4217237588
1033.64	0.644478609	0.5856661249	0.4186242563
1033.94	0.6426456425	0.5853158694	0.4181050237
1034.25	0.6410786429	0.5808781512	0.414612486
1034.55	0.6465037115	0.5813913037	0.4131719515
1034.86	0.6424187091	0.5832166141	0.4138088367
1035.16	0.6428781935	0.5824792195	0.4116290543
1035.47	0.6443563849	0.5829853573	0.4084765993
1035.77	0.6465411316	0.5846343119	0.4096407564
1036.08	0.6477852066	0.5837801303	0.4141190457
1036.38	0.6505412898	0.5844866309	0.4178086422
1036.69	0.6492454714	0.5837276745	0.4159362963
1036.99	0.6495738344	0.5894547179	0.4151870857
1037.3	0.6532238866	0.5935595924	0.4150205034
1037.6	0.6563048237	0.5967153019	0.4121198764
1037.9	0.6600187989	0.5948685872	0.4125360476
1038.21	0.6553523154	0.5938934757	0.4102092877
1038.51	0.6545531617	0.5925260577	0.4113381083
1038.82	0.644444073	0.5909581893	0.4093147758
1039.12	0.6477736329	0.5913568379	0.4062497575
1039.42	0.6510870523	0.5971010456	0.4076166212
1039.73	0.6460097549	0.5982544796	0.4083084892
1040.03	0.6539043174	0.5988402802	0.4060157293
1040.34	0.6550841734	0.5979424976	0.4028616265
1040.64	0.6528276256	0.594242902	0.4030835967
1040.94	0.6534745558	0.5905600186	0.4019323905
1041.25	0.654725381	0.5915842669	0.3968053699
1041.55	0.6536167564	0.5874882245	0.3930456113
1041.85	0.6424400522	0.5866617898	0.3930141749
1042.16	0.6341284187	0.579769324	0.39019785
1042.46	0.637028618	0.5793956231	0.3890813357
1042.76	0.6339025086	0.5734690204	0.3903478542
1043.06	0.6323407409	0.570743115	0.3890665404
1043.37	0.6404231101	0.576654697	0.3898784978
1043.67	0.6356377526	0.5737990045	0.3834628362
1043.97	0.6360259911	0.5728492213	0.3788596624
1044.28	0.6335143123	0.5701920591	0.3805209645
1044.58	0.6301001402	0.5638093872	0.3801800723
1044.88	0.630473772	0.5579919392	0.3779968758
1045.18	0.6253323677	0.5556699909	0.3761702566
1045.48	0.6226554791	0.5555412152	0.3762189811
1045.79	0.6309480138	0.5597625355	0.3792418027
1046.09	0.6333205759	0.5642564745	0.3806711008
1046.39	0.6329779403	0.5693133044	0.3876175789
1046.69	0.6307114477	0.5723919638	0.3890189693
1046.99	0.6397487448	0.5714227475	0.3876081651
1047.3	0.6397883395	0.5717848561	0.3872552805
1047.6	0.6327152536	0.5756033415	0.3859955881
1047.9	0.6336691273	0.5828456722	0.3863305549
1048.2	0.6373355486	0.5912104333	0.388328882
1048.5	0.6339545518	0.5856439573	0.3807823749
1048.8	0.6299606304	0.5881190592	0.380544638
1049.11	0.6324142482	0.5840751221	0.3796302534
1049.41	0.6265929182	0.5844153751	0.3786819981
1049.71	0.6240855429	0.5856066709	0.3805234067
1050.01	0.6248306762	0.5874448502	0.3843862971
