wv	8L	6L	10L	12L
402.17	33.95240859	31.16656994	31.05049333	31.16656994
402.6	28.99943471	24.47710571	31.48671566	25.15545506
403.03	30.84216397	27.16118238	28.94590073	28.27663134
403.46	29.75609756	19.89159892	33.65853659	28.34688347
403.89	30.09284544	25.17749863	27.79901693	29.98361551
404.32	31.22696156	22.38020011	26.59294365	34.28120063
404.75	35.46291283	23.44342177	32.75582025	35.35462913
405.18	37.6285869	31.45641581	29.39902545	35.89604764
405.61	32.45485603	24.2557345	29.52659834	32.16203026
406.04	34.41253264	25.4308094	28.77284595	31.80156658
406.47	36.7929424	31.39595226	32.43383498	30.98079917
406.9	31.32724342	28.74798495	31.86458893	32.93927996
407.33	32.86783042	24.6882793	26.48379052	34.36408978
407.76	30.79584775	27.33564014	28.12654474	33.86060306
408.19	31.95579049	23.11388755	27.91926958	39.45218645
408.62	30.33601514	24.65688594	27.30714624	34.40605774
409.05	32.77545328	22.82659228	28.49837285	36.77359368
409.48	29.98630762	27.9780922	24.50935646	35.73710634
409.91	30.01449976	29.9178347	25.95456742	37.07104882
410.34	34.03508772	24.61152882	28.82205514	40.55137845
410.77	37.35605712	24.64302165	26.66973745	43.34408107
411.2	40.04819277	27.80722892	32.43373494	40.81927711
411.63	36.29693569	28.87354338	27.66508416	40.69917997
412.05	32.09616196	25.51665964	29.73428933	34.87979755
412.48	31.84310418	27.11935892	26.27583298	39.60354281
412.91	33.19553535	24.92765606	25.67176519	36.99875982
413.34	30.46484825	25.31694199	29.15866308	40.91432962
413.77	33.60622186	28.12116251	26.56569791	37.3720835
414.2	34.58382181	22.86049238	28.09691286	37.24110981
414.63	32.35180163	21.73576133	27.08252615	32.97171639
415.06	36.32358831	24.62955547	28.31397677	33.92070485
415.49	33.28250095	25.04765536	25.58139535	32.21502097
415.91	32.46017699	25.23893805	27.92920354	29.48672566
416.34	33.23364486	24.18691589	25.53271028	32.48598131
416.77	30.18372703	25.08436445	28.83389576	34.0832396
417.2	30.18002118	24.10871867	24.74408754	29.68584539
417.63	35.30039104	25.13330963	27.1951653	31.53217206
418.06	34.55184534	29.63093146	29.13884007	29.56063269
418.48	34.1504937	27.81750085	25.70650323	28.97514471
418.91	34.24474825	24.64154718	26.57552518	28.64288096
419.34	36.95142379	25.8961474	28.77721943	30.72026801
419.77	33.88539251	24.08082146	29.11560119	28.51937728
420.2	34.19438166	27.67194059	29.48014207	32.51533742
420.62	29.33871468	26.35827383	27.2896616	27.97267929
421.05	31.96644921	26.87169929	30.04038521	28.73563218
421.48	36.19438309	27.92679079	32.84947933	33.1019249
421.91	35.27733756	28.74801902	30.64976228	30.71315372
422.34	34.29689852	28.51550738	29.0575128	30.38241494
422.76	31.95521102	26.61498708	30.74935401	30.11771461
423.19	30.77148724	25.19800528	30.06746847	32.17952479
423.62	34.35745938	27.26735598	33.47119645	33.11669129
424.04	29.99140647	26.26754512	28.50186193	33.42881696
424.47	32.98196949	26.93481276	29.09847434	31.59500693
424.9	33.51543294	24.28298279	30.56541928	34.49877083
425.33	33.7365961	23.39840528	29.7222986	34.83640363
425.75	33.90789119	23.67357932	30.51440883	36.87045516
426.18	35.09552473	27.61057315	30.48940068	36.56110966
426.61	32.57438551	24.7606727	29.57309185	34.54075032
427.03	33.40476828	29.81516207	30.8331101	37.20867935
427.46	33.07868602	27.06900942	29.46269417	37.05118411
427.89	31.50750179	24.50583472	27.64944034	33.84139081
428.31	32.48345183	27.77641579	29.19833292	34.98406472
428.74	32.67668062	28.53976853	26.56981039	39.76852992
429.17	33.95193909	27.57554128	29.66928384	38.80561504
429.59	35.30675579	29.48197661	29.10002387	40.31988541
430.02	33.20956138	27.59340914	26.711534	38.77929914
430.45	33.34900118	29.25969448	31.42185664	41.66862515
430.87	34.24971363	28.88888889	28.15578465	38.05269187
431.3	33.50383632	28.62125087	26.99372239	41.03696815
431.72	33.4286395	30.90302597	29.42578032	41.24374553
432.15	33.8264963	26.69804976	30.19502354	41.44810581
432.58	32.64088398	29.37016575	29.19337017	41.65745856
433	33.40393984	30.90446939	28.99809362	40.35162042
433.43	33.70665518	31.94055568	28.32220547	42.88175748
433.85	29.89558918	28.65970595	27.5516727	40.80545493
434.28	31.49124657	30.43661675	26.17591225	38.91584054
434.7	32.76991337	31.84027044	28.96682865	39.65772237
435.13	32.77696641	30.02295014	27.97830169	39.11954934
435.56	32.25738839	28.19115489	29.86795221	39.00649759
435.98	33.22154685	28.94571369	30.41291134	36.15594215
436.41	32.56415357	27.82971951	27.15337179	35.15018898
436.83	32.77876807	28.77797584	27.74806892	35.19508814
437.26	35.4408011	30.25721579	29.82525034	35.28372276
437.68	34.48618565	30.70960048	28.32438879	35.99681972
438.11	32.5296666	30.30702581	28.49877566	34.22490111
438.53	32.57674419	28.89302326	26.92093023	33.73023256
438.96	30.90977585	28.9508382	30.08099454	32.5296666
439.38	31.90521327	30.16113744	28.90995261	31.98104265
439.81	31.36073059	30.66666667	27.56164384	31.98173516
440.23	31.50988727	29.5509148	29.29218259	29.58787655
440.66	31.6872428	30.50635176	28.18035427	30.11272142
441.08	31.39888949	28.31810854	30.18090632	27.8524091
441.51	33.09635173	27.78297474	29.42937325	29.99064546
441.93	32.54542247	26.72429	27.04180632	28.10019404
442.35	34.55262686	29.46028331	27.20100412	30.39268424
442.78	35.03345994	29.75221559	28.81172002	29.39048653
443.2	33.26561706	28.25461317	28.79634332	27.27272727
443.63	31.69984686	27.92240939	29.35171006	29.96426748
444.05	32.44522349	28.65907099	28.06310254	29.74583699
444.47	32.05150215	27.31330472	28.51502146	27.75965665
444.9	33.15687313	27.47485442	28.60419975	29.59237692
445.32	32.13173849	26.69179092	28.19924627	29.47730624
445.75	32.59198692	29.22322159	28.83074407	29.22322159
446.17	31.47007737	27.61724301	26.5750829	28.94362861
446.59	32.62946204	26.89793866	28.23864589	29.44528239
447.02	32.21949222	26.55200655	30.74529075	30.48321048
447.44	32.76271992	29.4341417	27.34189253	28.92692978
447.86	32.43951302	24.54923717	26.76837725	27.07659115
448.29	32.88210294	27.62474422	28.38029278	28.47473635
448.71	32.41680987	26.79268864	30.01093579	29.82346508
449.13	33.85951066	27.19810576	30.29202841	29.75532755
449.56	31.51372549	28.56470588	30.72941176	29.81960784
449.98	31.61753237	28.68507253	29.71455311	28.37310872
450.4	34.2490566	27.57735849	28.51320755	27.57735849
450.83	35.22328913	26.04785856	27.57201646	28.94375857
451.25	32.68794434	26.21388595	27.72651641	27.78702163
451.67	32.87030047	27.67627963	28.64260909	29.60893855
452.1	33.18834276	26.22879513	29.38958968	28.14267073
452.52	34.20243152	26.52702505	29.1929105	28.9292515
452.94	32.77286563	26.16321206	27.55471808	27.9895637
453.36	32.08176888	27.01988597	29.88457794	28.74426366
453.79	32.32679554	24.84831381	29.61760971	25.72315507
454.21	32.21838286	27.24257084	28.01658604	27.43607464
454.63	30.31177036	26.30133223	26.57601978	27.7022387
455.05	33.86454183	26.58332188	26.50089298	27.21527682
455.48	32.89142251	27.11122895	27.93318308	25.54686464
455.9	32.19711983	25.40626239	27.94292509	27.91650152
456.32	34.13797833	26.40241393	29.22781511	29.06322864
456.74	33.2524599	26.75562744	29.20878825	28.53484297
457.16	33.06375522	26.24342903	28.3730961	27.05216336
457.59	33.66323392	25.50488164	27.56453123	27.21679818
458.01	32.79619601	26.4562145	28.93937393	28.04120988
458.43	31.70099754	25.81940666	29.68001036	27.81448374
458.85	33.19266781	27.25834103	29.28919953	27.65396281
459.27	32.99986837	28.31380808	29.31420297	27.78728445
459.69	31.06455129	25.25130193	29.1268015	26.63194865
460.12	32.35036861	26.12770211	28.57678371	26.70248657
460.54	31.39548908	26.06440719	27.51175974	28.23543601
460.96	30.50868034	26.1381571	29.17324269	27.59499818
461.38	32.37030524	26.99409622	29.35560859	28.82803668
461.8	30.32212053	25.16343754	28.58671104	27.46939261
462.22	31.64644714	26.03119584	29.72848065	27.60254188
462.64	30.57172201	25.20826201	28.35786831	28.47198448
463.06	31.78111334	26.74624749	29.6773431	29.6064295
463.49	31.01648677	27.07863836	28.69173289	28.81034278
463.91	31.55555556	26.45014245	28.15954416	27.56695157
464.33	30.54830287	26.80213418	28.45953003	27.75570439
464.75	30.52472794	26.08555113	28.17584312	27.9603491
465.17	31.48323347	26.37443498	28.56091664	28.49784505
465.59	32.20969684	27.06577651	28.55423005	29.47356901
466.01	30.87283911	24.97613745	27.69116555	29.11231308
466.43	30.47432055	25.4107678	27.37418621	29.37893975
466.85	30.01955336	26.19121128	28.70227436	31.33683236
467.27	29.9831833	26.63962805	29.8249085	28.40043526
467.69	31.85126109	26.92652776	28.88047054	29.09979065
468.11	30.63329831	26.52593371	28.8375203	29.60168115
468.53	29.97038311	25.69026464	27.86853922	30.08502914
468.95	30.88363955	26.43141829	29.11441625	29.95042286
469.37	32.65325399	26.94814395	29.25285728	30.19741192
469.79	31.93621868	27.76309795	29.38496583	31.33485194
470.21	31.41918187	28.82469947	28.49606504	31.79970596
470.63	30.72867145	28.74059988	28.0663843	30.90154724
471.05	30.17600544	26.8939716	29.6828501	31.29835898
471.47	31.17259552	26.49978041	29.83750549	32.64822134
471.89	31.92278513	28.44980191	29.46135042	31.16412375
472.31	31.34230926	28.14361485	29.20440636	31.14647083
472.73	31.0080613	28.93287573	28.54976455	33.53020991
473.15	30.63361306	28.1391947	28.37015937	32.06559396
473.57	31.35001127	28.55533018	29.11126136	32.58207498
473.99	31.6916648	28.18446385	29.52764719	32.82590851
474.41	31.79207561	28.38967648	29.56743003	33.40603417
474.83	32.27816372	29.04103703	29.29886128	33.50999069
475.24	29.75616383	29.87842152	28.54717109	33.34238946
475.66	30.04115226	28.12521082	29.09667409	33.33333333
476.08	31.57162726	28.00847738	30.14106894	32.96244784
476.5	33.17142279	30.06813735	30.51339135	34.33178169
476.92	33.07392996	29.67090945	30.75248961	35.13157027
477.34	32.60277443	30.90517514	29.37226832	35.83328055
477.76	32.66026634	30.10839269	30.50480025	37.10746361
478.18	31.82282589	29.02217681	30.94536931	35.44083178
478.59	31.86877908	30.33747571	29.81918841	35.01384063
479.01	32.38145602	30.53645925	29.87837123	34.97855338
479.43	32.4790648	31.80464228	30.56820098	35.95234081
479.85	32.86483423	32.5134599	30.96061207	36.40124681
480.27	32.61163735	32.28216744	31.90563041	37.47131847
480.69	32.72130418	32.96611584	31.04100595	37.28370333
481.1	32.78927741	32.49743285	31.58947198	37.23180025
481.52	33.47721083	33.49776476	30.92852371	36.33420688
481.94	32.86328996	33.14324226	30.47851107	37.15589196
482.36	34.18179937	34.05763361	31.9985514	39.51057996
482.78	33.49581112	34.68392993	32.43970551	39.37547601
483.19	33.73180077	35.13154534	32.53639847	39.10600255
483.61	33.83957757	35.5795826	32.99471964	38.83832034
484.03	34.70117741	36.43002633	33.68771424	39.86785235
484.45	33.96253672	36.2161121	33.07651563	39.58684451
484.86	34.49614216	36.06733692	33.55155483	39.61187748
485.28	34.3345849	36.62448431	33.40750012	40.66657396
485.7	34.94178707	37.12068079	33.45490251	41.56263151
486.12	35.91478336	37.17192073	34.70562833	41.40396334
486.53	35.98098168	37.92010441	34.08847247	41.67715471
486.95	36.04374036	38.68872377	35.16519464	41.36174588
487.37	35.85587213	38.25800334	34.44710345	42.67395133
487.78	36.52319833	38.93600617	34.31901674	42.85455123
488.2	36.69012486	39.43246311	36.15437003	43.03745743
488.62	37.39523746	38.38854153	34.45080041	43.31071793
489.03	37.86942803	38.89160482	35.92284787	44.35802853
489.45	38.82458101	38.6726257	36.97430168	44.60782123
489.87	37.84292277	39.14679501	37.1691096	44.7210676
490.28	37.57250269	39.49731472	36.75617615	45.87325456
490.7	39.35495013	40.27891715	38.26691421	46.74668624
491.12	39.60374483	38.51513172	38.54125844	46.79730024
491.53	39.75913869	38.64419763	37.67394357	46.36367505
491.95	40.60898402	39.40307507	38.84318877	46.45764245
492.37	40.78456592	39.17256163	38.45230439	46.88960343
492.78	39.37808777	38.23224146	38.58097729	47.04197285
493.2	40.46864061	38.08013837	39.29909813	48.65543796
493.61	40.03518678	37.06476822	38.54588601	49.24921239
494.03	41.80263861	37.24877728	39.39418848	48.50191114
494.45	41.71630448	37.98627942	40.44283778	49.25029783
494.86	42.62626263	37.25829726	41.3729128	49.48670377
495.28	43.61878565	36.26471421	41.65284576	50.34990494
495.69	43.61482799	35.77232486	42.0220722	51.3360553
496.11	44.61786651	34.50292398	42.27868522	50.83686227
496.52	44.56067778	33.80533789	42.03094547	52.03054771
496.94	45.26027176	34.2526511	43.3571227	51.97774283
497.36	45.91511623	33.00554616	43.28757424	52.05915903
497.77	44.89378927	33.36674506	42.9970315	52.94344423
498.19	45.44121619	33.42593664	43.45024501	52.79546244
498.6	45.83639528	33.33591182	44.00309418	53.32430864
499.02	47.23841136	32.32467482	45.20050948	55.16615848
499.43	46.78143995	31.78540416	44.93902669	53.44886171
499.85	47.51300573	31.68157491	44.5937348	54.01025487
500.26	47.58508555	31.39943092	44.96138354	53.89675178
500.68	48.31062368	32.00398804	44.90602267	55.43739153
501.09	48.46955448	32.38444501	44.80229476	54.94716967
501.51	49.09963126	31.82257545	45.74159596	55.5722622
501.92	49.58775029	31.75571974	45.96138059	56.73341186
502.33	49.92704367	31.39257625	46.35396277	56.44684864
502.75	51.17472224	31.82718845	46.61028943	57.31724577
503.16	50.45530836	32.28582652	47.241367	57.61168446
503.58	51.10019302	32.78118968	47.40831725	57.26969644
503.99	51.83362992	33.18678251	47.26961862	57.79336334
504.41	51.25487624	32.3851279	47.78886319	58.7254462
504.82	52.13345515	33.07616824	47.67367103	58.48813995
505.23	52.83654173	33.56574383	47.74845249	59.42793007
505.65	52.29098733	34.01015228	48.48556157	60.30524086
506.06	51.72690494	34.45451202	49.06549868	61.04851383
506.48	51.04190671	34.21338513	48.7638674	60.06847286
506.89	50.6265583	34.92212544	48.98164038	59.8225561
507.3	49.60906335	34.73751396	48.84952928	60.22977501
507.72	49.50036251	35.93291933	49.48775337	60.09204678
508.13	50.04143294	36.1327129	50.59599694	60.89048955
508.54	49.19676175	36.60426285	51.12579849	61.97900196
508.96	49.61455635	36.76851534	51.41849505	62.65409944
509.37	49.37936627	37.30351796	52.10516467	63.58221058
509.78	47.92559919	37.84509084	52.50933095	64.53314414
510.2	50.01704105	39.12316034	53.09062742	65.24244771
510.61	48.45197538	38.33901142	52.15169446	63.28073636
511.02	49.74933998	38.10922251	52.09872149	64.16599923
511.44	49.94508267	39.42470389	52.88983881	64.86478464
511.85	50.82020997	40.90014316	53.07504176	66.00155094
512.26	50.34880994	40.04279517	53.69621292	65.07503811
512.68	50.82939081	40.49120963	54.35138134	65.21523276
513.09	51.83933934	41.22487872	54.07426657	65.63582814
513.5	52.47724975	42.08291203	55.6781742	67.00274447
513.91	53.28886579	42.65130515	55.24659275	67.85343035
514.33	53.44272481	42.27575689	53.77598283	67.44521012
514.74	54.1655971	43.24748296	55.33498759	67.83320499
515.15	55.28082854	43.62089569	56.43031924	68.23251579
515.56	55.15672253	44.21299568	55.87462197	68.47460501
515.98	55.2563994	44.74642283	56.58849095	69.49171676
516.39	55.58941953	45.22145174	56.52891175	68.205458
516.8	57.33018841	45.2840255	58.0827226	69.1797939
517.21	57.0626362	46.08314243	57.33083757	70.43359222
517.62	57.04763498	46.9126506	58.46441321	70.78592146
518.04	57.12205309	47.29076221	58.46842886	70.26707699
518.45	57.68230236	47.17270462	59.05145267	70.70018347
518.86	58.05712709	47.71353664	59.76266041	70.85690631
519.27	59.8082072	47.57936725	59.97213267	70.88956888
519.68	59.17203564	48.68265936	60.52090473	71.60795065
520.1	59.87963065	49.15081895	60.52269979	72.16664835
520.51	59.27471029	48.84798909	59.98364008	72.73346967
520.92	59.67153778	49.59617514	59.39601848	71.71875422
521.33	59.78092888	49.68955888	61.18536995	72.93604099
521.74	62.16283166	51.24683475	61.82703952	74.89540901
522.15	62.72826383	50.87217225	61.79612974	74.16462251
522.56	62.95677423	51.51208021	63.28548732	74.52199638
522.97	62.25690472	51.67783407	63.02500409	74.30680394
523.39	62.78188365	52.38095238	61.73691762	74.48225453
523.8	62.51919295	51.59335183	62.2174932	74.05920858
524.21	63.02587669	51.72328902	62.10131845	74.93571858
524.62	63.69985427	52.23404548	62.33055624	75.3471363
525.03	64.39500455	52.96777217	62.74915226	75.75607201
525.44	64.1385562	53.80452698	63.35842215	75.71970113
525.85	64.52534487	52.9290126	62.85473295	76.01012162
526.26	64.89814865	53.94298509	63.03588007	76.45404402
526.67	65.12381835	55.20745362	64.41550658	76.81913531
527.08	65.20274858	53.70325104	63.91536978	75.94991716
527.49	66.28403198	55.318172	63.65870787	76.73130942
527.9	67.10640373	54.94365587	64.16458988	77.42171416
528.31	67.99771975	55.31516369	63.84982898	76.86899397
528.72	67.83534924	55.7289964	64.50092623	77.46812684
529.13	67.06957547	56.27412093	64.56099914	76.80906947
529.54	67.41455288	57.14477644	65.45840499	78.36951849
529.95	66.76869843	57.39952089	65.30476444	77.65504392
530.36	68.34309983	57.84366432	64.73039084	79.35326058
530.77	66.81350567	56.92165655	65.69506726	78.1139541
531.18	68.31329477	57.79371384	66.39918957	78.90218869
531.59	68.250477	57.51801993	66.01918592	78.78153487
532	69.49832598	58.67300845	66.96338417	79.31923261
532.41	69.10562675	59.12830248	66.12614038	79.2938881
532.82	68.08538433	59.48424518	66.56476982	78.69833307
533.23	68.22442039	59.1193499	66.69003297	78.78858686
533.64	70.29434749	59.18468351	66.76999219	79.9713467
534.05	69.48425919	60.13532708	66.75189174	80.37499032
534.46	70.83797436	60.35228597	67.24258516	80.23054009
534.87	71.53820228	60.55585803	68.50483524	80.97015893
535.28	70.93995245	59.89672538	67.83148854	80.05061479
535.68	70.87940345	60.76883518	68.98688609	80.98740036
536.09	71.15285375	62.39291981	70.0304469	81.94086077
536.5	72.04679257	62.45380636	68.94767694	81.333945
536.91	72.04434119	62.01454472	69.10257058	81.32670067
537.32	73.00627467	63.41210404	69.00870357	82.24876025
537.73	71.8654816	63.57167823	69.70340041	82.14909872
538.14	71.83157999	62.87465264	69.9756848	83.00168718
538.54	72.70708583	64.0743513	70.05738523	83.02894212
538.95	72.9778682	63.74801509	69.95087336	82.50793966
539.36	75.00991768	64.25419022	70.31885352	82.10106119
539.77	73.58592693	64.36708082	71.29782261	82.97453561
540.18	73.84431196	64.93109851	71.51338937	83.22419859
540.59	73.89042911	64.94516548	72.03071714	84.41571187
540.99	73.90389592	64.35394549	70.9027593	83.06449663
541.4	74.69891173	65.24062878	71.73639661	85.03264813
541.81	74.3562129	64.9650584	71.51301934	83.70189546
542.22	75.52088357	65.84595351	71.65042925	84.5157712
542.63	75.54650664	66.0784874	71.50307187	84.15487927
543.03	75.50206523	65.22100366	71.69681432	84.94279068
543.44	75.55970149	66.73603138	71.38585917	86.02181401
543.85	74.21407186	66.11386602	71.40016841	85.01122754
544.26	74.65724873	66.57943492	71.98703103	84.37239463
544.66	74.56104063	66.53107189	71.76181283	84.62263284
545.07	74.35139347	67.06545655	73.03355336	84.36010268
545.48	72.82696994	67.03447965	73.11580468	84.46610705
545.89	73.84532033	68.05950607	71.92875525	85.2905323
546.29	74.06487696	66.29306488	72.01118568	83.73825503
546.7	74.04756563	66.88355396	72.31770249	85.42293022
547.11	75.41818838	66.80869291	72.14256729	86.38351594
547.51	77.16720742	68.44811041	73.1092629	86.72942467
547.92	76.4663123	68.89509791	72.90672845	86.39998183
548.33	76.74502064	69.13466715	72.69199713	87.09178181
548.73	76.42805981	68.52001074	73.88530755	86.99077805
549.14	75.30349181	68.89815918	72.45177239	86.16077341
549.55	77.63105064	70.16506803	73.89025206	87.24514834
549.95	77.49579236	69.94640801	74.12746922	86.67729648
550.36	76.70001322	70.10048037	73.54898418	86.51007007
550.77	77.44345898	70.45232816	74.65631929	87.33037694
551.17	77.59814231	70.92534175	74.86198738	87.2108307
551.58	78.02984298	69.80567364	73.11529453	86.69645181
551.98	77.19698601	70.49085038	74.2949408	86.73627557
552.39	78.10841382	70.81701906	75.10006091	88.22326634
552.8	76.63845486	71.1328125	75.78993056	88.75868056
553.2	77.56893861	71.43383628	75.32084634	87.66909469
553.61	78.41967784	72.99521115	75.73791902	88.97692643
554.01	79.15469661	72.63863498	75.13275877	88.54357099
554.42	78.02795031	72.10360594	74.76276743	88.63440304
554.83	78.68222023	71.17463573	73.70208948	87.53151305
555.23	78.06577717	70.69346477	73.26633806	87.50318688
555.64	79.05302065	70.53912822	73.72546521	87.81969581
556.04	79.30392074	70.99246338	73.21534423	88.51723262
556.45	78.95170839	70.39073072	73.56013194	88.8108931
556.85	79.21853243	71.02198405	74.55588843	88.26110806
557.26	79.39206269	71.72649141	75.16852039	88.88186721
557.66	79.9178266	71.91220862	74.11118564	89.30488009
558.07	80.10534332	73.25802767	75.37335533	90.35833651
558.47	79.5026598	73.46533817	76.17157815	89.87165414
558.88	79.93263158	74.54947368	75.73473684	88.71578947
559.28	79.51352264	73.96312392	76.31323573	88.87810641
559.69	78.95984036	73.64471606	75.01039328	88.03941132
560.09	79.65285083	74.54239428	75.90153587	89.36250789
560.5	80.78421516	73.75895438	74.63868292	88.74366386
560.9	82.18269393	73.81063039	75.88304884	90.09844516
561.31	82.66779949	74.99150382	75.27824979	90.97281223
561.71	81.20243531	74.92178251	75.54963639	90.47015052
562.12	80.73820173	74.98014463	75.39606237	90.21443799
562.52	81.7816645	75.05753379	74.83576719	89.12506799
562.92	80.31160888	74.83572344	73.60003306	89.21353887
563.33	80.18149274	76.03962869	74.76376806	88.76077093
563.73	80.63679344	75.51357684	75.3755073	90.00460232
564.14	82.7350212	75.90376622	74.81420834	89.9525549
564.54	81.20678164	75.9726735	73.56077647	89.43180871
564.94	82.07103302	75.77757422	73.6519965	89.17849856
565.35	84.02549256	76.24234598	73.00370725	90.48194277
565.75	81.13238423	75.56455572	71.19129439	88.6638848
566.16	82.408588	76.19791881	72.42833052	89.91074734
566.56	83.76025864	77.73771035	73.0353146	90.58691868
566.96	82.23250771	77.44141439	73.259111	91.0849804
567.37	82.34659138	77.22535913	72.3303994	91.08610811
567.77	81.70343745	77.53677078	72.41365064	90.8775409
568.17	81.40643623	77.95816037	72.23295384	90.3908594
568.58	81.18860112	76.29292847	70.4757652	88.80409191
568.98	81.77079124	76.66693607	69.95474016	88.21627738
569.38	83.37573867	77.75361129	70.25402167	90.0812541
569.79	82.97723437	78.60524474	69.91684163	91.11193446
570.19	83.06731437	77.633996	68.91456097	89.33746989
570.59	82.7917342	77.81604538	67.90923825	89.92706645
571	83.67131304	78.18506929	67.8160686	89.51924249
571.4	82.63441514	77.62651432	66.46205583	89.14549654
571.8	82.78509658	77.65295401	66.72997656	88.91538026
572.2	83.34946367	77.89741108	65.16251311	88.44664892
572.61	83.37234644	78.29122609	64.59762693	88.64315118
573.01	83.47924315	78.76306128	63.49497721	88.56255295
573.41	85.13590264	79.23326572	63.85192698	90.45841785
573.81	85.02222403	79.61097745	62.53517106	89.93190066
574.22	84.95948269	79.55308177	61.7029549	89.08078906
574.62	83.69473047	79.72138098	60.51483949	88.54835453
575.02	83.56495468	79.40785498	59.27895267	89.28499496
575.42	83.35215357	79.16196161	57.28948217	88.13115019
575.82	85.08410157	79.66197639	56.58054343	88.70693838
576.23	84.29441911	78.83862637	55.48807554	88.31766273
576.63	83.60741636	79.51632406	54.07698509	88.97218863
577.03	84.51441456	79.10291512	53.15066838	87.71943952
577.43	83.91827118	79.65309936	52.32553416	87.98846373
577.83	83.40567479	80.1061008	51.44883852	86.44803472
578.23	84.37904793	80.64281088	50.9654307	87.56071891
578.64	84.20672208	79.51652411	50.02409348	85.95751516
579.04	85.9678851	79.01638021	49.5864601	86.54885823
579.44	85.5442246	80.65453216	49.86186162	86.99467761
579.84	84.19514571	79.63714587	48.70728144	85.70500852
580.24	85.92446472	80.64768011	48.59861094	87.16146797
580.64	84.92037566	80.34708044	47.64189465	85.42670478
581.04	84.40583005	80.05765093	47.2148918	84.37741058
581.45	84.63845655	79.89218547	47.40799287	84.18044747
581.85	83.99804656	79.81035325	48.17882142	83.17597265
582.25	85.18920025	79.82409491	47.70096134	82.81857231
582.65	85.45736308	81.01627177	47.99763468	82.21116594
583.05	84.94755818	82.36643723	48.58038348	81.49377253
583.45	84.3986646	81.69123036	49.21626903	80.35583422
583.85	83.75962766	81.0824169	49.97528729	80.532559
584.25	84.79404752	81.03263997	50.03494204	78.55997698
584.65	83.59960874	80.24942941	50.54409847	76.97261167
585.05	83.84307705	80.50987839	50.67472021	75.96864773
585.45	83.68849761	82.54072733	52.33050847	76.08811914
585.85	84.3038493	82.63718264	52.83988534	75.03890254
586.25	84.76700329	80.91819767	52.64022387	72.27156588
586.65	85.0065083	80.19036772	52.91449723	70.64350797
587.05	84.55507079	81.37965097	54.751811	68.74176819
587.45	84.14116872	80.88786394	54.98702796	67.70374336
587.85	84.8202452	82.08664679	55.50240225	66.90896289
588.25	85.70365778	82.1161397	56.00537301	64.70965075
588.65	85.98195982	80.93070931	56.20541205	62.21607216
589.05	87.00784117	82.76609943	57.77235569	60.44169169
589.45	86.0969067	82.34135301	57.76049962	58.54011233
589.85	88.12014283	83.6252888	59.39718547	55.96093258
590.25	88.52194584	83.71253926	60.44443501	53.69089057
590.65	88.64536795	82.81631965	61.61805614	52.16850712
591.05	87.93754722	82.11617561	61.49374633	51.08075212
591.45	86.58669575	83.39484943	61.81318681	48.58862512
591.85	86.10634648	83.4455926	61.71401079	47.52332343
592.25	86.37360783	82.72443469	62.52953088	48.02354033
592.65	86.17418678	82.29171039	62.69884575	46.99895068
593.04	87.18220789	83.78252196	63.52659055	47.07567591
593.44	87.1824187	83.68055556	64.68284214	45.90743564
593.84	86.89934244	83.33333333	65.69507672	45.7574608
594.24	86.67842594	83.36483138	65.44244257	45.00230986
594.64	86.67425488	83.09936343	65.56005227	45.13089667
595.04	86.81573185	83.83021728	66.57613273	45.24802089
595.44	87.6898346	84.18080291	68.19027878	46.34502306
595.84	86.6263553	84.14929108	67.52919099	46.05713094
596.23	85.80871721	84.91220822	66.90766371	46.24870894
596.63	83.98217061	84.04759957	67.01766582	46.40345138
597.03	84.51944845	83.63449269	67.51183371	47.49742745
597.43	85.96051008	83.69806664	67.67585356	46.95392842
597.83	86.32631055	84.08676178	68.9822495	48.34729595
598.22	84.70501656	83.40488164	68.35725091	48.36869864
598.62	85.01017501	83.42694343	68.25396825	48.56939357
599.02	86.23638232	84.75642343	69.55395683	50.56731757
599.42	86.06038471	84.04350296	69.53778102	51.4507751
599.82	85.66779171	82.90742527	69.26229508	51.52483124
600.21	86.15490062	83.86485506	69.69922993	51.19340402
600.61	85.68322731	83.29173041	69.12593607	52.12376198
601.01	86.15023474	84.13469322	70.51562247	54.18285576
601.41	85.52067044	83.22306428	70.29552107	54.81976021
601.8	87.48834381	86.02067707	72.76099736	57.36265964
602.2	86.53281294	85.080272	72.67130729	58.24045387
602.6	85.52774318	84.87283539	73.31150307	60.43633734
603	85.00861344	85.05268218	74.39405473	62.0227555
603.39	84.867551	84.95571675	74.37181902	63.39919048
603.79	85.09398571	85.14586742	74.46621703	64.38719719
604.19	83.73595396	84.53858502	73.50142907	63.92467014
604.58	83.67036227	84.77904435	73.87570269	66.38038726
604.98	82.59063737	85.09820666	74.70305101	66.7688844
605.38	82.50115402	84.55916295	74.10755501	67.42575781
605.77	81.66186912	85.33103051	74.78411054	69.93667242
606.17	82.25163513	86.13336429	74.61202059	70.40326638
606.57	80.83084234	84.55200429	74.32743159	70.94351192
606.96	79.19911437	85.10077874	75.19086883	72.07970683
607.36	79.21835044	85.51963666	75.62688447	74.02770887
607.76	79.62208084	85.21467484	75.84669892	76.06385005
608.15	77.68722882	84.54253914	75.39332201	76.53272967
608.55	77.45462829	85.37854051	75.65115043	77.73938796
608.95	75.68607384	85.88810553	74.95640967	78.68622546
609.34	74.75165563	86.6909994	76.01595424	79.48148706
609.74	72.67900542	85.52252758	76.21050664	78.87081698
610.13	71.81896294	85.16138673	75.70980275	80.10684399
610.53	71.22975897	86.42638609	77.23677338	81.19916424
610.93	70.42545251	86.09068856	77.3203956	80.76506811
611.32	68.52828199	86.44648641	77.71710477	82.4998117
611.72	68.49024756	87.3855964	78.59339835	83.88597149
612.11	66.07236694	86.67517454	79.11192853	84.81345244
612.51	64.87736985	86.5031598	78.79175444	85.58531447
612.9	63.9366956	86.55716851	78.3036516	85.91739
613.3	61.08055886	85.44143876	77.97636742	85.96536861
613.69	60.51209946	86.70909495	79.15710797	85.75445867
614.09	59.1320307	86.60042268	78.90326647	86.41133069
614.48	58.70678853	86.87992924	79.22901157	87.35534753
614.88	57.69188028	86.21647652	79.65624537	87.47592236
615.27	56.79743171	86.73545131	79.179038	87.59649644
615.67	55.17964618	86.43078607	78.80357469	87.37552435
616.06	54.68703922	88.14877617	79.55249189	88.79017989
616.46	54.78962979	87.48031784	79.90039914	89.45036435
616.85	55.48265653	87.18520414	80.50001828	89.13702986
617.25	56.66326456	86.05015674	79.98104542	89.53852883
617.64	56.27359009	86.46341017	81.27817069	89.14214519
618.04	57.40330267	87.09963427	81.31441871	90.17326093
618.43	57.62839325	86.21790169	81.32795304	90.28246515
618.83	58.61312793	87.09320753	81.20370029	90.36228946
619.22	59.36682269	86.27870121	82.04400545	91.16205359
619.62	59.84779021	86.40748212	81.01962223	91.21584449
620.01	61.6989843	86.26038781	82.67405355	91.07294552
620.4	63.18057909	86.46209386	82.11154498	92.42982392
620.8	64.65955945	87.06214479	82.63066008	93.2097619
621.19	66.52986183	86.77016788	81.60748774	92.35254791
621.59	65.96000741	87.23569709	82.24032587	92.0422144
621.98	66.34135522	87.5938043	81.12084581	92.18513179
622.37	67.23062066	87.68339338	82.26052074	93.67826765
622.77	68.57572495	87.82163146	81.37229421	94.33780121
623.16	69.10603758	87.03161484	81.28312516	94.01801268
623.55	70.05303958	87.15923	80.62757316	93.89117614
623.95	70.38809736	88.03428317	81.32977145	93.23612348
624.34	70.56574356	88.52921524	81.2792338	92.48645037
624.73	71.3134629	87.89868318	81.4003805	93.81877868
625.13	71.86532941	87.52842922	80.98877745	94.0718094
625.52	73.13393824	86.35973265	81.75945633	93.6223442
625.91	74.02631285	85.94908874	81.59591517	93.51496403
626.31	74.07973744	86.04408309	81.20687726	93.94323649
626.7	74.85694925	86.38006324	82.37464237	94.07468755
627.09	74.76635514	86.43913882	83.03000492	94.03685346
627.49	76.04354326	86.93702327	83.4412971	95.27003718
627.88	75.7539713	87.71007597	82.72580769	93.87614151
628.27	74.375	86.38930723	81.97665663	91.86370482
628.66	76.27179545	87.36336473	82.50690268	92.19335073
629.06	76.45309441	86.45535311	81.84761331	92.85122722
629.45	76.70767605	85.90459657	82.2363952	93.63348177
629.84	76.3327431	85.97747052	81.30957315	93.35418001
630.23	77.71174418	87.43146352	83.40937847	94.01863425
630.63	79.29038063	88.32296679	84.75139851	95.1101201
631.02	80.83002414	88.65140543	85.17091022	95.21529238
631.41	81.76063995	87.12721342	85.35259397	94.28393911
631.8	80.59102943	88.37019156	84.65581685	92.77760473
632.19	80.66590847	87.99560767	84.36801443	94.59978823
632.59	81.64981162	88.97085068	84.28316478	94.87209994
632.98	83.44767419	88.31740493	84.79200539	94.61474402
633.37	81.72582813	86.2558305	83.62321132	92.46976046
633.76	81.57894737	86.26126126	83.31357673	91.74569306
634.15	81.28102291	86.3439622	83.25854743	92.22491363
634.54	80.80804052	85.83336657	83.8272245	90.84672756
634.94	82.49272358	85.64251824	83.86826682	90.43897771
635.33	81.36196465	85.2374738	82.95566892	89.57567129
635.72	81.43530064	85.71032736	83.8459407	89.32826663
636.11	81.89905087	86.04106271	84.19443231	88.88050514
636.5	81.27423823	84.95053423	84.5112782	87.25761773
636.89	81.96003503	84.90566038	83.954303	87.83536343
637.28	82.12811987	85.87396338	85.00861344	86.4628821
637.67	81.08054933	84.30724432	83.4808956	84.1301696
638.06	82.39128707	85.29294857	84.01701248	83.92956515
638.45	82.54229135	83.8771747	83.95734787	83.59255993
638.85	83.40307395	85.22571819	84.56586465	82.36501167
639.24	84.31452269	85.55049602	85.31875102	80.98674581
639.63	84.92928638	83.93645905	84.63751672	80.99444827
640.02	84.53695494	84.15410655	84.64576449	79.55992585
640.41	84.56138943	84.19237094	83.64285428	76.97244395
640.8	82.79638917	84.71013039	84.00802407	75.33600802
641.19	82.07859275	83.62785443	84.62438473	73.59799887
641.58	83.43161576	84.62727236	83.91963886	72.74797674
641.97	82.2356422	83.65014388	84.14055851	70.06444291
642.36	83.19677143	84.40748441	85.72010925	68.40528311
642.75	85.05400448	83.51742409	85.35561443	67.03688608
643.14	83.73025516	82.24787363	84.15552855	65.01417578
643.53	84.87284119	82.98915956	85.38394955	64.12142945
643.92	84.89108097	81.82079737	85.00616523	62.95519934
644.31	84.58099184	81.34049797	84.30206325	61.18995857
644.7	84.65567331	80.2119563	84.22603216	59.64851262
645.09	85.59061256	80.49070693	83.54326509	59.05510196
645.48	84	80.39837398	84.00609756	58.55894309
645.87	83.89999593	79.92996458	84.17688017	56.78366383
646.26	85.54439204	79.70678696	84.18494976	57.6809514
646.65	85.32355728	79.37554064	85.24941302	56.91601104
647.03	84.72040549	78.15565729	85.16595814	56.76708633
647.42	85.98361985	78.24764839	84.9456698	55.93780409
647.81	87.37421448	78.53534316	85.05360003	56.22253255
648.2	86.37071651	77.35694376	85.34595835	56.6957698
648.59	85.92697769	75.68154158	83.62677485	55.61257606
648.98	84.96579411	76.33034288	84.88386383	56.20621851
649.37	84.56719818	74.86169867	83.37129841	55.47307192
649.76	84.19624048	74.23027062	83.65337871	55.08629071
650.15	85.64599166	75.30031871	84.89825938	56.11056632
650.53	86.92802374	73.55923819	85.04823151	55.86404485
650.92	86.49697663	74.29522798	84.3397614	55.83632947
651.31	87.52318536	73.35023288	83.95779234	56.0776555
651.7	87.38148525	73.53814852	84.08138352	55.25330621
652.09	88.41751118	72.98650146	84.86029623	56.47437738
652.48	87.60171744	72.50868943	84.62891024	55.67164179
652.86	87.67849857	72.51121991	84.70420237	56.07303142
653.25	86.88295688	72.95893224	86.14373717	56.42505133
653.64	87.65340886	71.91027378	85.28095883	58.0039404
654.03	87.17822594	71.6961797	85.55090999	58.28619446
654.42	85.96661412	71.68061113	83.92142597	57.3925872
654.8	85.73697715	71.20922087	85.09347127	59.10683012
655.19	87.73592681	71.77944449	86.05044095	59.46797989
655.58	87.71849509	72.5153987	85.96637257	58.94581322
655.97	87.30808598	71.43500512	85.73592631	58.67144319
656.36	86.33497134	72.16011466	85.65110565	58.83087633
656.74	85.91618132	71.97287501	85.16270924	59.70146214
657.13	85.91685466	71.16701579	85.17966484	60.20987754
657.52	86.44801732	71.14790907	85.88669259	59.81115432
657.9	86.51142355	71.57293497	84.59418437	60.20330724
658.29	85.82768249	71.45991225	83.71360191	60.80773833
658.68	85.45156519	71.30492144	83.56454644	61.15220086
659.07	86.56384098	72.07513562	86.12662942	63.01109222
659.45	86.83601834	71.11755874	84.50675648	63.3465893
659.84	87.16925832	73.06032728	85.1257836	64.45290239
660.23	87.71936919	71.85604529	84.8362313	64.76344521
660.61	87.3704321	72.79378887	85.02906386	65.91398724
661	86.64073153	72.78415016	85.04050694	65.45079009
661.39	89.45135747	72.62847447	84.45378151	65.79266322
661.77	89.53559116	72.87568445	84.75765565	65.91969175
662.16	89.69923894	73.04139026	83.93227789	67.3375117
662.55	89.25154071	73.34576711	83.79824846	68.04249108
662.93	89.38304699	74.02217619	84.84220787	68.71776126
663.32	88.43118306	73.99130225	84.61383587	68.27333494
663.7	88.39515241	74.61133554	85.37560697	69.34957359
664.09	88.43876723	75.19870235	86.11111111	70.06082725
664.48	87.921008	75.8339391	84.47621355	70.92924643
664.86	87.1349708	76.16809345	84.36274902	69.96959757
665.25	86.94266247	75.97720843	84.1455154	71.00848707
665.63	86.89819409	75.49712244	83.57213733	71.82377456
666.02	86.02656668	76.30938609	83.20236148	70.75072799
666.41	87.2255813	76.98332184	82.534594	72.24363917
666.79	86.75313023	77.55210245	81.35323627	72.41934826
667.18	88.36964018	77.03947102	81.48959474	72.8692548
667.56	87.47567305	78.14223159	80.68845281	73.5383555
667.95	89.58811006	78.81591877	80.61333115	73.22715362
668.33	89.72650341	77.96083562	80.52001145	74.52884183
668.72	89.17889276	77.57153279	78.16527519	74.45083894
669.1	87.52557878	77.06736749	78.71042812	75.41628215
669.49	88.52478791	77.56423143	78.19950947	75.01306743
669.87	89.30383601	79.37081388	79.55348082	75.67485285
670.26	90.28834031	79.79991053	79.24275082	75.57851072
670.64	89.21359383	79.94992612	78.55442456	76.78542111
671.03	89.17534224	80.44101976	78.84252808	76.08000656
671.41	88.3995088	81.01923864	78.32173557	75.53008596
671.8	88.19280059	80.74851033	77.8018121	76.83046282
672.18	89.76104989	80.56208988	79.43543395	78.2200487
672.57	89.77903962	80.50857919	77.28264	78.76393861
672.95	88.69783852	80.73725617	76.68194168	77.21116023
673.34	89.4534131	81.63566336	75.85839548	78.88633942
673.72	88.75924404	81.38455218	76.87756779	78.79211175
674.1	88.72158858	81.77566259	76.05235087	78.8791335
674.49	88.47374847	82.72283272	75.42328042	78.61619862
674.87	88.30511931	80.90352845	75.9004691	78.94758311
675.26	88.9139807	82.5703141	75.73188257	80.10675426
675.64	88.9250144	82.48415507	75.69141493	80.36875463
676.02	91.38890051	82.62306052	77.42879846	81.45623353
676.41	90.85592548	83.00680897	76.56961444	82.04603367
676.79	91.06245814	82.58958473	76.54680174	81.88211654
677.17	89.61066175	83.66581451	76.37148485	82.21784502
677.56	91.74468085	85.05957447	78.91914894	83.35957447
677.94	92.30933288	84.81487801	77.98157311	83.08735711
678.33	92.09010403	84.39085203	77.63734847	82.78737856
678.71	88.9941174	81.90162293	76.49046685	82.26459176
679.09	91.4945167	82.64473349	78.1730851	83.35883703
679.48	92.82839212	84.37784029	78.63016663	84.97944168
679.86	92.68260898	84.40303208	79.2967138	84.16845855
680.24	91.71060593	84.18618722	79.25058346	84.32016596
680.62	90.47083748	83.40178996	78.77556315	84.24921095
681.01	91.66214662	85.25308629	79.5014211	84.41127335
681.39	90.14846557	85.0841882	79.29706099	84.95000649
681.77	90.98623257	84.00727336	79.0111698	84.1847779
682.16	91.2665079	83.83632821	80.75990474	83.59818142
682.54	92.44304181	83.78366694	80.40292249	84.25057282
682.92	92.6733878	85.13384321	80.56014253	84.43420824
683.3	91.8312703	86.03283294	81.12544992	85.78702484
683.69	93.86654883	85.65620857	80.84843129	87.53424658
684.07	91.32330499	84.38194899	79.74057118	85.85131894
684.45	90.94893045	83.5900551	78.33123617	86.1847529
684.83	91.01671309	85.24112117	79.01070682	84.81023677
685.21	90.25341131	85.18518519	79.78340914	85.70500325
685.6	90.23011351	85.67642772	81.33032993	85.82659777
685.98	90.55928802	84.63921124	81.22764157	85.96108542
686.36	89.04696013	85.27198824	80.06572689	84.88714002
686.74	88.30881396	86.38198151	80.85101766	86.40801979
687.12	88.07438876	87.3634472	81.21640368	85.456043
687.51	89.90376126	87.12034257	82.46512449	87.23512273
687.89	90.73754153	86.08637874	81.96677741	88.57142857
688.27	89.97574421	85.80815877	81.71554576	87.53252481
688.65	91.14562414	86.65149284	82.14843576	88.99004775
689.03	91.58021283	85.76517209	83.2628345	88.16064829
689.41	90.97930044	87.26595124	82.81846347	88.25378295
689.79	92.60067267	87.55567676	84.48777384	88.81919825
690.18	92.84555776	87.28825014	82.81672373	88.08343846
690.56	92.00397094	86.93199765	83.50931817	89.72068047
690.94	91.63705931	87.45558896	83.66356928	89.10904619
691.32	91.67426176	88.61192125	85.09159679	88.15393729
691.7	91.09496604	87.75023618	82.77025507	87.61527734
692.08	88.68956857	87.65808593	81.78087721	86.86429276
692.46	90.81628023	87.19542629	82.36308362	86.64186215
692.84	89.80715	87.0190121	83.25752752	86.83252979
693.22	91.09689214	88.84369287	83.38665448	88.42778793
693.6	90.87394189	87.30267673	83.84351407	87.29810112
693.98	90.84455436	87.54694513	83.87377485	87.63854539
694.36	92.27597072	87.06792698	83.97507182	89.06959503
694.74	93.4501845	85.88560886	82.83210332	88.6300738
695.12	93.29569842	87.2772231	84.22832882	89.77792293
695.5	90.85202622	86.14880458	83.13486569	88.10578787
695.88	90.48125868	86.8718186	84.57889866	89.68533087
696.26	88.1604831	86.61420925	83.16940391	88.21995517
696.64	88.50753792	85.53361133	82.84378866	88.80538881
697.02	90.09543762	87.09497207	82.87243948	90.02327747
697.4	90.02063403	86.73560308	83.54436316	90.48021009
697.78	89.77628267	86.36759275	83.76579077	90.6255146
698.16	90.78826006	86.83868221	84.18986354	90.96800132
698.54	90.37456032	87.64854074	84.09544634	90.99724308
698.92	90.00283006	87.06193104	83.53615396	89.56181312
699.3	89.77794793	88.64615237	83.62366003	91.32609112
699.68	90.53642762	86.58455393	83.90954917	90.50313867
700.06	92.60610716	88.42903783	83.56059151	91.15613597
700.44	93.24955462	88.23246184	85.33391112	91.74731571
700.82	91.71727799	88.69494524	83.69518435	92.39634642
701.2	91.64090426	88.24751232	84.025698	92.98135446
701.58	90.29632821	87.24448274	84.02029776	92.23993489
701.96	91.13309957	87.86204909	84.71588453	92.14179355
702.33	91.12605613	87.07390502	84.52461882	92.54637273
702.71	90.63862777	87.81374164	85.64298866	91.27822463
703.09	91.29083936	87.78824215	85.88766445	91.53356959
703.47	91.20595678	87.70683278	85.14697294	90.15962624
703.85	90.02282994	88.45144994	85.15082334	90.22684218
704.23	91.22087058	87.58854854	85.15071572	91.11827642
704.61	91.34878717	88.69816119	86.37030516	91.61287167
704.98	92.94959044	89.6285481	87.25778911	91.38063303
705.36	91.63854243	89.13670824	85.19931524	91.95402299
705.74	92.59331927	89.01015353	84.41408741	90.01324373
706.12	92.95955067	88.9244716	85.09631965	90.25225403
706.5	92.99618604	88.53831294	84.67729952	91.22789638
706.88	93.32567318	88.84448219	86.86616376	91.40730379
707.25	93.37763178	89.46543228	87.61136827	92.40207058
707.63	92.34613101	88.68493964	87.07698397	92.34613101
708.01	94.15600577	88.21992135	86.73652248	92.16984419
708.39	91.70686825	88.84716765	86.91003133	91.64221415
708.76	91.47814846	88.53726446	86.49132402	90.26003083
709.14	90.65467018	89.66545708	85.75334294	89.49644579
709.52	91.50790134	88.74858465	86.14680254	88.78058386
709.9	90.1028088	89.42889468	86.17492252	88.46967386
710.27	93.39537676	90.93615531	88.1667167	90.04803362
710.65	92.93203591	91.24236253	87.79261271	90.45284252
711.03	93.84108956	89.6270982	87.29269273	90.04422555
711.41	95.21392313	92.7716772	88.92054284	92.08536206
711.78	95.15987169	92.06850166	89.89548841	91.75548427
712.16	94.44200181	90.76942972	89.88232251	91.40825036
712.54	95.29958678	90.75671488	90.15237603	90.41322314
712.91	92.32130038	90.74197518	89.7266947	89.12419239
713.29	92.64894216	90.52302648	89.57020644	89.11940987
713.67	93.31392353	89.92837267	86.45264351	89.60630733
714.04	92.42853859	88.60449077	86.37188035	89.11283112
714.42	92.74715122	88.50477364	85.33774766	90.96858639
714.8	90.90374687	89.72550222	85.06364055	92.20722793
715.17	91.27749707	89.61618946	85.54075435	89.38651559
715.55	92.63414634	90.03851091	86.23620026	89.80231065
715.93	91.32870727	90.16962221	86.6692367	88.80236443
716.3	90.54825741	89.69808712	85.71611482	88.92217869
716.68	90.14936904	89.79654906	86.36106104	89.45145506
717.05	90.94386759	91.08959846	88.07869467	88.77872329
717.43	91.39085064	91.29861916	88.03362496	88.92695267
717.81	88.92513203	89.91405198	86.48648649	88.12001657
718.18	92.09611293	89.25995122	86.57688515	89.23140796
718.56	92.41382901	88.99041966	86.79318963	88.24846402
718.93	92.38574728	89.83468715	85.72392495	87.94280227
719.31	93.913452	89.84966331	86.90295975	90.23594509
719.68	91.67885499	90.01514835	86.66161722	87.7507313
720.06	92.53166553	91.0758396	86.09081831	88.27192936
720.43	92.2822318	90.62729852	87.5065672	87.63003047
720.81	92.66557774	91.83044418	88.15269508	88.24490226
721.19	91.37077231	91.6499842	88.19144453	87.82794226
721.56	91.37563663	91.66406818	87.65980667	88.11713959
721.94	92.06887623	90.87260487	86.72967374	87.47799068
722.31	92.32721998	92.04745622	86.90291162	87.84581909
722.69	91.20695942	91.85289368	86.99536386	89.11809137
723.06	91.81245444	90.84400708	86.50161408	87.29303343
723.43	91.32441524	90.57081019	86.18216903	87.13916921
723.81	92.2445016	91.94792924	86.11621437	86.29993176
724.18	92.18619247	91.50627615	87.24633891	85.71129707
724.56	92.20972193	91.84355763	88.48439822	86.30598599
724.93	91.32960186	91.36656458	87.13961348	85.58189883
725.31	91.80563313	91.86946461	86.51825846	86.26559217
725.68	92.13259844	91.82786581	87.3946685	87.00779056
726.06	93.25923557	92.29969615	88.23498054	85.94541287
726.43	94.17731131	94.04713476	90.44558349	86.22298159
726.8	95.02572434	92.31248308	88.88437585	87.22177092
727.18	93.53911251	91.96050776	88.17402626	86.73917761
727.55	93.63626546	92.81278687	89.28667855	85.32048167
727.93	94.3820837	93.15333479	89.40170009	85.0043592
728.3	93.47318081	93.99217434	89.65001902	85.36764306
728.67	93.5082536	92.76556528	87.19269238	84.37101889
729.05	92.36941259	91.77848256	87.79377084	84.08826001
729.42	93.58246438	93.48146531	88.16946006	85.83010318
729.8	92.36139518	91.80506695	88.13439145	83.40832856
730.17	91.83995216	90.8668352	87.11571394	81.98918155
730.54	93.29449269	91.94789491	89.57073761	83.19500934
730.92	93.98086706	91.59754479	89.92756027	84.42545897
731.29	90.66532368	91.35405891	87.55920945	83.42407579
731.66	91.4912185	91.19122941	86.44594742	83.78422603
732.03	91.22566493	91.77131889	88.20126131	84.58184809
732.41	92.71173869	91.0661795	88.25032279	84.01142826
732.78	90.03408316	89.49147921	86.36673483	83.35105658
733.15	92.29765738	91.12634618	87.90662818	84.02076163
733.53	92.21526628	91.90365234	87.7263412	85.22220039
733.9	91.10899198	91.44556011	87.6283166	83.13232737
734.27	93.70284304	92.48357575	87.35978426	85.08190607
734.64	92.16346565	92.33469364	87.67158472	83.64772695
735.02	93.71703605	92.06847854	87.71075309	84.17154221
735.39	94.72857849	92.78923037	88.82330707	85.53775478
735.76	95.08311054	91.63954434	86.0688132	85.03429036
736.13	92.05555397	91.20681279	86.66018918	83.30809019
736.51	90.20558628	92.4514391	88.27165745	83.5502623
736.88	89.81189889	92.73980764	87.58475899	83.99580106
737.25	91.23867944	94.15815515	88.90078412	84.9657128
737.62	90.7120743	92.3497584	89.49393825	84.6995168
737.99	90.01681918	93.28943242	88.96775849	83.50580119
738.37	90.0392849	92.30528353	88.51628331	83.6512184
738.74	90.93126134	92.10809891	86.77971869	84.12828947
739.11	91.43481889	92.47345858	89.13600138	85.09077308
739.48	92.44779582	91.56902552	88.23085847	82.89153132
739.85	91.18803864	91.28058303	87.10451732	82.35583319
740.22	91.98868158	91.26654287	86.63896012	83.43502225
740.6	91.40520403	91.1723616	86.88223994	82.31852844
740.97	93.72140013	92.07226481	89.27616331	81.8000832
741.34	94.41377854	93.86782493	91.88912014	83.09655235
741.71	92.98695873	92.88549345	90.6681787	83.20451222
742.08	93.04456106	91.84084912	88.66850485	82.20225918
742.45	93.751849	92.26968818	88.48293	83.14005088
742.82	92.67617252	91.40643413	86.62502946	81.15425407
743.19	92.08664898	92.86472149	87.48894783	82.70262305
743.56	91.68052274	91.46757679	86.92570228	82.82430501
743.94	93.16460209	93.64881324	88.73243621	83.55464457
744.31	93.46045753	94.23710374	88.80058022	83.08905745
744.68	90.13284988	92.45103575	87.11326418	81.77549261
745.05	91.6432775	93.67436246	87.84668779	83.22619587
745.42	91.61458333	93.20159314	87.69301471	84.18198529
745.79	91.05899032	93.10546755	86.44825248	85.73630031
746.16	94.02555506	93.61439686	88.86710102	86.97261054
746.53	92.59792717	92.87973197	88.46479006	86.61740301
746.9	95.53974815	92.91230094	91.69470345	87.9714185
747.27	93.68146712	92.86145631	90.22661539	86.06617297
747.64	94.92630294	94.39966604	92.69130728	87.20657654
748.01	93.00525561	93.6837076	90.52715401	86.55199873
748.38	94.65668394	93.78639534	92.00422346	86.90407628
748.75	93.05152337	94.10432286	91.46275323	85.56707609
749.12	91.78977728	93.69011376	91.57827271	85.81637558
749.49	92.20293469	92.7495924	92.18055689	84.7639142
749.86	91.27613324	92.59318458	92.31187264	85.01694265
750.23	91.83227919	93.09724853	92.55144958	85.81564838
750.6	92.36306123	92.85368452	91.85952681	85.72673574
750.97	94.76339654	94.17642209	93.54657873	88.09233306
751.34	95.57658812	94.06487233	92.34283085	86.8086365
751.7	93.70744458	94.89818968	91.76481977	85.68524315
752.07	94.27422754	96.29737704	90.41597769	87.43312907
752.44	92.81669054	92.95339149	90.26493946	85.8579612
752.81	92.73175542	94.10585141	89.81262327	86.36752137
753.18	94.0303441	94.43030443	89.44236935	86.98310911
753.55	93.00198548	93.31445497	89.20027341	86.72004687
753.92	93.42668863	94.58649094	91.06095552	88.00988468
754.29	94.85335919	95.71280474	90.02775641	89.23853794
754.66	94.63857659	95.40835275	91.06654512	88.98679901
755.02	93.65348719	96.11742746	90.96555235	88.0332598
755.39	92.77214038	94.46448437	90.93820585	86.00950679
755.76	93.59720214	94.12180112	91.06164038	84.79335508
756.13	92.70265696	94.81468946	91.22694195	86.45456084
756.5	94.73306201	96.16949964	91.1146072	86.14179692
756.87	93.49642605	93.79173798	89.36205913	85.08003624
757.23	95.16400481	95.78224283	89.75785677	86.11025245
757.6	93.02727427	95.1414535	88.69049636	85.88514315
757.97	92.89501233	95.09674805	88.84949178	85.40505859
758.34	94.55012853	93.51499572	89.40874036	85.59040274
758.71	96.4023984	94.64216838	89.34745258	87.6222869
759.07	95.38982341	94.43358693	89.05213932	87.88650799
759.44	93.94600683	94.92450107	90.2291366	88.12431805
759.81	92.25652036	96.0297068	90.08834606	87.42036535
760.18	92.33025837	95.12246846	91.10734104	87.23359135
760.54	93.9791777	95.20734074	89.7441327	86.101994
760.91	94.77953636	94.44063886	92.19093629	88.47027436
761.28	94.83458458	95.03574123	91.5442365	88.61309673
761.65	93.32410071	93.86385427	89.50321366	88.89954192
762.01	92.74843013	93.63536382	89.89605137	88.48405293
762.38	94.51750457	93.55717204	91.16350736	88.92034257
762.75	93.73088135	94.78893008	90.24004031	87.88642171
763.11	93.20589842	94.7715274	90.54797014	87.87547788
763.48	94.24265701	94.64501262	91.89436336	88.61699404
763.85	94.36567579	96.96442454	92.60356125	89.50875504
764.21	94.14782513	93.38194877	91.16127377	88.69874308
764.58	94.85969053	94.96459481	91.15806826	90.14649133
764.95	94.69586918	95.85801021	90.97850784	90.50173204
765.31	92.28510907	95.14660523	91.5790256	90.67226578
765.68	92.74081318	94.50107195	92.27441983	89.74686877
766.05	92.28324672	94.96018245	90.77279695	90.30171608
766.41	90.39520509	95.24255479	91.3017419	91.01704439
766.78	90.78069685	92.67374697	89.42425936	91.13843861
767.14	93.10083684	94.23681321	90.4199326	92.23749479
767.51	92.92129296	94.35370798	91.13266892	91.86782371
767.88	94.72975572	95.16060781	92.84477784	91.50605886
768.24	94.85936358	94.14367617	91.45792451	90.94232175
768.61	96.39604117	96.69571389	92.20850913	93.15484405
768.97	92.57946446	93.54267001	90.42958967	91.4236178
769.34	95.23532379	93.61347146	90.34648663	90.81209017
769.71	96.93195746	93.7373977	91.18333136	90.64563318
770.07	98.28121848	96.74803308	91.3899536	94.13354852
770.44	98.53338168	97.62278899	92.50574157	94.02070994
770.8	96.05558399	93.6818486	89.17450695	91.33960556
771.17	97.67506447	94.68359452	91.75560405	92.00952192
771.53	97.24928826	94.74718313	92.67813465	93.68058062
771.9	96.87762028	95.81553204	91.99041725	93.37193053
772.26	97.76969503	96.68252128	93.12522483	92.58963188
772.63	100.6900234	98.20101039	96.22130037	95.52306239
772.99	100.1833868	98.03275955	93.79819114	95.27362147
773.36	99.19014819	98.03798789	95.03235233	96.01753287
773.72	98.67372881	98.70762712	95.4279661	95.33474576
774.09	99.25954296	99.965956	96.19558279	98.1616239
774.45	97.39917556	97.9941354	95.27431898	96.78721686
774.82	98.02396468	97.45217574	93.43283582	95.39205382
775.18	97.90085045	96.94669156	93.09686787	94.27504667
775.54	98.31608931	96.22167302	94.14401206	94.83098061
775.91	96.4664311	96.82394513	93.36520474	93.37351902
776.27	96.26136888	95.3225198	93.72144683	92.51435517
776.64	95.39259947	96.23644572	92.50664529	92.99607611
777	96.75761501	95.89687879	90.89123804	91.18372122
777.37	95.72674786	96.05545956	92.92848413	93.87247672
777.73	94.25925153	97.3799491	92.69890275	92.48195586
778.09	92.23588436	96.11794218	91.08442653	90.82123617
778.46	90.43089664	94.44877209	91.06227707	93.20241073
778.82	91.21378683	95.55316775	91.76757449	92.61065421
779.19	90.18798716	98.21599767	91.86361552	92.65557918
779.55	90.83975899	97.75839548	91.77516538	94.20216576
779.91	90.79029767	95.39097399	90.83204609	94.35561308
780.28	92.20286064	95.80608413	90.93709126	96.41365343
780.64	93.52154532	97.40182551	91.09318616	94.80365103
781	93.07695591	96.3464083	90.36237142	95.45861966
781.37	92.39930979	95.1517192	90.74954758	94.80661588
781.73	92.58690552	94.74514822	88.21070591	94.39539347
782.09	93.45235535	96.25725963	89.33964293	95.91309959
782.45	93.44732953	93.20244881	88.22883682	93.87798185
782.82	93.39231525	94.30696243	90.2209685	94.91387785
783.18	93.43908026	94.19112244	88.77987639	93.71569348
783.54	92.81380438	94.76741684	89.41434657	93.62278928
783.91	92.07791643	95.5737206	89.86042871	92.86925519
784.27	90.17659565	95.6697184	89.64724259	91.8861457
784.63	94.3926916	99.20795644	92.25957428	94.77071239
784.99	94.91350258	97.96000899	91.96585037	93.06223321
785.36	94.88361582	98.57175141	92.19887006	94.9740113
785.72	94.57741042	97.40224352	93.58735637	94.51382897
786.08	92.94254624	93.55156509	89.60189871	93.89189915
786.44	93.38415338	96.47955648	91.66551167	98.37375837
786.81	95.40799626	95.9784896	93.35983166	94.37923778
787.17	94.21507101	97.40480347	93.13924409	96.15910914
787.53	93.1645689	96.3607222	92.89115165	95.59703955
787.89	91.99400721	95.91741186	92.03146215	95.88932066
788.25	92.47428008	97.8296613	93.40442524	95.02043501
788.61	94.42878303	97.62052654	93.32982942	95.11682355
788.98	95.36364068	97.84333286	94.62258325	96.26621063
789.34	94.26632902	96.92292991	93.97008935	94.81102776
789.7	95.80602883	97.88359788	94.19445658	94.82549391
790.06	97.24437999	98.42397873	94.30505197	96.81895093
790.42	97.0163391	97.17736206	91.39947904	96.59957376
790.78	95.82086804	94.0166613	89.99401666	93.30786579
791.14	99.84595388	96.83242671	96.06219612	97.20791412
791.51	96.73672826	95.27907086	95.93736775	96.63328161
791.87	100.5754568	96.35544046	94.02484055	98.09140172
792.23	101.3931962	97.21360752	95.21923756	98.54000668
792.59	96.13287514	94.37342497	93.07216495	96.45360825
792.95	97.242706	96.73888151	93.67929281	95.2365685
793.31	94.34584293	94.19229553	92.18714718	97.66066025
793.67	96.0106503	95.2705447	93.49248612	96.43485717
794.03	94.93785311	97.35141243	93.26553672	96.80903955
794.39	97.15422977	97.86795992	93.25616507	98.10586997
794.75	96.63779929	96.58222572	93.27559857	98.6013986
795.11	96.96788166	98.55306207	93.94497949	98.41481959
795.47	96.86647872	99.00171003	93.49262837	97.03286038
795.83	95.36905688	98.87429644	94.24335332	96.40323983
796.19	97.11211007	98.80125324	93.37964855	97.79321618
796.55	99.30169523	98.42881426	93.70606882	99.19143658
796.91	97.28736675	99.3377183	92.46994783	98.30347017
797.27	95.42944372	97.49472455	92.23274817	97.49472455
797.63	96.16578912	98.08289456	91.4855317	98.14589802
797.99	95.67636018	98.32662476	93.20700104	99.2040161
798.35	97.57173389	98.69946796	93.65194852	98.18107408
798.71	96.51950582	96.03241376	89.4345304	96.82061728
799.07	97.81440185	95.50442006	90.52907467	97.9032473
799.43	100.7197805	96.27513608	91.67753835	98.1465653
799.79	100.4984819	98.80364345	92.11492274	98.82177006
800.15	98.19990099	98.51491832	92.46658566	100.1890104
800.51	98.36841394	99.52224275	94.68157029	99.341957
800.87	98.33921157	98.26777981	93.73186303	98.25885084
801.23	98.75598514	96.23215644	93.86047344	97.44932206
801.59	98.88268156	96.81787709	92.56312849	97.03240223
801.95	98.68205741	97.00145947	91.88005838	98.58475963
802.31	100.856589	98.29583878	94.40962986	101.2533249
802.66	97.31128112	97.71812674	93.04824658	99.84079954
803.02	96.46391345	97.15881603	92.82227207	96.32317368
803.38	96.58171963	98.05918608	93.74043799	97.79691393
803.74	94.87689845	97.70671974	92.02976937	97.16152482
804.1	96.55734096	98.05414924	92.75368699	97.82522562
804.46	97.99412695	97.71402756	94.96724644	100.2349221
804.82	97.8362913	97.41606688	94.69801958	97.3803031
805.17	95.8324077	98.20500289	93.69085174	99.04029857
805.53	95.49940782	96.03456595	90.85844629	97.58740185
805.89	94.80745018	96.12729562	92.07224417	98.52385707
806.25	92.81432034	96.27535184	90.7138909	97.26178834
806.61	94.68246077	95.43469802	92.46898102	98.22748692
806.97	96.64897583	97.57884118	93.71025045	98.94732225
807.32	95.87129715	97.43826753	92.06831287	99.11967956
807.68	96.35977149	98.5651654	93.83552544	99.55714982
808.04	94.42088234	97.57771851	92.03357964	99.35289231
808.4	95.67160876	99.88493029	95.39721177	99.35383935
808.75	98.11413505	100.5094517	94.51222237	100.8401484
809.11	95.79595198	97.58158887	93.07415594	98.27504009
809.47	93.71823276	99.59164169	93.45757852	97.74099657
809.83	95.71384656	100.781696	94.86188573	98.55078828
810.18	94.10867576	98.2047148	93.09773846	98.38772931
810.54	93.84789912	98.19363847	91.29106855	98.16745931
810.9	95.54059371	98.44357977	93.17098763	99.64149871
811.25	95.76877496	99.49962691	91.92380284	97.24355879
811.61	92.47567568	97.24108108	90.81513514	97.43135135
811.97	96.21428886	100.2024915	93.09768015	100.8187701
812.33	96.40982667	98.25342919	93.53415957	100.1146738
812.68	96.00611754	98.96001748	93.25322263	99.27463404
813.04	97.40097352	98.570982	94.54293753	100.3483231
813.4	97.35164296	97.48539837	92.87529538	100.5350216
813.75	95.98551567	98.87344092	94.42085028	99.70494881
814.11	96.3675309	98.45597751	92.06568789	97.34035432
814.46	95.87666319	100.3723718	94.3690114	99.94550656
814.82	99.55309343	103.7987058	97.97960989	101.8900424
815.18	97.33821175	100.9787331	95.27098102	99.8810885
815.53	95.05152767	99.35533663	94.17079039	98.87410905
815.89	97.03205936	100.7933175	95.68808624	100.5693219
816.25	97.03967399	99.2599185	94.86627008	101.3115368
816.6	95.33584695	99.03179258	92.82223153	100.4841037
816.96	96.73887505	99.88722334	93.04543959	101.3063296
817.31	94.49412426	100.0936373	94.52221546	99.57863196
817.67	95.14359094	98.54307728	94.22834462	98.02941863
818.02	95.63490209	98.19600879	94.60672057	98.91573585
818.38	94.43334418	97.57446215	93.24380837	99.94424051
818.74	95.93832968	97.77353393	92.99455028	98.60263636
819.09	98.27610569	97.8992982	91.71965522	99.80217606
819.45	98.70494691	97.89553873	91.3250488	98.93348569
819.8	98.6737274	97.15662421	91.92786604	99.47521588
820.16	99.95185595	99.83631024	92.49915748	103.485629
820.51	99.37831763	98.58447707	93.21888002	103.3283918
820.87	100.2197907	100.4204692	94.05609441	103.0101773
821.22	98.65924975	98.84942709	94.38976846	100
821.58	101.3587616	99.18474305	94.01174358	101.9604989
821.93	99.15538081	99.96116693	94.50512111	102.2523178
822.29	99.27329102	100.2713047	93.51775592	103.7013711
822.64	99.53701471	99.72027972	92.72727273	100.1736195
823	96.59052818	98.64961931	92.61600345	98.17076091
823.35	98.58308497	102.0716275	93.34538525	100.1856647
823.7	98.34069186	100.5919169	94.39134443	101.4943477
824.06	96.84643289	100.0096735	94.23458283	101.3252721
824.41	97.37892299	99.33980391	94.87609006	102.8477115
824.77	98.30666079	99.50080752	93.31473597	102.0359223
825.12	96.22913761	97.96065605	93.04506758	100.8176615
825.48	97.54030085	99.53941888	95.5999804	101.6071341
825.83	98.86663021	101.1234279	96.82855297	100.6163941
826.18	98.31139806	99.6225478	95.96722126	99.0166377
826.54	103.4157164	101.9606831	98.16314948	101.2796037
826.89	101.2658874	99.93874738	98.18283906	99.37726507
827.24	100.0206516	100	96.5718416	100.6092209
827.6	101.2814502	99.89581705	97.15580559	102.3753712
827.95	99.11129271	98.88656213	97.37473824	101.6650493
828.31	98.89469148	99.10764083	95.38609745	101.4500837
828.66	97.99341272	96.09830251	93.4735242	98.32784393
829.01	99.21459205	97.85046246	93.12768046	101.1367747
829.37	95.58379015	97.26420411	92.98119781	99.37496798
829.72	97.57667934	98.42839037	93.7338403	99.10773131
830.07	96.34475386	99.53163977	92.53678155	97.78037978
830.42	95.88418526	97.97783792	92.97349742	97.76336619
830.78	98.7832146	99.30320836	95.47605429	100.1975976
831.13	97.81335821	97.10865848	96.19669413	100.849785
831.48	98.13356968	100.2606746	95.4016996	102.6797352
831.84	97.98752686	99.36062051	94.67533148	102.6728159
832.19	102.4671665	101.8397405	95.58674961	104.243101
832.54	97.49019608	98.95424837	94.2379085	102.2169935
832.89	96.63909814	98.12463783	93.63641153	101.5487541
833.25	95.69892473	99.44400734	92.32100708	102.0246525
833.6	96.19859948	98.61001422	90.83873006	100.105302
833.95	100.1175528	99.73283462	92.18808442	101.9449639
834.3	97.84946237	97.58720168	89.34172568	100.3776554
834.65	98.29998416	98.97576685	91.42600707	100.9714376
835.01	98.89048914	98.67712167	94.37776711	101.4508988
835.36	98.17082954	100.4920575	93.7316147	101.5617479
835.71	96.77879284	97.43359561	90.93837461	100.9399588
836.06	98.29059829	99.09752084	91.83521792	101.9005149
836.41	96.0792514	97.81483611	90.34973078	97.8462021
836.77	94.60936269	97.41501602	92.5077497	98.87563705
837.12	97.67606016	97.80637455	92.47434436	101.3574415
837.47	98.91166932	98.19710878	91.89798274	100.4837025
837.82	100.8397246	97.81671612	92.55444214	101.4891116
838.17	101.0204654	98.20577516	92.39697225	99.20381273
838.52	98.95526535	99.11086413	92.12003334	100.2889692
838.87	102.4327858	98.74950264	94.78201557	101.7848008
839.23	101.578859	97.51413695	93.68456413	101.0189799
839.58	102.98372	101.4067729	95.23512394	102.393783
839.93	98.52604545	98.63770867	92.80888839	102.1327676
840.28	98.74512464	99.78520151	94.46046012	103.1880617
840.63	98.37730496	99.01276596	93.96312057	103.9035461
840.98	97.99308351	99.73921424	94.01326606	102.3924259
841.33	97.26058539	97.39698778	92.29326513	101.4663257
841.68	98.68563918	96.26264358	92.71958398	103.4287674
842.03	99.35353535	99.30735931	94.88600289	105.6450216
842.38	97.78148169	97.873441	93.01109259	102.5978505
842.73	97.71111496	100.1271603	93.44546558	100.462401
843.08	98.75617553	100.2557396	93.9668701	102.2202848
843.43	98.22957981	99.33321837	93.21722136	100.0689774
843.78	102.800356	99.67962029	97.53188965	102.4325126
844.13	98.35613221	98.09781013	94.68091352	99.77690366
844.48	99.70534504	98.66815959	95.27373446	100.8368201
844.83	100.6078303	99.42792444	94.54144568	102.5028306
845.18	98.30113059	98.80361309	95.20248848	100.9690734
845.53	96.86814165	99.53733911	95.26662317	101.0439528
845.88	98.84942765	99.84737306	93.80099795	99.22512474
846.23	100.9262044	99.60305527	94.98406207	102.2734107
846.58	97.71632471	97.72821885	94.70710675	101.4748736
846.93	95.12919513	99.07335907	94.92723493	102.8036828
847.28	93.35645835	100.0352754	92.30995355	101.4110177
847.63	92.53580555	100	92.67843347	102.0799905
847.98	93.64870522	100.4545183	91.2565038	101.3157108
848.33	93.65705071	97.3362002	91.0051962	101.2184196
848.68	92.75735955	96.18682175	94.6759398	99.29252353
849.03	95.86148135	97.90639645	93.36619804	101.5336863
849.38	94.2122571	95.58744395	90.24215247	98.03886398
849.72	97.7370757	98.72476089	92.17353254	102.1629055
850.07	99.2825225	98.81679149	91.75530241	102.6559255
850.42	98.66742096	97.38512792	89.76679867	101.4457225
850.77	96.31779317	96.9793422	90.63845722	102.2717344
851.12	95.81574601	95.43647152	90.46919924	99.4372056
851.47	95.89391576	95.66926677	90.77691108	100.574103
851.82	97.99032846	97.3623061	92.86566602	99.73623061
852.16	100.1535018	96.00895427	93.27150624	101.1384714
852.51	100.6070391	100.1549887	94.62705844	103.6938973
852.86	97.46170117	98.19242356	92.32100506	101.8844946
853.21	97.49184209	97.31268795	91.43899162	104.0181713
853.56	96.04125296	100.5252706	95.73377746	104.9580424
853.9	96.89099035	99.65023641	95.80283697	106.6455081
854.25	96.75245491	99.34535652	93.9670111	103.4272511
854.6	98.31078852	100.7258331	93.22995711	104.3418014
854.95	97.93135253	98.81415113	93.26701364	101.3439621
855.3	101.8881821	98.20555742	93.67927687	101.218614
855.64	97.82680277	96.97069476	91.00428054	101.1326967
855.99	98.55905876	97.51470685	93.45627603	102.2869985
856.34	101.5320995	99.82374076	93.96651074	105.2064267
856.69	101.0142123	97.95823047	93.06065257	101.6547675
857.03	99.98648009	97.85033462	94.05124045	102.9203001
857.38	97.66012294	96.13986384	90.98420252	101.374843
857.73	101.1887876	100.5133401	93.5832489	100.8240459
858.07	101.8914749	97.63900999	92.99751828	101.7707425
858.42	100.5499296	98.51116625	91.99248877	100.4962779
858.77	98.50619144	95.19098473	91.23370242	97.70687283
859.12	100	99.04241689	92.95974105	98.85359768
859.46	96.07505138	96.49937015	92.4816018	98.43532454
859.81	96.19911883	96.6068258	89.67580719	99.14513053
860.16	95.9587903	98.28514457	90.92057162	100.0930542
860.5	96.67404278	96.6874539	90.93408436	101.139945
860.85	99.33879744	98.966871	92.01046904	101.804532
861.19	97.20346498	98.10381284	92.21062683	100.5047405
861.54	100.3456142	96.77887606	91.49789175	100.4009124
861.89	99.21134556	95.55863023	90.97890003	101.1622276
862.23	99.21003395	95.49580764	93.47238584	101.8016769
862.58	95.77187139	93.70539052	91.92441031	98.74923527
862.93	91.73399212	94.41810777	89.39707552	97.78326768
863.27	94.13889457	96.49696722	89.17740067	98.73236557
863.62	95.27132308	94.48546846	89.29611815	97.79147754
863.96	97.63917022	97.19214919	91.91171335	100
864.31	96.73207178	96.85776133	93.79931569	99.62293136
864.65	93.45217452	95.76888396	92.9527641	97.96074079
865	97.08401161	96.89999292	95.28629061	98.95250902
865.35	95.27670074	97.39161086	93.52837504	99.16813535
865.69	101.1222036	99.18385193	96.22531516	100.8890184
866.04	96.65361339	96.63937344	92.26771093	98.91776433
866.38	99.29000942	95.17496196	93.21886546	100.1593856
866.73	99.94174616	96.85429258	91.96096993	100.7136096
867.07	99.41940634	97.27120981	91.29109514	99.4048915
867.42	99.12715438	99.31947629	94.03802056	100.4438198
867.76	100.2051132	98.4030474	92.58662369	99.54582082
868.11	102.5798799	98.29490696	91.47453481	101.7199199
868.45	100.6752294	96.59449541	90.57614679	100.2788991
868.8	99.38947212	98.70448961	92.55453801	101.7124563
869.14	99.86588183	98.86744654	90.06035318	100.8792191
869.48	98.4737349	97.54019412	91.44995184	101.7485367
869.83	96.00381988	96.6208771	89.40718431	99.82369794
870.17	98.18627815	97.24968409	89.81639783	98.45387646
870.52	100.1783989	96.22389058	89.80153126	99.59860254
870.86	101.1510791	98.24308974	91.1397198	100.8481636
871.21	98.54995846	94.44150744	90.52941621	101.8729703
871.55	99.42904365	94.09510931	89.54248366	99.15859064
871.89	98.03966264	96.96071727	92.88807841	101.8691589
872.24	98.69982614	96.91586666	91.65469801	99.33479477
872.58	100.2863818	96.15645489	92.22247343	99.6533273
872.93	100.0153362	97.5001917	90.6448892	101.0582011
873.27	98.81346791	96.40958471	91.44772325	101.3868557
873.61	97.37660171	96.14830541	90.97732959	99.71188111
873.96	94.96091675	96.75191622	91.48516354	97.89026334
874.3	95.08184355	94.7650298	89.36410953	97.94825375
874.64	96.65628087	95.03001748	89.30009879	98.44973022
874.99	94.95065412	94.85884783	90.17672711	100.627343
875.33	94.76423522	94.06509749	90.6626272	98.1977783
875.67	96.56210393	96.46704689	91.60329531	99.27915082
876.02	98.43232323	98.96565657	92.58181818	100.4040404
876.36	97.05630403	97.14975469	90.43688186	97.97523557
876.7	95.92508424	94.06002664	92.05391427	98.71483426
877.05	98.35061648	97.22380991	94.33330612	102.1066384
877.39	95.95783467	93.96052944	91.61448839	99.49274788
877.73	97.51208304	94.37445527	91.36360035	99.54044846
878.07	96.96549474	98.2380292	92.07113141	100.1468309
878.42	100.8419635	100.1515534	94.47671971	102.0375516
878.76	99.18267266	97.22108705	92.43154884	102.7952595
879.1	101.9315627	96.5365082	94.18866039	101.3820664
879.44	102.5436109	97.66262783	94.99871101	104.4341325
879.79	99.94973611	95.66055123	91.85725057	101.6084443
880.13	97.65539344	95.22644851	90.45289702	100.8602513
880.47	98.4709737	95.39611863	89.06158111	98.50457868
880.81	97.48918483	96.42039189	90.46568835	96.79362117
881.15	98.00704407	96.27179796	90.58500129	97.37135985
881.5	94.62986198	94.52948557	88.7076537	96.03513174
881.84	94.76544862	95.28388661	90.2500209	96.67196254
882.18	93.32276104	95.84341875	89.93406227	96.52783574
882.52	98.34287179	96.9761681	94.89194499	97.8474417
882.86	94.16070677	95.77618847	92.25915019	96.06226336
883.2	94.89735575	94.06944327	91.51812115	96.90800034
883.55	94.90822972	96.12619471	90.01945361	98.39296287
883.89	93.82518718	96.1638765	91.08269538	97.10608227
884.23	96.41376977	96.54909921	89.19056077	100.6089825
884.57	94.29145392	94.29145392	86.95906922	99.83259396
884.91	95.40520071	94.10923168	91.65193975	98.35058487
885.25	92.66342428	94.24614624	88.55823922	96.90050284
885.59	91.16366921	94.30073089	88.86425228	98.19331527
885.93	92.47747375	94.87476234	87.76556171	96.62726296
886.27	97.13575165	96.41540177	90.10376469	98.86802161
886.62	95.68504205	94.92058099	88.00645545	95.53214983
886.96	96.11947919	93.00485065	88.81797294	94.57067484
887.3	95.46265613	94.86787323	86.40496219	97.12804826
887.64	98.24076401	94.33693558	85.49049175	96.64907431
887.98	97.45940944	93.67376125	87.51577353	97.49305964
888.32	97.45898191	96.11274716	89.68447623	99.29322676
888.66	95.69129179	92.02641354	87.89929839	98.41518778
889	97.83802044	94.29102272	90.82847732	100.1013428
889.34	97.48085947	93.0682473	89.92343789	98.09006339
889.68	98.86757373	95.06464971	90.82227668	100.3718415
890.02	99.38553517	94.93481691	87.64427468	98.7046417
890.36	98.85505683	96.18352277	88.13573384	100.4314279
890.7	97.74196188	93.14407265	87.79350405	100.5890534
891.04	100.6452147	98.01472413	89.89163703	101.2077095
891.38	97.01225948	96.33027523	91.96232849	97.92157181
891.72	96.68642898	96.57272801	89.1496792	96.93007391
892.06	98.78718348	94.82094567	90.75637138	97.50880931
892.4	99.03649873	96.21131706	90.75692006	99.05282926
892.74	99.74947808	96.91022965	92.81837161	100.1336117
893.08	98.9021043	97.22199118	91.64933877	98.66921733
893.41	100.1819836	95.63239308	92.65447928	100.2647034
893.75	101.0528913	96.52874887	91.57686929	100.6745085
894.09	98.29403718	95.02695743	88.91124165	101.1265792
894.43	99.51640203	95.84105747	92.35915209	101.2412348
894.77	101.603272	97.77505112	92.03271984	103.3865031
895.11	97.02656593	93.17572508	89.55236006	98.50515883
895.45	95.65321999	95.33242441	86.54262571	96.67976582
895.79	96.30433036	94.39222303	87.24190568	99.10018478
896.13	95.19423308	94.80977173	87.53704445	96.97236684
896.46	96.72546073	92.54923673	87.40805189	97.08929843
896.8	95.9005323	95.2490665	89.38587431	96.82211806
897.14	94.4712108	95.41900324	87.78927415	97.10923308
897.48	95.66412693	93.57473883	87.82499411	98.50757992
897.82	93.54392437	93.71301207	86.53447083	97.43294136
898.16	94.17944129	93.82149249	88.01649677	97.74336627
898.49	93.52018112	91.95877898	89.21071122	96.97087985
898.83	92.46881619	90.61740017	88.51494469	96.87769671
899.17	93.54736425	92.54855331	87.87158145	98.90606421
899.51	94.53353345	93.88577297	87.97693341	99.24164626
899.85	92.37134526	92.93876586	89.17172354	99.054299
