wv	10L	12L
350	0	0
350.44	0	0
350.88	0	0
351.32	0	0
351.75	0	0
352.19	0	0
352.63	0	0
353.07	0	0
353.51	0	0
353.95	0	0
354.38	0	0
354.82	0	0
355.26	0	0
355.7	0	0
356.13	0	0
356.57	0	0
357.01	0	0
357.45	0	0
357.89	0.1353179973	0
358.32	0.1191895113	0
358.76	0.1129943503	0
359.2	0.09861932939	0
359.64	0.0849617672	0
360.07	0.07674597084	0
360.51	0.06671114076	0
360.95	0.0600240096	0
361.38	0.05254860746	0
361.82	0.04750593824	0
362.26	0.04415011038	0
362.69	0.04196391104	0.5455171083
363.13	0.04120313144	1.648179586
363.57	2.173069461	1.590978762
364	2.313990744	1.495151437
364.44	2.190765083	1.584086336
364.88	3.070891865	2.090806333
365.31	3.592085236	1.948202175
365.75	3.407450188	1.84807122
366.19	3.214383002	1.743403669
366.62	3.117569353	1.690862736
367.06	3.000254259	1.627277235
367.5	2.895705521	1.644143536
367.93	2.774512109	1.575336346
368.37	2.647520754	1.503233073
368.8	2.553559836	2.034218146
369.24	2.437512911	1.941779662
369.67	2.367101304	1.88562671
370.11	2.254920696	1.547887039
370.55	2.111290034	0.9661974049
370.98	1.6318205	0.9008978382
371.42	1.414404162	0.8453992398
371.85	1.375929148	0.7433203964
372.29	0.8829349977	0.4566926017
372.72	0.9619588981	0.4372521327
373.16	3.185070857	0.6313946244
373.59	4.696990147	1.295731913
374.03	5.034295328	2.290666118
374.46	6.980002547	3.591926572
374.9	8.129981606	5.199219627
375.33	10.22248948	6.843021801
375.77	12.12156634	8.977122365
376.2	15.45152798	11.19379923
376.64	17.11307856	13.54931547
377.07	18.64867805	16.38550546
377.51	20.37844159	18.48633191
377.94	22.34836539	21.84372382
378.38	24.26975505	24.73101308
378.81	27.18103883	27.17073387
379.24	29.86442992	29.89357303
379.68	33.52980321	33.2163378
380.11	37.01024147	36.69071373
380.55	38.37689133	40.2109493
380.98	40.59529098	43.29623581
381.42	43.29074852	45.58853539
381.85	43.89309867	46.64718756
382.28	45.75445762	48.80228985
382.72	46.23460986	50.37419971
383.15	47.2834388	51.69133285
383.58	47.14235747	52.1792296
384.02	47.67402606	52.88608258
384.45	48.62301302	52.48222682
384.88	49.08561666	52.69242671
385.32	49.25172561	52.04935557
385.75	49.43252719	51.89262807
386.18	48.76824554	51.56051769
386.62	48.05063291	50.6947105
387.05	46.55313575	49.3148053
387.48	45.11178376	47.75618167
387.92	43.90281888	46.14536439
388.35	42.2541673	44.00779325
388.78	40.30106228	42.11354093
389.22	38.43244588	39.54711167
389.65	36.02248632	36.3874676
390.08	33.58299694	33.24256274
390.51	30.67564318	29.80512698
390.95	27.66960539	26.51445684
391.38	25.08942259	23.31962802
391.81	22.36969001	21.30887956
392.24	20.03999818	19.42633673
392.67	17.4485818	17.38591168
393.11	15.1325984	15.95604561
393.54	13.12977099	15.01417011
393.97	11.19514592	14.63057166
394.4	9.880806975	14.62322659
394.83	8.842105263	15.15789474
395.27	8.337718056	15.23457974
395.7	8.158721323	16.6832399
396.13	8.660404568	18.26396457
396.56	9.507055719	20.43668109
396.99	10.84593838	22.48366013
397.42	12.53261788	25.15343263
397.86	14.86843534	28.09720772
398.29	16.93182224	31.1930771
398.72	19.06994646	33.79749635
399.15	21.29594803	36.06437082
399.58	23.22749021	38.16037865
400.01	25.60265728	40.68464386
400.44	27.94710531	42.26745802
400.87	30.21133678	43.97514528
401.31	32.9223414	45.48476932
401.74	35.12710159	46.34804412
402.17	37.42158573	46.90178044
402.6	39.39852812	47.57573913
403.03	41.40496609	47.48849988
403.46	42.76108178	47.14364375
403.89	44.07624377	46.40795222
404.32	45.37783557	46.1349116
404.75	45.98162214	45.17358931
405.18	46.43466585	43.77719815
405.61	47.23408947	41.97506909
406.04	47.60746591	40.30004637
406.47	47.99989152	38.48615518
406.9	48.39803083	36.36774491
407.33	48.48573324	33.80220231
407.76	48.14231325	31.56366573
408.19	47.57281553	28.63687838
408.62	46.71944835	26.00173464
409.05	45.9647882	23.31207823
409.48	44.72249197	21.09261803
409.91	43.52254043	19.08022283
410.34	41.92924334	17.24421028
410.77	40.41824281	15.69004932
411.2	38.57695464	14.7766829
411.63	36.79876003	14.25731928
412.05	35.35020923	13.80943528
412.48	33.49629931	13.88154535
412.91	31.38728713	14.37095277
413.34	29.2895279	15.21298174
413.77	27.10724007	16.29396109
414.2	24.89024991	17.7292055
414.63	22.65356473	19.33027055
415.06	20.78426486	21.19963296
415.49	18.93272896	23.81168229
415.91	17.3943876	26.27693036
416.34	15.87647848	29.08514966
416.77	14.59324946	31.76783823
417.2	13.74302545	34.4906893
417.63	13.1974146	37.02986248
418.06	12.9391245	39.68572952
418.48	13.13558529	42.08658432
418.91	13.50297143	43.76549188
419.34	13.97865052	45.39748124
419.77	14.70068695	46.95340809
420.2	16.05684273	48.32166147
420.62	17.63259511	49.74975342
421.05	19.23333163	50.90453388
421.48	21.23928096	51.67879862
421.91	23.4185532	52.58074115
422.34	25.59649727	53.13946761
422.76	27.81349187	52.96051042
423.19	29.96265989	52.89106129
423.62	32.17831845	52.60896365
424.04	34.24678576	51.95466306
424.47	36.46245509	51.56227117
424.9	38.55661464	50.9703566
425.33	40.34384714	50.09947118
425.75	42.09725783	48.94041857
426.18	43.82891302	47.78933829
426.61	45.32859331	46.6972511
427.03	46.86144336	45.55581027
427.46	48.06827655	44.37843339
427.89	49.24204587	42.73021434
428.31	50.25847214	41.02823996
428.74	51.35163689	39.50058457
429.17	52.07716102	37.82743184
429.59	52.67552719	36.12445122
430.02	53.24500451	34.66544209
430.45	53.75924275	33.22617817
430.87	54.08043055	31.82623039
431.3	54.55695115	30.8973934
431.72	54.68786022	29.6608699
432.15	54.737386	28.70070577
432.58	54.80099532	27.9416408
433	54.65369622	27.5453381
433.43	54.31474453	27.31331019
433.85	53.96255183	27.21055904
434.28	53.58323515	27.19599199
434.7	52.94117647	27.46641964
435.13	52.22968982	28.09484996
435.56	51.62366622	28.96392124
435.98	50.56915165	29.93835224
436.41	49.67728078	30.83393161
436.83	48.61461493	31.79411456
437.26	47.60232438	32.94520933
437.68	46.57237606	34.14024333
438.11	45.23816948	35.43906683
438.53	43.84202858	36.45393964
438.96	42.33897853	37.59167503
439.38	40.68115485	38.51100542
439.81	39.0283409	39.14908464
440.23	37.19075894	39.76349676
440.66	35.43681153	40.3715437
441.08	33.54651449	40.78811032
441.51	31.40649843	40.89957009
441.93	29.39727011	40.93769727
442.35	27.36098938	40.75683364
442.78	25.32452026	40.23479322
443.2	23.29457695	39.49642508
443.63	21.36195522	38.7515374
444.05	19.73051011	37.81921085
444.47	18.14245046	36.65858904
444.9	16.54869619	35.47677106
445.32	15.52873175	34.0541537
445.75	14.6310008	32.52045865
446.17	13.89338653	30.94186117
446.59	13.59920645	29.38333522
447.02	13.45628355	28.02053474
447.44	13.69988725	26.5406434
447.86	14.18348163	25.01667128
448.29	15.03175845	23.78832695
448.71	16.26854113	22.80422433
449.13	17.62076266	22.14846243
449.56	19.21938788	21.78788952
449.98	21.15287348	21.72003615
450.4	23.12441858	21.9784327
450.83	25.26388946	22.57226342
451.25	27.4316054	23.60881846
451.67	29.75297626	24.97165016
452.1	32.25685676	26.66471658
452.52	34.72733435	28.54970899
452.94	37.25732425	30.77399422
453.36	39.65097308	33.13588916
453.79	41.89986907	35.70428859
454.21	44.1684575	38.29705707
454.63	46.2253447	41.18495389
455.05	48.37984836	44.14774357
455.48	50.20280765	47.10072487
455.9	52.1354384	50.07134594
456.32	54.05227004	52.8249507
456.74	55.76448939	55.50572212
457.16	57.38016476	58.27752812
457.59	58.93975085	60.81577646
458.01	60.59163717	63.23718504
458.43	62.20285427	65.45994362
458.85	63.66937397	67.64849959
459.27	64.86539809	69.27118409
459.69	66.07021028	71.05129642
460.12	67.19609327	72.51220315
460.54	68.1844457	74.12573715
460.96	69.35661124	75.45424825
461.38	70.3568292	76.84545076
461.8	71.30163289	77.84989128
462.22	72.22515403	79.19362697
462.64	73.10719251	80.14433088
463.06	73.8664248	81.10863312
463.49	74.75985914	81.89001483
463.91	75.56914981	82.52084575
464.33	76.06481177	83.03945098
464.75	76.89163605	83.84184418
465.17	77.44176971	84.47078277
465.59	77.83645411	84.97309202
466.01	78.2190467	85.24929589
466.43	78.81648141	85.79420991
466.85	79.21386839	86.23801019
467.27	79.59842218	86.68240457
467.69	80.20063835	87.07270146
468.11	80.58066039	87.61154307
468.53	80.95804236	87.94256748
468.95	81.34589186	88.49939068
469.37	81.54693091	88.69156631
469.79	81.99449936	88.95938153
470.21	82.1591353	89.13920224
470.63	82.27915236	89.6114512
471.05	82.41139897	89.93751217
471.47	82.87252666	90.35755653
471.89	83.10384228	90.45503219
472.31	83.3436508	90.63083458
472.73	83.5586892	90.78643509
473.15	83.79314267	91.09194614
473.57	83.97887251	91.34035968
473.99	84.32823382	91.55430381
474.41	84.55211075	91.67565438
474.83	84.75321993	91.81856454
475.24	84.88232537	92.05292856
475.66	85.06601493	92.20151421
476.08	85.32653024	92.23128834
476.5	85.58307641	92.29046547
476.92	85.65613847	92.49623152
477.34	85.82392088	92.58565358
477.76	85.87705668	92.52980911
478.18	85.89648411	92.54077225
478.59	85.83677669	92.48525723
479.01	85.81701381	92.49330335
479.43	85.8155626	92.45922959
479.85	85.83711377	92.49752828
480.27	85.73745011	92.40669094
480.69	85.67874261	92.32827889
481.1	85.52074438	92.34639239
481.52	85.42263871	92.4199915
481.94	85.32280486	92.41546198
482.36	85.19199998	92.3166092
482.78	85.00290631	92.22391452
483.19	84.80475219	92.29222941
483.61	84.63588958	92.36082899
484.03	84.32316361	92.24927363
484.45	84.10139894	92.28134642
484.86	83.80550269	92.31110242
485.28	83.44622707	92.22628916
485.7	83.15892631	92.1779609
486.12	82.81656143	92.05824624
486.53	82.41798645	92.0372687
486.95	82.03312168	91.99254491
487.37	81.72857196	91.86136758
487.78	81.27447927	91.87184985
488.2	80.67654233	91.67078085
488.62	80.05932308	91.62902668
489.03	79.36212928	91.45209299
489.45	78.69653505	91.28151935
489.87	78.01938278	91.12781406
490.28	77.22717346	90.872914
490.7	76.34122725	90.53667421
491.12	75.43154779	90.23666929
491.53	74.38355309	89.80716752
491.95	73.36500749	89.33556121
492.37	72.32177933	88.84104565
492.78	71.12355387	88.47234689
493.2	69.72016794	88.09090152
493.61	68.26608285	87.57247211
494.03	66.69509757	87.15103549
494.45	64.90936001	86.51827588
494.86	63.10003251	85.76266777
495.28	61.27536691	85.02188157
495.69	59.22494601	84.11069088
496.11	57.03633153	83.18391905
496.52	54.71587113	82.24609063
496.94	52.3020317	81.1890101
497.36	49.69717484	79.96351537
497.77	46.99787275	78.71904782
498.19	44.29951782	77.39353583
498.6	41.4788449	76.00093891
499.02	38.61628083	74.40063001
499.43	35.78804644	72.76757767
499.85	33.01926854	70.81238567
500.26	30.45596196	68.70043856
500.68	28.01750503	66.36037152
501.09	25.75782981	63.79045417
501.51	23.73339726	61.22310091
501.92	21.99394761	58.52914363
502.33	20.52650358	55.78531322
502.75	19.48242169	53.04511008
503.16	18.7868358	50.40307669
503.58	18.38092503	47.77207324
503.99	18.37470957	45.5129212
504.41	18.74515778	43.50140753
504.82	19.43544269	41.76962719
505.23	20.53247285	40.35526744
505.65	21.97500918	39.27132292
506.06	23.66833998	38.66438094
506.48	25.55781334	38.44344154
506.89	27.65269821	38.66658193
507.3	29.8987034	39.26661057
507.72	32.31028685	40.3944476
508.13	34.7942981	41.81226471
508.54	37.33035986	43.61173965
508.96	39.8397271	45.68459329
509.37	42.36886375	47.97832338
509.78	44.85418327	50.46038494
510.2	47.3067553	53.10173041
510.61	49.73406763	55.81271175
511.02	51.94278829	58.46340358
511.44	54.06660203	61.07717799
511.85	56.14868004	63.57328736
512.26	58.04689509	65.97020972
512.68	59.89345704	68.2278856
513.09	61.59173007	70.18753248
513.5	63.18586219	72.1176684
513.91	64.78450559	73.86986815
514.33	66.279541	75.55091053
514.74	67.69322136	77.02091796
515.15	69.02679422	78.34896437
515.56	70.29796186	79.53336525
515.98	71.40713678	80.56766955
516.39	72.43549584	81.57005661
516.8	73.36380761	82.4624371
517.21	74.29558065	83.33344122
517.62	75.1636213	84.1738174
518.04	76.04943367	84.85839816
518.45	76.9203946	85.48415429
518.86	77.66057008	86.02718422
519.27	78.4148598	86.57586517
519.68	79.13987055	87.08045417
520.1	79.83640191	87.73323664
520.51	80.56853146	88.23383987
520.92	81.14378092	88.6989189
521.33	81.76548844	89.15536007
521.74	82.28262377	89.63759471
522.15	82.81245388	90.11126467
522.56	83.37374591	90.52011536
522.97	83.91843605	90.91368965
523.39	84.38984427	91.22326371
523.8	84.87766235	91.47308883
524.21	85.30547481	91.61547207
524.62	85.70633931	91.66259818
525.03	86.06869359	91.8084126
525.44	86.38142547	91.97894467
525.85	86.81507328	92.19217116
526.26	87.20755694	92.37491756
526.67	87.52280056	92.56539129
527.08	87.87197527	92.69419932
527.49	88.26455281	92.85149458
527.9	88.61466439	93.09723463
528.31	88.87657686	93.21712859
528.72	89.15186541	93.27581184
529.13	89.36290793	93.30186616
529.54	89.58593252	93.49163676
529.95	89.89244002	93.60331061
530.36	90.24816366	93.7609484
530.77	90.52117037	93.9625948
531.18	90.74502237	94.2255904
531.59	90.88601667	94.42326776
532	91.0683035	94.60803919
532.41	91.24034638	94.73763932
532.82	91.38767832	94.90377006
533.23	91.58116424	95.01119751
533.64	91.91198466	95.17531261
534.05	92.08979413	95.23128049
534.46	92.12091572	95.26057379
534.87	92.3219218	95.23309424
535.28	92.50464988	95.25571822
535.68	92.73048853	95.28084157
536.09	92.99057221	95.3536425
536.5	93.16817921	95.31102379
536.91	93.25352202	95.2849608
537.32	93.30571652	95.1989856
537.73	93.42993637	95.11947637
538.14	93.48700091	95.02802347
538.54	93.63462771	95.00808252
538.95	93.76507841	95.07002614
539.36	93.85532193	95.05775708
539.77	93.88277246	94.9897298
540.18	93.92118295	94.9957421
540.59	93.83519574	94.97728742
540.99	93.91583484	95.12281508
541.4	94.06874918	95.16521214
541.81	94.10293345	95.14662805
542.22	94.14405561	95.12417425
542.63	94.2508989	95.18713791
543.03	94.20709204	95.16817707
543.44	94.10841436	95.11215992
543.85	94.0531282	95.13011706
544.26	94.08134479	95.28878726
544.66	94.18508964	95.45354177
545.07	94.23399414	95.46417811
545.48	94.28456183	95.5610351
545.89	94.32619688	95.56462773
546.29	94.45979174	95.67629196
546.7	94.56917634	95.8120622
547.11	94.6744947	95.99299912
547.51	94.84428638	96.19372325
547.92	94.97710822	96.19915112
548.33	95.06400736	96.2999705
548.73	95.17285792	96.43730999
549.14	95.29867243	96.56346088
549.55	95.35321508	96.61176808
549.95	95.38521677	96.66473933
550.36	95.46176263	96.79902639
550.77	95.62175559	96.98938147
551.17	95.6433574	96.92442724
551.58	95.62654315	96.9002947
551.98	95.73890128	96.94232122
552.39	95.85638183	96.99693253
552.8	95.95266698	97.0265137
553.2	95.99391601	97.00949086
553.61	96.0916477	96.96909399
554.01	96.12355934	96.88118934
554.42	96.04330367	96.72176171
554.83	95.93468766	96.68085946
555.23	95.85919055	96.70140601
555.64	95.83993965	96.67344403
556.04	95.85894314	96.75612837
556.45	95.82488599	96.80841642
556.85	95.91612322	96.90299856
557.26	96.0141571	96.9590475
557.66	96.02628538	96.94937338
558.07	96.11302207	97.18919867
558.47	96.12970543	97.27792488
558.88	96.10539322	97.40543513
559.28	96.04425869	97.42475431
559.69	95.9958845	97.45077037
560.09	95.96874677	97.51419819
560.5	95.82166895	97.49492236
560.9	95.68342365	97.38706861
561.31	95.66453107	97.38167032
561.71	95.60474035	97.28905407
562.12	95.59487943	97.0901606
562.52	95.48965664	96.92423266
562.92	95.34455983	96.73100482
563.33	95.22026813	96.60773336
563.73	95.16816685	96.5606996
564.14	95.1013017	96.52417795
564.54	95.01495111	96.48340386
564.94	94.90991787	96.31911699
565.35	94.79487414	96.22259817
565.75	94.73128929	96.09948153
566.16	94.62240117	96.00821542
566.56	94.46030243	95.9204151
566.96	94.27461945	95.83966377
567.37	94.22389789	95.82415696
567.77	94.12330852	95.87429558
568.17	93.95539426	95.8694137
568.58	93.8571356	95.95703773
568.98	93.7706678	96.16078852
569.38	93.61551763	96.35556597
569.79	93.53458175	96.53697416
570.19	93.50498801	96.66626175
570.59	93.34202417	96.64631036
571	93.17240482	96.67767549
571.4	93.0541479	96.63557716
571.8	92.84276035	96.59567533
572.2	92.70380793	96.59902065
572.61	92.59033882	96.62612808
573.01	92.49855146	96.65037545
573.41	92.37257646	96.6532274
573.81	92.24986568	96.57700592
574.22	92.09810998	96.60959683
574.62	92.06550169	96.59875054
575.02	92.0785297	96.6379921
575.42	92.03842218	96.59984803
575.82	91.94775713	96.48729032
576.23	92.00946187	96.40568084
576.63	91.95080437	96.24421588
577.03	91.88267979	96.05763423
577.43	91.90363236	96.00819903
577.83	91.94784112	95.98183414
578.23	91.92037857	95.96590605
578.64	92.04464095	96.0577925
579.04	92.11062251	96.10737814
579.44	92.14109143	96.14753638
579.84	92.25017763	96.21152684
580.24	92.40523151	96.18489471
580.64	92.56836631	96.14736254
581.04	92.63852877	95.98055532
581.45	92.76140391	95.9624381
581.85	92.86869088	95.79762803
582.25	92.9914835	95.63676899
582.65	93.15019986	95.56562806
583.05	93.22122386	95.35929081
583.45	93.38195651	95.14190309
583.85	93.48074448	94.94270054
584.25	93.54534338	94.63754344
584.65	93.63604896	94.23372812
585.05	93.74809987	93.7852863
585.45	93.78254614	93.28364404
585.85	93.92796182	92.77011542
586.25	93.97107992	92.27280885
586.65	94.05318299	91.75917555
587.05	94.22881987	91.3296935
587.45	94.37229534	90.87939385
587.85	94.5509153	90.4535879
588.25	94.62110778	89.86358337
588.65	94.66292768	89.43338418
589.05	94.77092915	89.07045047
589.45	94.80557315	88.65812244
589.85	94.90343875	88.42735145
590.25	94.98390245	88.23956379
590.65	95.00613304	88.01481393
591.05	95.16971442	87.95036647
591.45	95.2450366	87.93866066
591.85	95.38612543	88.03441664
592.25	95.50427469	88.06632599
592.65	95.49681385	88.12750194
593.04	95.6553865	88.32908274
593.44	95.70686985	88.54915692
593.84	95.62111953	88.81720745
594.24	95.62968264	89.21100212
594.64	95.66085172	89.58626499
595.04	95.77170942	90.04927963
595.44	95.88034292	90.42147159
595.84	95.99293056	90.78870696
596.23	96.11559123	91.08727903
596.63	96.16822756	91.36893626
597.03	96.16988768	91.62689634
597.43	96.3110893	91.90802745
597.83	96.2814391	92.14102932
598.22	96.31212264	92.3124144
598.62	96.33833769	92.52601295
599.02	96.42676026	92.77344174
599.42	96.52030231	92.99708128
599.82	96.50021926	93.09125134
600.21	96.50673066	93.25144704
600.61	96.62711343	93.47631118
601.01	96.71067611	93.63034883
601.41	96.74646626	93.71507601
601.8	96.70431179	93.79035422
602.2	96.70439519	93.83807659
602.6	96.64748844	93.86848375
603	96.50532127	93.88918337
603.39	96.46745151	93.88878035
603.79	96.45050974	93.87600729
604.19	96.48792503	94.03413829
604.58	96.55947816	94.06129003
604.98	96.59297784	94.12782112
605.38	96.62090521	94.17508101
605.77	96.71525982	94.17412797
606.17	96.78837994	94.20839646
606.57	96.8010887	94.1964016
606.96	96.91893253	94.12601212
607.36	96.94129659	94.02293734
607.76	96.99250484	93.95651149
608.15	97.03214945	93.98210387
608.55	96.95064668	93.80777074
608.95	96.88128062	93.74386997
609.34	96.84214231	93.74411557
609.74	96.82820001	93.75892875
610.13	96.80519662	93.71532857
610.53	96.70252309	93.71947458
610.93	96.54585199	93.60932895
611.32	96.43365148	93.52899025
611.72	96.44679421	93.50264881
612.11	96.41558664	93.49334745
612.51	96.35953923	93.53075294
612.9	96.31549792	93.56865766
613.3	96.3300209	93.63818535
613.69	96.26955087	93.67957545
614.09	96.23304821	93.64143535
614.48	96.11552726	93.63613468
614.88	96.05262763	93.57714125
615.27	96.12964663	93.76814291
615.67	96.21760798	93.83654144
616.06	96.20283495	93.77561669
616.46	96.26925127	93.74295081
616.85	96.29604498	93.71989751
617.25	96.36750687	93.71242463
617.64	96.4016128	93.65949044
618.04	96.42501552	93.65154359
618.43	96.40483327	93.62244953
618.83	96.41067227	93.57615144
619.22	96.39040079	93.50876686
619.62	96.39243825	93.41325724
620.01	96.47543638	93.37661965
620.4	96.46843544	93.37791328
620.8	96.44532387	93.3284057
621.19	96.49877919	93.23200625
621.59	96.54947845	93.18947416
621.98	96.54871944	92.99914472
622.37	96.45168923	92.89472322
622.77	96.49452244	92.84906954
623.16	96.51154454	92.82051647
623.55	96.5885487	92.8205569
623.95	96.65924615	92.71559038
624.34	96.74830584	92.62324413
624.73	96.79030661	92.48777943
625.13	96.82546479	92.34197262
625.52	96.8300957	92.19333149
625.91	96.84747723	92.09606249
626.31	96.79486456	91.91894628
626.7	96.69072911	91.68981812
627.09	96.64341456	91.45825392
627.49	96.67794258	91.28678145
627.88	96.69797941	91.1587979
628.27	96.70780954	90.93169935
628.66	96.78762703	90.69761628
629.06	96.83493031	90.38795478
629.45	96.79659026	90.02926608
629.84	96.77217874	89.55657631
630.23	96.64339437	88.9928148
630.63	96.62557923	88.51213676
631.02	96.55922596	87.90642126
631.41	96.46674881	87.33269326
631.8	96.22577616	86.54686009
632.19	96.09293682	85.76006753
632.59	95.97541906	84.88360291
632.98	95.87922253	84.04356577
633.37	95.81073685	83.06299031
633.76	95.75629383	82.02770275
634.15	95.70213756	80.9441735
634.54	95.58692193	79.64702314
634.94	95.56954664	78.35877805
635.33	95.43682693	76.97208649
635.72	95.44013193	75.53405053
636.11	95.40379955	73.88972384
636.5	95.40714795	72.22269921
636.89	95.335194	70.41925572
637.28	95.27212778	68.47653216
637.67	95.15787217	66.39110409
638.06	95.096247	64.19413453
638.45	95.11590511	62.01154011
638.85	95.06583316	59.61673905
639.24	94.92833397	57.20431319
639.63	94.8624862	54.81025583
640.02	94.71420851	52.51620387
640.41	94.58629304	50.25445636
640.8	94.42035482	48.15607688
641.19	94.28801103	46.3001211
641.58	94.09436901	44.66752384
641.97	93.8592328	43.30786166
642.36	93.60745684	42.2206782
642.75	93.42643167	41.51010158
643.14	93.18093898	41.09387561
643.53	93.07570045	41.05416938
643.92	92.79009008	41.24767429
644.31	92.5149066	41.83896484
644.7	92.1802096	42.68475813
645.09	91.87473969	43.84462698
645.48	91.60887938	45.34902288
645.87	91.3054207	47.00488312
646.26	90.97843249	48.80455581
646.65	90.71076551	50.83541859
647.03	90.3977445	52.94596211
647.42	90.09001622	55.11045109
647.81	89.79619915	57.31666134
648.2	89.50793954	59.48789319
648.59	89.23532211	61.58278862
648.98	88.91939212	63.54259094
649.37	88.55295925	65.41986425
649.76	88.22526528	67.22737008
650.15	87.79494946	68.89160498
650.53	87.42404556	70.55874713
650.92	87.02930684	72.03182312
651.31	86.67020895	73.44190709
651.7	86.25876485	74.69178413
652.09	85.7803734	75.76926236
652.48	85.18378052	76.71752006
652.86	84.62177382	77.64874903
653.25	84.01439634	78.51527556
653.64	83.35804517	79.31282947
654.03	82.68727768	80.06261563
654.42	81.8709738	80.71220633
654.8	80.97312791	81.2773974
655.19	80.13336186	81.8635764
655.58	79.25410856	82.41944333
655.97	78.29495302	82.89706865
656.36	77.34728494	83.32812351
656.74	76.30666546	83.76196705
657.13	75.2514597	84.10721907
657.52	74.14308397	84.46928952
657.9	73.00127588	84.85337877
658.29	71.80668561	85.27617282
658.68	70.52832128	85.71734866
659.07	69.21652778	86.13857176
659.45	67.75099433	86.56313763
659.84	66.17949848	86.78060847
660.23	64.5047477	87.01506885
660.61	62.74630643	87.17146564
661	61.03826931	87.29678401
661.39	59.21480032	87.38178465
661.77	57.29255457	87.51976572
662.16	55.27209821	87.69439192
662.55	53.15810883	87.8392496
662.93	50.90782161	88.01655334
663.32	48.63741172	88.14539564
663.7	46.28787239	88.30468831
664.09	43.94888246	88.52554015
664.48	41.4937518	88.71131211
664.86	38.96676846	88.86168162
665.25	36.43655082	88.91723827
665.63	33.94587715	88.95335928
666.02	31.51614677	88.95462602
666.41	29.14267192	89.08796005
666.79	26.86195292	89.15899167
667.18	24.68036816	89.27939219
667.56	22.57030186	89.3747466
667.95	20.6413941	89.40215796
668.33	18.84812908	89.31961174
668.72	17.24250019	89.18560769
669.1	15.86034918	89.1201338
669.49	14.68346478	89.07706262
669.87	13.74945099	89.12017392
670.26	13.08507337	89.18663075
670.64	12.61808441	89.19305918
671.03	12.41624212	89.18288595
671.41	12.47637113	89.13192098
671.8	12.76599251	89.20781663
672.18	13.31311344	89.3076556
672.57	14.06153704	89.35856635
672.95	15.01967966	89.3875217
673.34	16.18191701	89.46549633
673.72	17.54051077	89.5693222
674.1	18.98548177	89.61158295
674.49	20.61607834	89.64304567
674.87	22.33420887	89.72932569
675.26	24.11988028	89.82219836
675.64	25.96741876	89.94491795
676.02	27.84059479	89.96889873
676.41	29.70067097	89.89404506
676.79	31.53382405	89.83505054
677.17	33.42205757	89.8335656
677.56	35.24903571	89.68936313
677.94	37.04387996	89.54154061
678.33	38.8422832	89.4328038
678.71	40.55785831	89.35161835
679.09	42.3190435	89.28779982
679.48	43.93041714	89.20929817
679.86	45.53885535	89.18301686
680.24	47.0191221	89.06049908
680.62	48.51441201	89.05789314
681.01	49.87731364	89.04130351
681.39	51.29075232	88.96669569
681.77	52.67005153	88.90264646
682.16	53.91609564	88.80731712
682.54	55.11811658	88.81027693
682.92	56.28310523	88.79684645
683.3	57.35382733	88.65826847
683.69	58.29370135	88.50692257
684.07	59.31642485	88.49977493
684.45	60.3502138	88.46893839
684.83	61.35150493	88.41152166
685.21	62.33950531	88.42393092
685.6	63.18849586	88.39091428
685.98	64.10114247	88.28740768
686.36	64.91191107	88.17919687
686.74	65.68312802	88.06536693
687.12	66.39280402	87.93600472
687.51	67.07986441	87.85687427
687.89	67.68394411	87.8280909
688.27	68.28923596	87.78931041
688.65	68.90040593	87.66451474
689.03	69.39925968	87.44955113
689.41	69.88498398	87.24849243
689.79	70.35894284	87.062673
690.18	70.92973147	86.9457458
690.56	71.44399232	86.85059982
690.94	71.98924158	86.83002719
691.32	72.38307458	86.67968462
691.7	72.77128154	86.53527604
692.08	73.19338091	86.39708776
692.46	73.52082213	86.35197857
692.84	73.91334206	86.27851257
693.22	74.27137138	86.22683238
693.6	74.63378997	86.1508946
693.98	75.0471308	86.07151248
694.36	75.42471086	85.96603487
694.74	75.81872734	85.81510403
695.12	76.24927856	85.75029377
695.5	76.68322303	85.65349602
695.88	77.02719758	85.56004939
696.26	77.38360015	85.52406508
696.64	77.58834384	85.38276816
697.02	77.78316323	85.19980668
697.4	77.91202392	85.05197176
697.78	78.06548673	84.89518141
698.16	78.24908274	84.74036131
698.54	78.38462384	84.52951969
698.92	78.54656045	84.34228903
699.3	78.66415636	84.03646773
699.68	78.79992919	83.7527569
700.06	79.01078656	83.50309492
700.44	79.15935804	83.2428489
700.82	79.3962619	82.98236682
701.2	79.53450381	82.79778598
701.58	79.61473881	82.64733184
701.96	79.73869602	82.4397883
702.33	79.94337203	82.24958538
702.71	80.10952854	81.99310562
703.09	80.45747974	81.79776385
703.47	80.66842808	81.53085027
703.85	80.89948837	81.28587159
704.23	81.10933632	81.02821912
704.61	81.16189617	80.67833884
704.98	81.26798441	80.25894157
705.36	81.38090792	79.76256574
705.74	81.39915679	79.33267059
706.12	81.48323527	78.89979789
706.5	81.47231281	78.4200409
706.88	81.56240157	78.0210289
707.25	81.5090298	77.58937667
707.63	81.50698118	77.10124615
708.01	81.62380667	76.57856039
708.39	81.67540892	76.1082109
708.76	81.76377446	75.59358369
709.14	81.81622348	75.17514833
709.52	81.76921689	74.66300613
709.9	81.8283744	74.14036275
710.27	81.81653328	73.52862778
710.65	81.76522673	72.97654004
711.03	81.83929815	72.54099009
711.41	81.87213921	72.19913808
711.78	81.90916354	71.82016709
712.16	82.06059752	71.5609828
712.54	82.20113206	71.29423085
712.91	82.28428986	70.9740319
713.29	82.29610397	70.61023413
713.67	82.41172005	70.19378334
714.04	82.5533871	69.77836727
714.42	82.58583748	69.30047894
714.8	82.57773199	68.78319024
715.17	82.54986453	68.22075516
715.55	82.58176221	67.72081845
715.93	82.52022537	67.15680486
716.3	82.49585856	66.64058322
716.68	82.49759792	66.15787817
717.05	82.62998617	65.66483589
717.43	82.7124031	65.07368292
717.81	82.82543258	64.48491142
718.18	82.88984412	63.88807868
718.56	82.87628319	63.20738114
718.93	82.8323254	62.51829563
719.31	82.92518896	61.87683643
719.68	83.01336591	61.30255549
720.06	82.98081667	60.73798969
720.43	82.91447122	60.1609695
720.81	82.98277778	59.69364438
721.19	83.03101635	59.24123528
721.56	83.0745661	58.86544758
721.94	83.03720234	58.28798088
722.31	83.06441067	57.71133816
722.69	83.13847575	57.30537925
723.06	83.23290651	56.85951203
723.43	83.24646006	56.46120478
723.81	83.24500565	56.06157113
724.18	83.21109959	55.71867313
724.56	83.35678331	55.43417001
724.93	83.47932448	55.15138093
725.31	83.62722586	54.83369685
725.68	83.66048252	54.54593492
726.06	83.7368633	54.25937648
726.43	83.85421656	54.05530769
726.8	83.94521162	53.86337402
727.18	83.90515807	53.6156281
727.55	83.90002567	53.38513493
727.93	83.85289571	53.1962842
728.3	83.98053135	53.20011129
728.67	84.05452058	53.33385118
729.05	84.00677012	53.29014758
729.42	83.97785251	53.30826351
729.8	83.95530106	53.35758603
730.17	83.9947991	53.40027564
730.54	84.05276705	53.49454466
730.92	84.00985948	53.57020314
731.29	83.94557519	53.62718047
731.66	83.83385382	53.75867225
732.03	83.79241303	53.8943389
732.41	83.74442678	54.09534701
732.78	83.81670716	54.30509246
733.15	83.9063142	54.62431502
733.53	83.98948228	54.94570305
733.9	84.12640122	55.34104677
734.27	84.21631185	55.74647976
734.64	84.15520744	56.03045512
735.02	84.31749212	56.33518318
735.39	84.32769463	56.59957379
735.76	84.27935444	56.93641843
736.13	84.27904771	57.26218069
736.51	84.2127651	57.63654695
736.88	84.23034101	57.9726988
737.25	84.17126452	58.36845422
737.62	84.14346412	58.76329508
737.99	84.12505037	59.18390577
738.37	84.17380709	59.64054457
738.74	84.08993734	60.00541341
739.11	83.95019122	60.3318009
739.48	83.73206793	60.59258638
739.85	83.60699777	60.86347638
740.22	83.42744913	61.15797801
740.6	83.39465393	61.52885393
740.97	83.32135166	61.92035099
741.34	83.16554236	62.1820697
741.71	83.17923496	62.56114485
742.08	83.20785956	62.95150001
742.45	83.20090679	63.29149037
742.82	83.20003327	63.59789004
743.19	83.03075872	63.90490672
743.56	82.84956906	64.18634399
743.94	82.83481528	64.52898051
744.31	82.78709157	64.87874562
744.68	82.6211305	65.21591985
745.05	82.56572765	65.45628739
745.42	82.51479766	65.85270531
745.79	82.60687281	66.2493158
746.16	82.61323602	66.67305697
746.53	82.641996	67.06941813
746.9	82.59525802	67.32222082
747.27	82.64879668	67.54007626
747.64	82.72949074	67.96796259
748.01	82.70088838	68.3858286
748.38	82.66745874	68.7483673
748.75	82.59771465	69.05874317
749.12	82.60508817	69.52708446
749.49	82.68728855	69.94496164
749.86	82.76639512	70.28802142
750.23	82.75127157	70.56609222
750.6	82.78583138	70.91399339
750.97	82.84157301	71.17361709
751.34	82.779016	71.47665663
751.7	82.69410404	71.57116093
752.07	82.46046098	71.60778589
752.44	82.37759653	71.72768513
752.81	82.44983455	71.92308503
753.18	82.46698866	72.21797804
753.55	82.44404225	72.59642281
753.92	82.32512824	72.79463131
754.29	82.23173925	72.96618126
754.66	82.27727676	73.26057249
755.02	82.37133926	73.60167321
755.39	82.33414978	73.76330079
755.76	82.23805491	74.01122346
756.13	82.21186493	74.27382954
756.5	82.2511439	74.62031981
756.87	82.15573781	74.79790552
757.23	82.12370199	75.04377795
757.6	82.16140746	75.40465379
757.97	82.10333614	75.72221617
758.34	82.06939842	76.05897087
758.71	81.91886485	76.31642882
759.07	81.67802524	76.46922972
759.44	81.61816116	76.66836372
759.81	81.56397119	76.91536149
760.18	81.54502528	77.25563644
760.54	81.56193786	77.58029231
760.91	81.47727577	77.64721099
761.28	81.3804121	77.72887324
761.65	81.3470744	77.89627976
762.01	81.29265363	77.92749158
762.38	81.15262658	77.98094709
762.75	80.93155868	77.92728702
763.11	80.7918404	77.91765566
763.48	80.74696484	78.05963498
763.85	80.65065988	78.12734646
764.21	80.63704798	78.20008001
764.58	80.67252425	78.33890846
764.95	80.74937611	78.48233259
765.31	80.72337663	78.53671944
765.68	80.56006068	78.4847475
766.05	80.47162669	78.45388017
766.41	80.3833918	78.34830366
766.78	80.43339669	78.33415176
767.14	80.4183755	78.42326496
767.51	80.40587683	78.67105958
767.88	80.3699779	78.87027297
768.24	80.42135491	79.11796957
768.61	80.46897067	79.3167635
768.97	80.62230092	79.60192489
769.34	80.67858598	79.76283849
769.71	80.59290445	79.8749212
770.07	80.59268395	80.0366805
770.44	80.59035194	80.25642714
770.8	80.54091589	80.40203491
771.17	80.36423433	80.4447824
771.53	80.20734879	80.60217067
771.9	80.14716564	80.78339775
772.26	79.90901542	80.94013216
772.63	79.71272895	81.21296721
772.99	79.40792347	81.3645975
773.36	79.05475798	81.40449456
773.72	78.81921403	81.38343048
774.09	78.64529328	81.46025149
774.45	78.46937693	81.54022067
774.82	78.3909979	81.63360286
775.18	78.1112217	81.74411603
775.54	78.01209582	82.00889117
775.91	77.91357823	82.08632985
776.27	77.83316606	82.08787058
776.64	77.67635352	82.0029224
777	77.57896025	81.97738071
777.37	77.51463966	82.00509436
777.73	77.56041556	82.1371292
778.09	77.4621455	82.10391274
778.46	77.41140654	82.0335598
778.82	77.41308759	82.01744279
779.19	77.31959701	81.98028552
779.55	77.26949812	81.95412713
779.91	77.15535924	81.90583183
780.28	77.11774874	81.8947299
780.64	77.00915893	81.87144035
781	76.89360578	81.91849657
781.37	76.88308365	82.02591039
781.73	76.80788522	82.07184009
782.09	76.60585631	82.06897611
782.45	76.45401749	82.14858125
782.82	76.41685134	82.4110203
783.18	76.219359	82.54216999
783.54	76.20919489	82.8104733
783.91	76.2228326	82.99132604
784.27	76.2496506	83.31333113
784.63	76.32487334	83.5839838
784.99	76.17761915	83.57395971
785.36	76.18149344	83.68884367
785.72	76.11575446	83.84089528
786.08	76.02034533	83.79296708
786.44	75.81653669	83.65962694
786.81	75.67499926	83.51925754
787.17	75.51698331	83.4953094
787.53	75.25960133	83.39995956
787.89	75.14344544	83.39800752
788.25	75.14281063	83.57395766
788.61	74.99705065	83.67391833
788.98	74.85246042	83.68192729
789.34	74.76273138	83.71382399
789.7	74.56684928	83.56529488
790.06	74.28966889	83.45847285
790.42	74.01237864	83.32218011
790.78	73.60971866	83.0968715
791.14	73.28906143	82.98909848
791.51	73.07722024	82.84967986
791.87	72.87417864	82.65159248
792.23	72.68211304	82.66640676
792.59	72.51462423	82.66679949
792.95	72.4055189	82.68940234
793.31	72.32987344	82.66916561
793.67	72.33327506	82.76899091
794.03	72.26027818	82.72944675
794.39	72.14199981	82.58652458
794.75	72.18461207	82.54948442
795.11	72.01981288	82.40958644
795.47	71.88298612	82.39664685
795.83	71.78146179	82.41600752
796.19	71.69787872	82.34302805
796.55	71.66805637	82.23594849
796.91	71.71947623	82.42684139
797.27	71.75896688	82.64431414
797.63	71.66216213	82.78840492
797.99	71.61189817	82.98887759
798.35	71.52420371	83.1093396
798.71	71.44432326	83.35559964
799.07	71.37359916	83.55387088
799.43	71.22140518	83.70139784
799.79	71.12538835	83.6184066
800.15	71.0220063	83.76217619
800.51	70.8902634	83.87633223
800.87	70.70413414	83.95758977
801.23	70.71744165	84.17185897
801.59	70.67641579	84.20004673
801.95	70.6156736	84.31939104
802.31	70.43175043	84.35787329
802.66	70.31255462	84.52866285
803.02	70.24772792	84.50117281
803.38	70.19165139	84.49083586
803.74	70.09567763	84.5341721
804.1	69.95955772	84.50668744
804.46	69.80462721	84.45351648
804.82	69.64850652	84.28323355
805.17	69.49376085	84.17132916
805.53	69.27814704	83.94102676
805.89	68.98920419	83.88129075
806.25	68.76338787	83.74375818
806.61	68.54289956	83.6991331
806.97	68.38783855	83.75025772
807.32	68.14755647	83.75992066
807.68	67.99261517	83.79823377
808.04	67.73042354	83.76641659
808.4	67.52902571	83.68365337
808.75	67.10332108	83.48410976
809.11	66.75881248	83.30398989
809.47	66.56304446	83.24015215
809.83	66.34585562	83.14782328
810.18	66.26882294	83.06782774
810.54	66.14241809	83.02278314
810.9	66.05276233	83.01924327
811.25	65.83394615	82.96956846
811.61	65.72919272	83.01302772
811.97	65.67950023	82.8826551
812.33	65.49617957	82.73475096
812.68	65.34284835	82.51139871
813.04	65.22285177	82.20623889
813.4	65.21348164	82.0672132
813.75	65.2009336	82.01637823
814.11	65.14980792	81.88371833
814.46	65.19111051	81.92458558
814.82	65.40147717	82.06042174
815.18	65.57268257	82.15335002
815.53	65.6948657	82.0856265
815.89	65.7338951	82.05044861
816.25	65.74118777	82.14787843
816.6	65.79369426	82.16246735
816.96	65.84871253	82.14349533
817.31	65.97754503	82.08922717
817.67	66.10077049	81.98533823
818.02	66.14440305	81.97756948
818.38	66.26636741	82.00390871
818.74	66.39949204	82.01214292
819.09	66.3959363	82.10461071
819.45	66.32940401	81.99077947
819.8	66.29391057	81.82832134
820.16	66.22330058	81.67173493
820.51	66.1676212	81.48293479
820.87	66.03428462	81.25261137
821.22	65.86730153	81.06588367
821.58	65.59804854	80.83559933
821.93	65.60985206	80.67697141
822.29	65.59024158	80.6969505
822.64	65.66016733	80.72384584
823	65.64687098	80.78541284
823.35	65.63946463	80.75795072
823.7	65.57326077	80.8408395
824.06	65.57557679	80.87543095
824.41	65.56900864	80.82414843
824.77	65.59446581	80.83424072
825.12	65.61173041	80.6398307
825.48	65.70110629	80.49802798
825.83	65.75480145	80.39894429
826.18	65.90262455	80.36001858
826.54	66.03360979	80.40259798
826.89	66.2994964	80.4123753
827.24	66.49480054	80.44678166
827.6	66.64156487	80.53159163
827.95	66.76029143	80.5424825
828.31	66.83105605	80.31203277
828.66	66.84119973	80.16438194
829.01	66.9215944	79.9135787
829.37	66.98386186	79.87401705
829.72	67.06400058	79.72173622
830.07	67.15527495	79.60358276
830.42	67.2089855	79.50093312
830.78	67.25453422	79.44866725
831.13	67.27031114	79.41063817
831.48	67.20698837	79.37672944
831.84	67.24713655	79.37376855
832.19	67.38485285	79.3583241
832.54	67.4139617	79.3480185
832.89	67.24252213	79.20318843
833.25	67.23971943	79.05236522
833.6	67.27241977	78.90434291
833.95	67.19385807	78.69837099
834.3	67.1847906	78.5469926
834.65	67.2231007	78.46288386
835.01	67.13276921	78.42666675
835.36	67.22137654	78.26225531
835.71	67.3559054	78.13932545
836.06	67.38378207	78.06187604
836.41	67.57338082	78.00757118
836.77	67.67006345	77.78802089
837.12	67.86151009	77.7027708
837.47	68.15415881	77.74974042
837.82	68.26907599	77.755346
838.17	68.2611948	77.53265998
838.52	68.36560742	77.21489917
838.87	68.63259607	77.24629872
839.23	68.69417874	77.23098062
839.58	68.79473079	77.08121173
839.93	68.82263393	77.01155818
840.28	68.76137971	76.84264367
840.63	68.78931831	76.62617413
840.98	68.90676663	76.5684699
841.33	69.00714551	76.5933841
841.68	69.11742868	76.60759998
842.03	69.26622121	76.79671423
842.38	69.24115145	76.70656074
842.73	69.29610199	76.72664933
843.08	69.33627597	76.74272339
843.43	69.19803247	76.46000121
843.78	69.22643397	76.27928541
844.13	69.39053212	76.4078261
844.48	69.3815474	76.39670717
844.83	69.32302262	76.15204492
845.18	69.27566159	75.91181753
845.53	69.31690646	75.93950018
845.88	69.46765467	75.87228614
846.23	69.5025067	75.7805542
846.58	69.47296983	75.62935996
846.93	69.45852406	75.29913719
847.28	69.4189036	74.98554605
847.63	69.32913073	74.79271135
847.98	69.40202929	74.40751754
848.33	69.32186219	74.17832213
848.68	69.20757537	73.98487316
849.03	69.10766731	73.71587191
849.38	69.10534941	73.69285347
849.72	69.03775166	73.49912211
850.07	69.03083172	73.35719693
850.42	69.05242165	73.25681204
850.77	69.09303332	73.15255315
851.12	69.20580505	73.22626266
851.47	69.26673236	73.16600284
851.82	69.33728981	73.25169428
852.16	69.68405871	73.44584495
852.51	69.85937703	73.50487676
852.86	70.04303776	73.70842871
853.21	70.10776072	73.86879414
853.56	70.1729872	73.89594805
853.9	70.15514023	73.95695677
854.25	70.29724623	74.06280804
854.6	70.42960746	74.03823435
854.95	70.63304947	74.12090016
855.3	70.77142233	74.0356608
855.64	70.93708758	73.96172367
855.99	70.91948121	73.8585464
856.34	71.03724514	73.86559652
856.69	71.18540734	74.00891186
857.03	71.24013071	73.95672786
857.38	71.2989235	73.88479231
857.73	71.34616956	73.68182857
858.07	71.23872569	73.45004273
858.42	71.2825123	73.50069429
858.77	71.35999943	73.36157131
859.12	71.46456942	73.25934352
859.46	71.59620947	73.22852652
859.81	71.61854364	73.26022003
860.16	71.6633024	73.29552861
860.5	71.70755861	73.35683913
860.85	71.77395491	73.47342655
861.19	71.88355951	73.65385121
861.54	71.88188597	73.8911608
861.89	72.04075528	74.06373385
862.23	72.01933226	74.10363895
862.58	71.97962452	73.97480024
862.93	72.0769555	73.99448172
863.27	72.1116433	73.94963761
863.62	72.21542366	74.12297354
863.96	72.41567477	74.28313788
864.31	72.61106526	74.37730529
864.65	72.73424474	74.52984307
865	72.63521914	74.49437472
865.35	72.59068132	74.39491471
865.69	72.6180637	74.24259909
866.04	72.5299756	74.16953694
866.38	72.50706578	74.25696446
866.73	72.37479117	74.10511474
867.07	72.24871828	73.89988682
867.42	72.25148239	73.75786204
867.76	72.24111017	73.68399844
868.11	72.33749249	73.62411207
868.45	72.31092884	73.62046574
868.8	72.16439871	73.51608054
869.14	71.93600621	73.37787983
869.48	71.65857814	73.11808515
869.83	71.54458314	72.9830126
870.17	71.32524081	72.78699988
870.52	71.19951475	72.60580227
870.86	71.29193885	72.64808013
871.21	71.39537034	72.78901463
871.55	71.41820732	72.72890691
871.89	71.57422693	72.64388119
872.24	71.67937112	72.51558003
872.58	71.78617591	72.42148504
872.93	71.83939119	72.47723048
873.27	71.80190945	72.51519294
873.61	71.70887911	72.4926846
873.96	71.72798892	72.55841903
874.3	71.74723635	72.50735415
874.64	71.91160996	72.40060247
874.99	72.02813997	72.39046929
875.33	72.10425874	72.21193743
875.67	72.09193618	72.17413813
876.02	72.18685879	72.21163976
876.36	72.20749333	72.25091336
876.7	72.11450146	72.15554893
877.05	71.97943991	72.07339118
877.39	71.77393511	71.93587394
877.73	71.68137025	71.88138797
878.07	71.53777231	71.84120364
878.42	71.48899691	71.86627376
878.76	71.54620591	71.79912329
879.1	71.56683751	71.67155525
879.44	71.51398563	71.55467425
879.79	71.41144555	71.40257497
880.13	71.37444223	71.42794098
880.47	71.22811414	71.55476174
880.81	71.22371323	71.65137711
881.15	71.16442343	71.8854482
881.5	70.95682429	71.8714057
881.84	70.6895694	71.72617194
882.18	70.47419546	71.62789094
882.52	70.32499898	71.50292221
882.86	70.15213345	71.27718848
883.2	70.19341088	71.30354268
883.55	70.18620004	71.39209616
883.89	70.20827745	71.39946702
884.23	69.99167724	71.32149306
884.57	69.780757	71.25057573
884.91	69.68999895	71.16746742
885.25	69.77056433	71.18242882
885.59	69.83143022	71.27164216
885.93	69.92028699	71.40348429
886.27	69.87798944	71.50780258
886.62	69.9659386	71.66217426
886.96	70.06333855	71.82772751
887.3	70.15158038	71.73129203
887.64	70.20622426	71.76162947
887.98	70.20598786	71.68872007
888.32	70.25835476	71.74356825
888.66	70.36481198	71.84672232
889	70.24352882	71.79779033
889.34	70.14605482	71.64277711
889.68	69.97692995	71.47227626
890.02	70.01128793	71.33484999
890.36	70.04234874	71.45988667
890.7	70.01343287	71.63504746
891.04	69.87447699	71.59640584
891.38	69.68034612	71.5815552
891.72	69.66061067	71.58353314
892.06	69.65776058	71.50110615
892.4	69.58550145	71.29628983
892.74	69.5872205	71.15003105
893.08	69.55609851	71.18725352
893.41	69.46565545	71.14479279
893.75	69.42635071	71.11968115
894.09	69.36443325	71.04863448
894.43	69.2833205	70.94651059
894.77	69.25173578	70.97051418
895.11	69.0754284	70.81864263
895.45	69.11815814	70.88330674
895.79	68.96786603	70.92133866
896.13	68.89612805	70.78656542
896.46	68.86783992	70.75031048
896.8	68.81260038	70.68457009
897.14	68.84575968	70.52293478
897.48	68.62194827	70.37530642
897.82	68.65645733	70.28058336
898.16	68.61256224	70.20049756
898.49	68.42623406	70.00561317
898.83	68.40679956	69.84132387
899.17	68.53948575	69.77008274
899.51	68.5050877	69.69922972
899.85	68.4786188	69.70240892
900.18	68.47019661	69.8308773
900.52	68.55249343	69.7094811
900.86	68.81233528	69.8864694
901.2	68.76296815	69.78759568
901.53	68.7732465	69.75794337
901.87	68.71230816	69.75805798
902.21	68.58975681	69.49814245
902.54	68.48675233	69.35661218
902.88	68.45522009	69.41989021
903.22	68.53969791	69.40894998
903.56	68.43807131	69.46783528
903.89	68.43752471	69.61614876
904.23	68.57148834	69.73707722
904.57	68.427453	69.79869498
904.9	68.09790743	69.76658772
905.24	68.19982441	69.79362565
905.58	68.19601431	69.84121887
905.91	68.01917537	69.64066905
906.25	67.99784429	69.63145487
906.58	67.72702247	69.28961658
906.92	67.71024083	69.27960418
907.26	67.67956384	69.22825487
907.59	67.6063904	69.04792279
907.93	67.61663858	69.13262662
908.26	67.71509006	69.27472635
908.6	67.57104786	69.27064459
908.94	67.39207443	69.13167258
909.27	67.30442668	69.04274343
909.61	67.26749736	68.99937108
909.94	67.13327089	68.84743786
910.28	67.20274054	68.82425914
910.61	67.31663862	68.84956904
910.95	67.0127441	68.64446035
911.28	66.89178971	68.5415427
911.62	66.98011274	68.53622325
911.95	66.83139218	68.50769477
912.29	66.7452531	68.74156171
912.62	66.56977127	68.70146708
912.96	66.66328927	68.70472006
913.29	66.6621035	68.72081185
913.63	66.6358403	68.62259841
913.96	66.50536037	68.60250838
914.3	66.62199525	68.58724671
914.63	66.63852973	68.53488194
914.97	66.64594023	68.46123682
915.3	66.49382661	68.30438054
915.63	66.43960955	68.37296716
915.97	66.26829741	68.35378429
916.3	66.14124465	68.37433826
916.64	66.29754235	68.67846854
916.97	66.16980145	68.70521788
917.3	66.1503527	68.77218453
917.64	66.09946147	68.86855521
917.97	66.17044229	68.69334647
918.31	66.23784585	68.65877194
918.64	66.19434787	68.70874858
918.97	66.03091469	68.67558428
919.31	66.01992805	68.72197967
919.64	65.93177396	68.4766152
919.97	65.91014489	68.39753549
920.3	66.03347434	68.48591208
920.64	65.99093885	68.38521408
920.97	65.94708544	68.3242304
921.3	65.91461761	68.22644275
921.64	65.97706867	68.14678132
921.97	66.12888489	68.02257875
922.3	65.9900462	67.83500076
922.63	66.04220803	67.73345659
922.97	65.77397651	67.65237935
923.3	65.75108179	67.58388836
923.63	65.55891536	67.52958208
923.96	65.34738983	67.45391278
924.3	65.11612932	67.39361763
924.63	65.21380558	67.43755571
924.96	65.10826698	67.4226623
925.29	65.00197681	67.38516416
925.62	64.78876771	67.14856556
925.96	64.61194217	67.05669053
926.29	64.53459922	67.05898799
926.62	64.62835389	67.19637437
926.95	64.68408865	67.26735707
927.28	64.61346061	67.28314253
927.61	64.607377	67.27893292
927.94	64.47308435	67.11213438
928.28	64.37317575	66.95338968
928.61	64.44922162	66.8149741
928.94	64.3573349	66.75803539
929.27	64.40364117	66.71491827
929.6	64.58710333	66.71270804
929.93	64.68526163	66.44642209
930.26	64.56818957	66.09337561
930.59	64.48068733	65.93997138
930.92	64.60428914	66.08585685
931.25	64.6570111	66.21227341
931.58	64.58496926	66.20567685
931.91	64.53518633	66.1620835
932.24	64.35392637	65.95004954
932.58	64.12638501	65.63075531
932.91	63.99219561	65.5769904
933.24	63.71902134	65.34104258
933.57	63.69833268	65.3057262
933.9	63.64792885	65.36924889
934.23	63.50063091	65.38615877
934.55	63.56938831	65.38717742
934.88	63.47243834	65.43624793
935.21	63.39150035	65.51445111
935.54	63.33085113	65.6364353
935.87	63.34641272	65.97564005
936.2	63.29671722	65.97064175
936.53	63.15481603	65.91277057
936.86	62.94821413	65.94186218
937.19	62.92885804	65.80381738
937.52	62.90353977	65.77500264
937.85	62.8340201	65.78780813
938.18	62.78089301	66.01636229
938.51	62.92805907	66.11059979
938.83	62.92512694	66.22172289
939.16	62.99537579	66.15536465
939.49	62.94239097	66.18980094
939.82	62.84141655	65.97288827
940.15	62.76714929	65.79386784
940.48	62.81223705	65.84263718
940.81	62.71603571	65.85510892
941.13	62.67562577	65.8969823
941.46	62.73380492	65.85221265
941.79	62.83535162	65.92598025
942.12	62.78942013	65.80457079
942.45	62.9631485	65.71091107
942.77	63.05300992	65.79291537
943.1	63.14279436	65.76573686
943.43	63.25981609	65.66836555
943.76	63.44382535	65.5944518
944.08	63.29746664	65.31332177
944.41	63.26751966	65.17821458
944.74	63.34716897	65.25710045
945.07	63.29728803	65.11712905
945.39	63.42715073	65.19047117
945.72	63.38127332	65.10942961
946.05	63.4758908	64.9287118
946.38	63.49182793	64.68296957
946.7	63.50434935	64.58086206
947.03	63.43047331	64.45366079
947.36	63.38604019	64.2220308
947.68	63.38002296	64.15414893
948.01	63.38317499	63.89539288
948.34	63.35011345	63.64515621
948.66	63.19950004	63.56380551
948.99	63.13587404	63.49467108
949.31	63.0879945	63.48827083
949.64	63.23638114	63.41267315
949.97	63.35243768	63.37291371
950.29	63.20839601	63.3677748
950.62	63.38972739	63.34685269
950.95	63.40459897	63.3795409
951.27	63.41277019	63.47728211
951.6	63.37579842	63.55891621
951.92	63.48546543	63.60305271
952.25	63.48879467	63.58428047
952.57	63.51903974	63.759682
952.9	63.48938068	63.92526639
953.22	63.52644253	63.91837031
953.55	63.44218824	63.92462577
953.87	63.26599155	63.88803404
954.2	63.22939654	63.5388108
954.53	63.01302441	63.1995982
954.85	63.05635684	63.05047808
955.17	62.96680421	63.07497679
955.5	62.98769536	63.20088432
955.82	63.16203167	63.23989419
956.15	63.19105217	63.31144247
956.47	63.16143311	63.17499185
956.8	63.35344795	63.2334857
957.12	63.36864294	63.22808837
957.45	63.3785706	63.29248726
957.77	63.40940905	63.45891578
958.1	63.45685544	63.32152105
958.42	63.45848053	63.38170103
958.74	63.64138366	63.51993911
959.07	63.78625711	63.80216229
959.39	63.8742574	63.99770258
959.72	63.89484154	64.23283126
960.04	64.05290082	64.43800054
960.36	63.88526407	64.52708955
960.69	63.95053559	64.77439636
961.01	63.97063103	64.79220155
961.33	63.89039768	64.6324715
961.66	63.76462693	64.38364955
961.98	63.78405335	64.37061924
962.3	63.55561594	64.23150617
962.63	63.53991372	64.21130267
962.95	63.52566906	64.21510461
963.27	63.33004165	64.0445192
963.6	63.12522064	63.8363989
963.92	63.09689704	63.72351388
964.24	63.00327766	63.56840291
964.56	62.77568492	63.23500701
964.89	62.683588	62.94156435
965.21	62.74490964	63.04186911
965.53	62.7313942	63.08214648
965.85	62.78493253	62.84647381
966.18	62.76510375	62.54287405
966.5	62.72580175	62.36863037
966.82	62.58986428	62.29559466
967.14	62.5468565	62.34028169
967.46	62.65443938	62.21374638
967.79	62.72827519	62.17425664
968.11	62.80233678	62.07143999
968.43	62.76546692	61.84332211
968.75	62.73634239	61.78868798
969.07	62.93930882	61.93101424
969.39	63.11978636	61.83869942
969.71	62.99394263	61.73833011
970.04	62.98286928	61.8949593
970.36	63.14249896	62.08201572
970.68	63.04820977	61.88985875
971	62.96088182	61.66472371
971.32	62.86765744	61.63095144
971.64	62.85684587	61.45074755
971.96	62.75569828	61.52050886
972.28	62.74969611	61.64510548
972.6	62.75259211	61.62810646
972.92	62.72772177	61.72432372
973.25	62.57703954	61.81757958
973.57	62.34458607	61.84181373
973.89	62.34306333	61.78853763
974.21	62.27211327	61.57798909
974.53	62.04859221	61.49837884
974.85	61.99556144	61.58559086
975.17	62.06134871	61.56163435
975.49	62.13035576	61.4776362
975.81	62.07164402	61.46432973
976.13	62.1130027	61.51957451
976.45	62.23492607	61.83342384
976.77	62.34612748	61.86721077
977.09	62.2784576	62.10374125
977.4	62.31908014	62.00916599
977.72	62.30583003	62.00661971
978.04	62.55504304	62.0781035
978.36	62.43622784	62.1101221
978.68	62.39532845	62.18832843
979	62.4106339	62.08657232
979.32	62.33582241	62.42313085
979.64	62.41112696	62.72214921
979.96	62.45970741	62.93407527
980.28	62.38992212	63.14161288
980.6	62.4769692	63.36874461
980.91	62.67696268	63.61634262
981.23	62.66752392	63.90905057
981.55	62.78417002	64.00937234
981.87	62.6511009	64.08916684
982.19	62.59596039	64.18978118
982.51	62.63862981	64.36826466
982.82	62.80622849	64.56659324
983.14	63.19518122	64.69425749
983.46	63.14105871	64.93423853
983.78	63.20053473	65.05139333
984.1	63.44008803	64.90414491
984.41	63.32825103	65.04846075
984.73	63.50515223	64.9694703
985.05	63.52013537	64.82689444
985.37	63.51582903	64.61723027
985.69	63.42365264	64.39379933
986	63.38382327	64.31535394
986.32	63.15555074	64.25330107
986.64	63.25112298	64.05024544
986.95	63.08195202	64.20170437
987.27	63.26796903	64.01143321
987.59	63.26662283	64.0805489
987.91	63.36731503	64.12779778
988.22	63.29099583	64.16711774
988.54	63.10723932	64.1546844
988.86	63.08981088	64.06290365
989.17	63.08841522	64.01317793
989.49	62.97680697	63.8230797
989.81	63.24767303	63.64830642
990.12	63.17863686	63.31047638
990.44	63.33435212	63.24660595
990.75	63.31877729	63.22266107
991.07	63.38565233	63.25940828
991.39	63.63783981	63.63239272
991.7	63.77219076	63.61470042
992.02	63.90479966	63.60678596
992.33	64.07664309	63.27995105
992.65	63.79393488	63.07751765
992.97	63.73378377	62.79780221
993.28	63.50448135	62.41777262
993.6	63.46097305	62.16451693
993.91	63.31938043	62.0114112
994.23	63.06608378	61.65419831
994.54	63.10801017	61.59604041
994.86	63.11637925	61.64150845
995.17	62.87929824	61.58930772
995.49	62.78580588	61.68223814
995.8	62.48247148	61.5514724
996.12	62.16703239	61.38816333
996.43	61.8392818	61.17065496
996.75	61.23813285	60.58856882
997.06	60.88307633	60.32929489
997.38	60.35227994	59.93627981
997.69	60.02731145	59.90262873
998.01	60.0615909	60.1363731
998.32	60.0265264	60.40938697
998.63	60.01274639	60.39209414
998.95	59.83330026	60.41649016
999.26	59.71878981	60.22835106
999.58	59.87706754	60.35895066
999.89	59.96459242	60.26592356
1000.2	59.80605302	60.25029186
1000.52	59.83955958	60.15093652
1000.83	59.85224408	60.29934539
1001.15	60.27206083	60.64101124
1001.46	60.67330011	60.86161016
1001.77	61.33760578	60.98259356
1002.09	61.58715916	61.31127264
1002.4	61.51255717	61.57957344
1002.71	61.64397463	61.78268475
1003.03	61.62745131	61.94775153
1003.34	61.55625225	61.79606562
1003.65	61.46075344	61.64659623
1003.96	61.32883467	61.65750816
1004.28	61.45614005	61.63714565
1004.59	61.45219141	61.63413118
1004.9	61.61330767	61.62385942
1005.22	61.67263527	61.88640304
1005.53	61.86984418	61.95970597
1005.84	62.01363017	62.10822297
1006.15	61.79828648	61.79095676
1006.47	61.25988877	61.40314811
1006.78	61.03785937	61.27766014
1007.09	60.76719626	61.19262833
1007.4	60.80566343	60.82431204
1007.71	60.93211979	60.39611018
1008.03	61.01990656	60.60704988
1008.34	61.33325771	60.4182599
1008.65	61.56737061	60.43802065
1008.96	61.75967069	60.57088866
1009.27	61.94764113	60.7909637
1009.58	61.76395815	61.05605204
1009.9	61.9209419	61.20573903
1010.21	61.81532401	61.31790826
1010.52	61.88107891	61.29138868
1010.83	61.95206655	61.56042316
1011.14	62.00751803	61.66209489
1011.45	62.21234042	61.63854554
1011.76	62.84078461	61.79081118
1012.07	63.08244476	61.80539616
1012.38	63.26642374	61.98169553
1012.69	63.05837914	62.18409786
1013.01	63.34790003	62.49541203
1013.32	63.2736174	62.17751493
1013.63	63.32128382	62.37923102
1013.94	63.34592696	62.25452084
1014.25	63.51246019	61.81553773
1014.56	63.20862824	61.58187241
1014.87	63.47048544	61.46429497
1015.18	63.2795246	61.31686802
1015.49	63.06881942	61.38782517
1015.8	62.74145019	61.15201438
1016.11	62.14878709	60.84443126
1016.42	61.85223967	60.91684045
1016.73	61.52390741	60.88398453
1017.04	61.32064387	60.98214361
1017.35	61.18481514	60.97283663
1017.66	60.99898015	60.85184519
1017.97	61.3476278	60.70290057
1018.27	61.32894199	60.65106681
1018.58	61.54385965	60.69213376
1018.89	61.53304008	60.7553849
1019.2	61.68006095	61.18362732
1019.51	61.36256658	61.29324511
1019.82	61.24629524	61.24140556
1020.13	61.5301643	61.14887746
1020.44	61.57373394	61.16335782
1020.75	61.54061982	60.84163626
1021.05	61.36498363	60.64857974
1021.36	61.62557601	60.51132762
1021.67	61.85096217	60.54171571
1021.98	61.85057563	60.58435144
1022.29	61.53202967	60.56648476
1022.6	61.62571405	60.29180809
1022.9	61.47271168	60.01768692
1023.21	60.97901707	59.89502933
1023.52	60.84665032	59.66848773
1023.83	60.27564997	59.68892052
1024.14	60.17318516	59.9538519
1024.44	59.87181355	59.84261053
1024.75	60.12727219	59.96809362
1025.06	60.14923146	60.09557988
1025.37	59.43638174	60.20270325
1025.67	59.08136882	60.30429257
1025.98	59.04982261	60.56161792
1026.29	58.93453105	60.78104911
1026.6	59.13298998	61.060246
1026.9	59.07399752	61.02660545
1027.21	59.35918512	61.32554727
1027.52	60.00781479	61.08232845
1027.82	59.99474393	61.27581013
1028.13	60.06363305	61.39603141
1028.44	60.33828909	62.0835979
1028.74	59.82338468	62.25673327
1029.05	59.9169192	61.8168186
1029.36	59.58326217	61.0930411
1029.66	59.58972248	60.6258739
1029.97	59.17635291	60.32147771
1030.28	59.11786123	59.49935105
1030.58	59.14414572	58.7665424
1030.89	59.18583696	58.4719275
1031.19	59.25859918	58.33912257
1031.5	59.39265283	58.48603387
1031.81	59.05466354	58.25380039
1032.11	59.06326256	58.08710626
1032.42	59.21318214	57.84073961
1032.72	58.44953212	57.96137659
1033.03	58.28000449	58.16786386
1033.33	57.83499342	57.81995865
1033.64	57.81906239	57.16815398
1033.94	58.16783377	56.66764117
1034.25	58.42432193	57.10471642
1034.55	58.85495885	56.87391214
1034.86	58.80049056	57.32097531
1035.16	58.98339003	57.90257942
1035.47	59.04356636	58.6788485
1035.77	58.61928271	58.62727554
1036.08	58.98109028	58.47240783
1036.38	58.7141974	58.80498414
1036.69	58.87796174	58.91938389
1036.99	59.55463709	59.2849202
1037.3	59.18575496	59.24509988
1037.6	58.11196862	58.75999818
1037.9	58.04165772	58.19608874
1038.21	58.20998576	57.69204213
1038.51	58.64776445	58.14174127
1038.82	58.58430424	58.18866405
1039.12	58.12159106	58.54726684
1039.42	57.58089712	58.48253379
1039.73	56.8687368	58.72017256
1040.03	57.16295322	58.76045348
1040.34	56.67625965	57.9185942
1040.64	56.66221752	57.71154995
1040.94	56.62796662	58.15723669
1041.25	56.45885523	58.04695465
1041.55	56.49834238	57.34416058
1041.85	56.10984647	56.66195735
1042.16	54.70596819	56.029126
1042.46	54.78055268	55.63748888
1042.76	55.11202036	56.02027049
1043.06	55.42978422	55.75313987
1043.37	55.23246853	56.13665554
1043.67	54.64347101	55.90409892
1043.97	54.28241349	55.19596115
1044.28	54.40513446	54.58547711
1044.58	54.05709389	53.88590713
1044.88	54.0697991	53.62343381
1045.18	53.72000219	53.38101637
1045.48	54.64642518	54.43439687
1045.79	55.25377695	54.98208287
1046.09	55.74115107	54.44592479
1046.39	55.0094518	54.74607263
1046.69	54.93702916	54.55760437
1046.99	54.5024803	55.09781745
1047.3	55.26424565	55.14595165
1047.6	54.72299251	55.07699569
1047.9	54.78250492	54.31727782
1048.2	54.37028088	54.51544977
1048.5	54.35457367	54.40322902
1048.8	54.66093894	54.62408431
1049.11	54.30278141	55.26120111
1049.41	54.35511418	55.49377632
1049.71	54.7960167	56.24788388
1050.01	54.90637668	56.33463869