wv	10L	12L
399.58	0	0
400.01	0	0
400.44	0	0
400.87	0	0
401.31	0	0
401.74	0	0
402.17	0	0
402.6	0	0
403.03	0	0
403.46	0	0
403.89	0	0
404.32	0	0
404.75	0	0
405.18	0	0
405.61	0	0
406.04	0	0
406.47	0	0
406.9	0	0
407.33	0	0
407.76	0	0
408.19	0	0
408.62	0	0
409.05	0	0
409.48	0	0
409.91	0	0
410.34	0	0
410.77	0	0
411.2	0	0
411.63	0	0
412.05	0	0
412.48	0	0
412.91	0	0
413.34	0	0
413.77	0	0
414.2	0	0
414.63	0	0
415.06	0	0
415.49	0	0
415.91	0	0
416.34	0	0
416.77	0	0
417.2	0	0
417.63	0	0
418.06	0.0037644766	0
418.48	-0.0037079853	0
418.91	0.0036351973	0
419.34	-0.0035728547	0
419.77	0	0
420.2	0	0
420.62	0	0
421.48	0	0
421.91	0	0
422.34	0	0
422.76	0	0
423.19	0	0
423.62	0	0
424.04	-0.002999453	0
424.47	0.0029471421	0
424.9	-0.0029073247	0
425.33	0.0057290175	0
425.75	-0.0056255067	0
426.18	0.0055487556	0
426.61	-0.0054647444	0
427.03	0.0053820461	0
427.46	-0.0053115871	0
427.89	0.0052479664	0
428.31	-0.0051787428	0
428.74	0.0051122438	0
429.17	-0.0050489301	0
429.59	0.0049759253	0
430.02	-0.0074070847	0
430.45	0.0122019494	0
430.87	0.103654127	0
431.3	0.0214613345	0
431.72	-0.0283250719	0
432.15	0.0373672569	0
432.58	-0.046236486	0
433	0.0549383963	0.0022890998
433.43	-0.0635166331	-0.0022684512
433.85	0.0695957635	0.0022450246
434.28	-0.0733285406	-0.002222077
434.7	0.0766979904	0
435.13	-0.0756275818	0
435.56	0.0747853848	0
435.98	1.4316635361	0
436.41	0.0627854584	0
436.83	-0.0519502744	0.002078011
437.26	0.0411258815	-0.0020562941
437.68	-0.0305605158	0
438.11	0.1598409921	0
438.53	-0.0080142371	0
438.96	0.6145800428	0.0019889322
439.38	0.011822112	-0.001970352
439.81	-0.0175908574	0.0019545397
440.23	0.0213365585	-0.0019396871
440.66	-0.023104366	0.0019253638
441.08	0.0229903193	-0.0019158599
441.51	-0.0209216724	0.0019019702
441.93	0.0188672963	0
442.35	-0.0149827588	0
442.78	0.009287283	0.0018574566
443.2	-0.0055364374	-0.0018454791
443.63	0.0018290387	0.0036580774
444.05	0.0018147077	-0.0036294153
444.47	-0.0036027254	0.0018013627
444.9	0.0053681385	-0.0017893795
445.32	0.0123980288	0
445.75	0.0052822919	0.001760764
446.17	-0.0034837136	-0.0034837136
446.59	0.0017286788	0.0051860363
447.02	-0.0017112773	-0.0068451093
447.44	0	0.0051025002
447.86	-0.0016846528	-0.0050539584
448.29	0.0033386687	0.0016693343
448.71	-0.0066116345	0.0016529086
449.13	0.009846035	-0.0065640234
449.56	-0.0146713334	0.0114110371
449.98	0.0371499967	-0.0177673897
450.4	-0.0271716137	0.022376623
450.83	0.0349072717	-0.0269738009
451.25	-0.0392562556	0.0298347543
451.67	0.0450742857	-0.0155428571
452.1	0.1213155922	0.0307128081
452.52	0.0500709562	-0.0273114306
452.94	0.2960913118	0.0210420222
453.36	0.0625958883	0.2995660369
453.79	0.2081072399	0.0044278136
454.21	0.3447264192	0.3447264192
454.63	0.4508668548	0.1116294142
455.05	0.0186584491	0.7032800034
455.48	-0.0071054193	0.0028421677
455.9	0.1227987147	0.0494017818
456.32	0.9526939859	1.0476840021
456.74	1.2575785936	0.159099602
457.16	0.3276322262	0.8540371419
457.59	0.5076450158	0.623018883
458.01	1.2270579576	0.5933471045
458.43	1.1236148635	0.3434746858
458.85	0.4189690849	0.7417597322
459.27	0.99378548	0.7508891603
459.69	0.749287684	0.1908930495
460.12	0.7271930289	1.8912157924
460.54	0.9541043798	1.2610992469
460.96	0.4009047425	0.0617746301
461.38	0.1654361999	0.4117246779
461.8	1.2964072937	0.9919480051
462.22	1.8636594273	1.083692444
462.64	0.1392901289	0.4887162281
463.06	0.1350569706	0.775985226
463.49	1.5430330556	0.0962195518
463.91	0.7139696823	0.557752653
464.33	0.9716441295	1.5009044023
464.75	1.3141163757	1.1428078945
465.17	0.4860161591	1.0876974911
465.59	0.6848677276	1.2213291258
466.01	0.0606968663	1.0405177086
466.43	0.5832470913	1.1195785116
466.85	1.4700116155	1.3174730968
467.27	1.5401957051	1.5494430442
467.69	1.0829825509	1.6592947938
468.11	1.3496724181	1.236204383
468.53	1.3274280145	0.9539050651
468.95	1.6370749323	1.3996218466
469.37	1.5112669227	1.7320350688
469.79	0.2183979051	1.0706144115
470.21	0.9617847021	1.3925840999
470.63	1.4566356915	1.0605877754
471.05	1.4898673554	1.1331755827
471.47	1.8760880645	1.8048876487
471.89	1.6034007785	1.4116989549
472.31	1.8244632722	1.0018919141
472.73	2.4463675851	1.0999796318
473.15	2.2149708526	1.7767145876
473.57	1.3121458173	1.7477193254
473.99	1.1606819493	1.383393024
474.41	1.3201844868	1.8369402871
474.83	1.4331473755	2.0746375538
475.24	1.8640053985	2.0257520444
475.66	1.228570842	1.6383271398
476.08	1.6976421637	1.9033548413
476.5	1.762811035	1.5972542572
476.92	1.1850874299	1.5631804685
477.34	1.5925650558	1.8920217329
477.76	1.5837699762	1.6231893814
478.18	1.8548260174	2.0514462863
478.59	2.3427088246	2.3078252292
479.01	2.0581463208	2.7075176402
479.43	1.835490765	2.4457456605
479.85	1.6191639383	1.8139986794
480.27	1.9355294545	1.7044556071
480.69	2.5248332589	1.6565877232
481.1	2.4730236062	1.8903856752
481.52	2.4640608941	2.4771646968
481.94	2.0949718902	2.0965863047
482.36	1.9521216544	1.8296501438
482.78	2.2428656819	2.1590593977
483.19	2.1185460654	2.2158077651
483.61	2.2649608669	2.1667068031
484.03	2.3282764433	1.9514134957
484.45	2.0460958997	1.9608211254
484.86	2.3326997082	2.4438747631
485.28	2.2228951451	2.5479457586
485.7	2.5382112893	2.4251755037
486.12	2.4031665253	2.6165677128
486.53	1.8708010915	2.3489793746
486.95	2.5161081225	2.5570778785
487.37	2.5197476469	2.4279255443
487.78	1.9168151463	2.2516219414
488.2	2.3533337837	2.7901911775
488.62	2.4252835277	2.0741174511
489.03	2.1961100808	2.2465379291
489.45	2.4134971542	2.7319541061
489.87	2.5161261423	2.6245296542
490.28	2.8064484033	2.7837475519
490.7	2.3478977698	2.7020054922
491.12	2.3979578641	2.568989329
491.53	2.6646206361	2.3591811765
491.95	2.5393088586	2.6916673901
492.37	2.676560485	2.8125031733
492.78	2.1310937437	2.5954198473
493.2	2.0964977964	2.3519390519
493.61	2.4917028338	2.5282954642
494.03	2.5783396923	2.8873843545
494.45	2.9621739724	2.809802242
494.86	2.6837703609	2.6631776976
495.28	2.4024060195	2.6857302987
495.69	2.5741154631	2.8448564345
496.11	2.2724505364	2.790772134
496.52	2.5663951606	2.8197954178
496.94	2.1419777234	2.6095408608
497.36	2.0128742965	2.8060092785
497.77	2.5692766299	3.0058883653
498.19	2.1912984906	2.8335135059
498.6	2.2446878459	2.7490763251
499.02	2.500893765	2.952372772
499.43	2.366330478	3.1269227227
499.85	2.1337725213	2.8215848256
500.26	2.3434202704	2.6743922197
500.68	2.2856358897	3.0323483174
501.09	2.4238671005	3.1894585559
501.51	2.5099129433	3.0401391135
501.92	2.1492957375	3.1532209909
502.33	2.2345343659	2.7114866424
502.75	2.2236345744	2.8161390848
503.16	2.3019809401	3.0002569868
503.58	2.4000339678	2.7504750178
503.99	2.6515151515	2.9867066895
504.41	2.347137944	3.2023488877
504.82	1.9888892331	3.2647274455
505.23	2.2557822851	2.8681157788
505.65	2.5517669796	2.9483020431
506.06	2.7782679462	3.1213992764
506.48	2.7800148755	2.8775652202
506.89	2.68631392	3.1452651943
507.3	2.7160282886	3.1397086694
507.72	2.6417702395	3.3828030091
508.13	2.6043521972	3.5861919914
508.54	2.9629289286	3.3124660188
508.96	2.7592248121	3.0941652114
509.37	2.9267267856	3.1214788799
509.78	2.9194527427	3.2586580875
510.2	3.0302131933	3.3250447472
510.61	3.2000169003	3.2443618208
511.02	2.8851757704	3.1880463761
511.44	2.8611686262	3.1091632399
511.85	2.717270205	3.3432046232
512.26	3.0928291433	3.3107109451
512.68	3.2755879806	3.0801385321
513.09	2.9903710592	3.6442991271
513.5	3.1613314082	3.6051107606
513.91	3.1334134364	3.4784036214
514.33	3.2196868896	3.2755708847
514.74	3.1554531197	3.2019998094
515.15	3.0598426937	3.2062901811
515.56	3.3529707878	3.171594929
515.98	3.1626905547	3.2581240876
516.39	3.1182321082	3.2399135619
516.8	3.1634212992	3.6941753434
517.21	3.228910715	3.5015204377
517.62	2.9750590404	3.3776856172
518.04	3.2802819332	3.3956167035
518.45	3.3933751397	3.2438278171
518.86	3.1078312096	3.4066115535
519.27	3.4323362961	3.1775914698
519.68	3.2211432818	3.3657183211
520.1	3.42045791	3.5199890265
520.51	3.3790738137	3.4985790284
520.92	3.1763201888	3.278041772
521.33	3.1748150833	3.2734539566
521.74	3.2190000332	3.1730022244
522.15	3.2437628869	3.142606626
522.56	3.4779972567	3.5219298536
522.97	3.2904388024	3.5175888549
523.39	3.0628729732	3.5161005253
523.8	3.3741260765	3.4213638416
524.21	3.1005069673	3.1392352404
524.62	3.3009164079	3.2481825292
525.03	3.3630983266	3.0959546294
525.44	3.3045114761	3.4977593967
525.85	3.2689297014	3.4587529519
526.26	3.1330987489	3.1182975871
526.67	3.1566527023	3.5059029483
527.08	3.207036247	3.3206560026
527.49	3.1790531562	3.7859151325
527.9	3.1804427222	3.877113782
528.31	3.3822902735	3.6611989615
528.72	3.4325348726	3.7661259148
529.13	3.3587104019	3.5315156346
529.54	3.2203295635	3.4768110707
529.95	3.2708895868	3.5906840152
530.36	3.1580670807	3.3389157875
530.77	3.1158578492	3.3812899379
531.18	3.4110430244	3.4344743042
531.59	3.5216991904	3.17307599
532	3.3814852164	3.3131862369
532.41	3.2323126646	3.6183952151
532.82	3.2292506786	3.5304511513
533.23	3.4752208302	3.5417855322
533.64	3.6064697148	3.2826179332
534.05	3.3361425476	3.334257417
534.46	3.4478852083	3.6748115259
534.87	3.5675121508	3.8444447589
535.28	3.2978135532	3.4252871404
535.68	3.3283391711	3.5687442278
536.09	3.5249918277	3.6737978933
536.5	3.5896305794	3.4596892009
536.91	3.4216488145	3.3924640862
537.32	3.4405631931	3.3939150027
537.73	3.4822879847	3.6458628964
538.14	3.5628673287	3.6430241362
538.54	3.5379141784	3.677609083
538.95	3.3596022661	3.8319786933
539.36	3.2828624775	3.7610058579
539.77	3.2643551473	3.4938978741
540.18	3.4887933087	3.5385613976
540.59	3.3699480399	3.4779206541
540.99	3.502756851	3.4141647534
541.4	3.4570771765	3.2526090114
541.81	3.3397058652	3.5735075191
542.22	3.4638603904	3.5295411463
542.63	3.4067586249	3.6233875002
543.03	3.6630560645	3.8979580416
543.44	3.6131774708	3.8453836945
543.85	3.4999543946	3.7143708171
544.26	3.3754551843	3.451720295
544.66	3.4241188547	3.6593544998
545.07	3.4937234377	3.9106383936
545.48	3.687032806	3.8220489
545.89	3.7708525591	3.7845767966
546.29	3.5989406565	3.6877597602
546.7	3.5926017419	3.7587064917
547.11	3.4572715003	3.8140501433
547.51	3.4784970364	3.7613357122
547.92	3.5017071072	3.7845097036
548.33	3.6049991867	3.9914466193
548.73	3.4742910829	3.9302631028
549.14	3.398819473	3.674962116
549.55	3.5529260329	3.7772205872
549.95	3.6759288109	3.7079823645
550.36	3.5737389003	3.7228146069
550.77	3.3574641393	3.8356819677
551.17	3.6205857459	3.8266206957
551.58	3.6214812465	3.546890281
551.98	3.6166256127	3.7497116995
552.39	3.6040111787	3.7687851389
552.8	3.4201645901	3.8567290831
553.2	3.6627669116	3.8344138304
553.61	3.5604995484	3.5622799094
554.01	3.8660480398	3.7847977623
554.42	3.5889858213	3.7840562457
554.83	3.3031225467	3.7684631102
555.23	3.4559443535	3.7119810706
555.64	3.2632895139	3.7291279428
556.04	3.4287301669	3.8805493824
556.45	3.575753042	4.0969429476
556.85	3.6259018912	3.8144706653
557.26	3.579333377	3.7380219588
557.66	3.5620935552	3.6836473837
558.07	3.4984343574	3.6334158881
558.47	3.540405877	3.6653460672
558.88	3.663812683	3.7650444893
559.28	3.7044823795	3.6891585477
559.69	3.516893869	3.7046682661
560.09	3.4654773954	3.8628698941
560.5	3.607464554	3.5522023609
560.9	3.6664397926	3.6985208735
561.31	3.7505797417	3.6591282445
561.71	3.7702732586	3.7508355573
562.12	3.6127755525	3.7801323806
562.52	3.6097427203	3.5761082714
562.92	3.5592053649	3.7059570151
563.33	3.4213426004	3.7167316494
563.73	3.4112458655	3.7128299043
564.14	3.3136158006	3.8243467763
564.54	3.3851683707	3.8316802529
564.94	3.717201474	3.7370479433
565.35	3.4618789758	3.8595728776
565.75	3.4153802968	3.6717185769
566.16	3.7313564327	3.662378336
566.56	3.7358097552	3.9299352791
566.96	3.5609273763	3.8865821367
567.37	3.421007963	3.7725448605
567.77	3.7233165925	3.8524477422
568.17	3.7767990291	4.0022858588
568.58	3.6342147863	3.9587170633
568.98	3.4104892729	3.839672545
569.38	3.3377974159	3.785537862
569.79	3.4916727729	3.7340503484
570.19	3.9544902325	3.7515496625
570.59	3.9164072668	3.7430383846
571	3.6318842735	3.7418839017
571.4	3.6480858423	3.8877395794
571.8	3.6003078857	3.9164971315
572.2	3.5736827018	3.9341387951
572.61	3.7369814346	3.7050611661
573.01	3.8127784528	3.9437685841
573.41	3.4851334143	3.9059338012
573.81	3.6666202221	3.7552882049
574.22	3.7284689378	3.8227385761
574.62	3.7297544699	3.8922723716
575.02	3.6732260647	3.9729790129
575.42	3.8065687035	3.6926133028
575.82	3.674195228	3.7608380042
576.23	3.2545780776	3.8531857447
576.63	3.6195266417	3.6752820814
577.03	3.5929096596	3.8813155683
577.43	3.5198900157	3.8891790438
577.83	3.5262930075	3.7503759987
578.23	3.4589049897	3.7896916452
578.64	3.5354088224	3.6931949674
579.04	3.676884286	3.7977453166
579.44	3.5465568593	3.6248693668
579.84	3.3920928972	3.7745265705
580.24	3.7123658849	3.8266374405
580.64	3.5016705612	3.6717964334
581.04	3.5086509529	3.7922099632
581.45	3.6050532341	3.7168410761
581.85	3.5886218222	3.7845173676
582.25	3.5010119067	3.9289180325
582.65	3.5186204457	3.7158515906
583.05	3.7145328848	3.6810799973
583.45	3.5825400482	3.7945657801
583.85	3.4656482679	3.6421357102
584.25	3.4128197074	3.7608555576
584.65	3.588164754	3.739634529
585.05	3.4877670859	3.6621765808
585.45	3.5409615767	3.521501095
585.85	3.7620505545	3.7882861019
586.25	3.6190321857	3.5897883374
586.65	3.5514277551	3.5830308807
587.05	3.4585578862	3.6034968366
587.45	3.4679799871	3.3534380734
587.85	3.5013421902	3.5186069809
588.25	3.6290531972	3.4644354718
588.65	3.5581405273	3.6029480058
589.05	3.4852792925	3.2724443338
589.45	3.551358363	3.3862385933
589.85	3.5337029325	3.3356134099
590.25	3.6765456721	3.3306439108
590.65	3.4462053625	3.358908071
591.05	3.3904809772	3.108388151
591.45	3.421066283	3.1580066122
591.85	3.4575592433	3.0906820436
592.25	3.5326035294	3.1352798997
592.65	3.4112752669	2.9342447429
593.04	3.3752140473	2.7651680073
593.44	3.4838886555	2.6861717993
593.84	3.5972163574	2.5247556768
594.24	3.4600871784	2.4921763797
594.64	3.5437884969	2.5274632019
595.04	3.5100755205	2.4585384511
595.44	3.2137903454	2.4276616855
595.84	3.3813935265	2.4697622689
596.23	3.5168116876	2.2737136105
596.63	3.2657607344	2.0299167143
597.03	3.2554625975	1.8648813683
597.43	3.3784823359	1.9062098807
597.83	3.385821156	1.7560836452
598.22	3.3522315487	1.6695419397
598.62	3.3517742198	1.7092038937
599.02	3.1995923722	1.6134065342
599.42	3.2607383364	1.9916453492
599.82	3.3692450764	2.1361546355
600.21	3.0875990218	2.0266287649
600.61	3.2228554344	2.0072023634
601.01	3.2021233376	1.9902568526
601.41	2.993620281	1.9311680438
601.8	3.086459184	2.2347881317
602.2	3.4411686369	2.5153147985
602.6	3.1915961402	2.4982500964
603	3.0209927432	2.4256220349
603.39	3.1187599688	2.5087177016
603.79	2.9820589141	2.6763933268
604.19	2.9375214348	2.7014868164
604.58	2.9747288659	2.8336787485
604.98	2.9703953459	2.91125208
605.38	2.9309966138	3.0344271095
605.77	2.9384390903	2.9841905789
606.17	2.9868582434	2.9490022431
606.57	3.0431601539	2.9215443076
606.96	2.9153338711	2.9762136552
607.36	3.2425989257	3.1584776783
607.76	2.9637722816	3.276182099
608.15	2.9628216449	3.4805658598
608.55	2.9867364	3.5391985722
608.95	2.8294190273	3.4194909031
609.34	2.9136230345	3.28740892
609.74	2.8948113025	3.3162803115
610.13	3.0937391811	3.4553852882
610.53	2.774098694	3.3644476182
610.93	2.7408211315	3.5282137676
611.32	2.7900123542	3.5245100817
611.72	2.7494558706	3.4525095633
612.11	2.7615494667	3.6370406925
612.51	2.7768072126	3.4546590148
612.9	2.8037730126	3.6057305968
613.3	2.6321150634	3.8052148836
613.69	2.743267176	3.7843531022
614.09	2.7849366081	3.9270175233
614.48	2.6868349432	3.6638310421
614.88	2.6517870781	3.3183137315
615.27	2.7048852948	3.6798799095
615.67	2.661234455	3.7564091354
616.06	2.4620847241	3.5838280427
616.46	2.5950289778	3.6826836085
616.85	2.5428900892	3.7540253106
617.25	2.5695236013	3.7371096652
617.64	2.6524755562	3.7359183946
618.04	2.4706751393	3.855229081
618.43	2.5663645121	3.7302182704
618.83	2.435428075	3.7777484759
619.22	2.4838670401	3.8042681779
619.62	2.3806892161	3.8622783612
620.01	2.583853703	3.6899053063
620.4	2.6647617027	3.6105586274
620.8	2.4057436741	3.7808837408
621.19	2.5958542697	3.6900910814
621.59	2.5618593113	3.6988347246
621.98	2.5999440687	3.6920859397
622.37	2.5867765035	3.5759706542
622.77	2.6453374434	3.4462211437
623.16	2.5431908298	3.7588795711
623.55	2.3907889608	3.8379145967
623.95	2.732088802	3.4740076247
624.34	2.5715288379	3.6282570599
624.73	2.3839346237	3.7431922846
625.13	2.5338525297	3.6022807554
625.52	2.6066748852	3.7294568498
625.91	2.6440445706	3.6684099518
626.31	2.5726607871	3.7155576272
626.7	2.5736592119	3.7518919751
627.09	2.5441231292	3.6325743626
627.49	2.5354943237	3.5610163655
627.88	2.6056273423	3.6663234946
628.27	2.8660428706	3.7274197652
628.66	2.7279999087	3.5516568533
629.06	2.52342319	3.5616315882
629.45	2.7042625503	3.6703362239
629.84	2.7923859358	3.7125727744
630.23	3.0201213825	3.8511231133
630.63	2.9623768643	3.9929580251
631.02	2.874615879	3.9520009347
631.41	2.7438817271	3.8758822799
631.8	2.6964445948	3.6322636111
632.19	2.8878647691	3.6847241351
632.59	2.8467335023	3.6992891633
632.98	2.9707972371	3.7385381344
633.37	2.757552845	3.6353681256
633.76	2.7130129519	3.3685534382
634.15	2.8362135254	3.5869521227
634.54	3.0039800615	3.7363662611
634.94	3.0838698268	3.7113282576
635.33	2.9486995516	3.8047473842
635.72	2.9158856579	3.7845469192
636.11	2.8514546257	3.782853732
636.5	2.9082530906	3.5793256009
636.89	2.9698981058	3.455617646
637.28	3.0727029588	3.7426462453
637.67	2.8585583116	3.703002275
638.06	2.8048428109	3.5291815958
638.45	2.9211003066	3.4650901363
638.85	2.9079641678	3.3956020199
639.24	3.0521270048	3.5243258146
639.63	2.9712301527	3.6238679233
640.02	2.8727910866	3.7048985091
640.41	2.7948063626	3.6826826097
640.8	2.9263712043	3.6548622835
641.19	3.086052545	3.8273346244
641.58	3.2147657883	3.8853813182
641.97	3.2502471351	3.7931998194
642.36	3.1440812898	3.6607260597
642.75	2.9865485208	3.548837215
643.14	2.9937426002	3.4669859783
643.53	3.0470789373	3.525798631
643.92	3.0839380066	3.5350326664
644.31	3.0363287312	3.420666221
644.7	2.9393249603	3.4758717167
645.09	2.876499609	3.5163246091
645.48	2.7725334434	3.5661473916
645.87	2.8953440937	3.5148946732
646.26	3.041849213	3.4121540224
646.65	3.1461994768	3.3270083392
647.03	3.0731316767	3.4189215202
647.42	3.1186197985	3.3716273123
647.81	3.0945912359	3.3965990301
648.2	3.0821656004	3.5961722699
648.59	3.1677536614	3.499456707
648.98	3.0280450469	3.3782214486
649.37	2.9558204898	3.2412071726
649.76	2.9800315343	3.388784895
650.15	2.9217316521	3.3435803543
650.53	2.7618384865	3.3749511087
650.92	2.9712743644	3.3605746855
651.31	3.0032611369	3.2536729496
651.7	2.9322703055	3.1464626669
652.09	3.0382651072	3.2219242568
652.48	2.8980107975	3.2047822107
652.86	2.7180548268	3.315271932
653.25	2.8229948219	3.3052943041
653.64	3.0253431035	2.9869912964
654.03	3.1094648212	3.0296369656
654.42	3.2306533619	3.1302670296
654.8	3.098524786	3.2694720122
655.19	3.1999099139	2.9531739726
655.58	3.1662174664	2.88956182
655.97	2.8246975862	3.0456961398
656.36	3.033495996	3.0217967968
656.74	2.9672422677	2.8975098421
657.13	2.9619152339	2.8030287885
657.52	3.0738883517	2.9012290157
657.9	2.8937875602	2.8161788368
658.29	3.0009814741	2.8241791365
658.68	2.9403153993	2.9477153446
659.07	2.9811109289	3.0415231535
659.45	3.0077169604	2.976933457
659.84	3.0229389953	2.6532300612
660.23	2.9427651539	2.6434152684
660.61	2.5847593967	2.7015216842
661	2.7231207902	2.4356463814
661.39	2.8865705009	2.2752497088
661.77	2.6956585211	2.4306565911
662.16	2.7509872822	2.3272410749
662.55	2.8664358682	2.3108761941
662.93	2.8567338214	2.2663365701
663.32	2.9238612618	2.2593187431
663.7	2.7982917376	2.2218889629
664.09	2.7145059022	1.9708459203
664.48	2.7338179318	1.9925504735
664.86	2.8094563573	2.0657829243
665.25	2.9712101267	1.8958849298
665.63	2.8129520681	1.6849871839
666.02	2.5466733881	1.677870432
666.41	2.9034857774	1.6064800615
666.79	3.0165462995	1.6393127475
667.18	2.8151460846	1.4773674427
667.56	2.7940078431	1.6109803378
667.95	2.759883685	1.601868465
668.33	2.7017364216	1.2818058488
668.72	2.6956355212	1.2877467181
669.1	2.7755667369	1.2715226719
669.49	2.6476152188	1.2771614469
669.87	2.6891086523	1.1128357121
670.26	2.502503463	1.0251773338
670.64	2.6383210885	1.1528815588
671.03	2.5031033403	0.9357415172
671.41	2.482362045	0.6950697118
671.8	2.7143688405	0.7230542131
672.18	2.6096039535	0.64517116
672.57	2.5684517725	0.6422169964
672.95	2.3169083238	0.6592083965
673.34	2.3322015297	0.6122029015
673.72	2.4910823369	0.5870079339
674.1	2.4943738559	0.7576417954
674.49	2.3047865135	0.5905636673
674.87	2.3645487669	0.3342029607
675.26	2.3855119705	0.4328135225
675.64	2.3718426112	0.2100967165
676.02	2.5535693923	0.261277832
676.41	2.4318634035	0.3131000348
676.79	2.4058025292	0.2453341323
677.17	2.4284649636	0.303850899
677.56	2.5203290861	0.2499817761
677.94	2.3938204978	0.3626157492
678.33	2.2683820515	0.232005802
678.71	2.5155098422	0.1079396479
679.09	2.2017282815	0.1111309589
679.48	2.0060041001	0.0658166147
679.86	2.2295117435	0.0947623623
680.24	2.275234295	0.0643872878
680.62	2.2778651747	0.1544646771
681.01	2.1735118029	0.1257259459
681.39	2.0244442274	0.261549891
681.77	2.0189367966	0.2557086218
682.16	2.1088466176	0.1871549141
682.54	2.1396649206	0.2678998296
682.92	2.0763084955	0.3192958143
683.3	1.9321355828	0.1609374063
683.69	2.0877578206	0.3109568113
684.07	1.9882716404	0.4297525841
684.45	1.8034617532	0.0935821518
684.83	2.0294668991	0.5344821916
685.21	1.900173919	0.4424847607
685.6	1.6425685086	0.4101928469
685.98	1.7749163844	0.5652069055
686.36	1.9037702471	0.5276459995
686.74	1.7314795971	0.4830142901
687.12	1.5577624256	0.3778865221
687.51	1.6381452314	0.4829004687
687.89	1.7242956568	0.4456961953
688.27	1.6014232976	0.6409777296
688.65	1.5625709743	0.8353395412
689.03	1.4187239414	0.7608506701
689.41	1.4022172343	0.4330276311
689.79	1.3603560664	0.6196924027
690.18	1.4454405796	0.610827047
690.56	1.5419893068	0.7192570059
690.94	1.5676101527	0.6738156079
691.32	1.5398946123	0.745799381
691.7	1.4737680883	0.8591734544
692.08	1.4514852276	0.6588085965
692.46	1.3463125671	0.9690259502
692.84	1.3368313939	0.7722084161
693.22	1.5903920884	0.7363013937
693.6	1.3763777546	0.8573844853
693.98	1.2591548979	0.8582216391
694.36	1.1813819578	0.8349328215
694.74	1.1422618001	0.8119053158
695.12	1.3720339925	0.8049136941
695.5	1.4254659894	0.8710236189
695.88	1.4040267726	1.0099738119
696.26	1.1577622221	1.143592522
696.64	1.0281133628	1.2944981956
697.02	0.9907558237	1.2366100466
697.4	1.342818973	1.1607875012
697.78	1.0360859392	1.1354030529
698.16	0.8917556222	1.1247611524
698.54	0.7655240517	1.0754259105
698.92	0.737407775	0.9572238766
699.3	1.001887418	1.0315509981
699.68	1.0203181691	1.1410541697
700.06	1.1086171108	1.386513766
700.44	0.8557392005	1.2147334395
700.82	0.9066309374	1.2728562421
701.2	0.7486831765	1.4154209307
701.58	0.7947747171	1.1950209775
701.96	0.8590160572	1.4273763479
702.33	0.6304140784	1.3336737883
702.71	0.8032373456	1.4248406164
703.09	0.527070059	1.2424330797
703.47	0.4398470328	1.2590715406
703.85	0.5105346544	1.3059838256
704.23	0.4438267425	1.4682554382
704.61	0.6578978608	1.5193707116
704.98	0.4241642953	1.2485074051
705.36	0.4434602331	1.4585644726
705.74	0.5184786055	1.3598360302
706.12	0.7317171284	1.2988042348
706.5	0.6630593785	1.4222915485
706.88	0.3977558811	1.4551362981
707.25	0.2838373118	1.4054647913
707.63	0.2486321415	1.3172159308
708.01	0.3754172511	1.3649681576
708.39	0.3769299339	1.7185449527
708.76	0.4517746297	1.2592288885
709.14	0.1213702873	1.2134462762
709.52	0.0966769565	1.2460014126
709.9	0.1162025838	1.272302348
710.27	0.3422262774	1.692807054
710.65	0.2983448584	1.622686061
711.03	0.2809647949	1.4692440796
711.41	0.1433791793	1.4509039553
711.78	0.0145412999	1.5972059931
712.16	0.3271182549	1.5041714504
712.54	0.0772853075	1.5749492393
712.91	0.0771790184	1.6152652865
713.29	0.0259791981	1.5802700108
713.67	0.0715795014	1.584485948
714.04	0.0247740031	1.5117412962
714.42	0.0749372936	1.5583790697
714.8	0.2022461091	1.5239745973
715.17	0.0755263309	1.4128177286
715.55	0.0533697213	1.3707035354
715.93	-0.0105742107	1.4312194242
716.3	0.0076680556	1.6354111742
716.68	0.0185161845	1.6598436861
717.05	0.0034431345	1.6116518165
717.43	-0.0021210628	1.3399814095
717.81	0.0013255712	1.3648081119
718.18	-0.0007964967	1.4307735076
718.56	0.0005316529	1.4179182662
718.93	0.0712469467	1.504958825
719.31	0.0138287704	1.484997192
719.68	-0.0005320581	1.380956703
720.06	0.0002662161	1.4146722645
720.43	0	1.5992850255
720.81	0.082197028	1.5548048213
721.19	0.00374556	1.4310714662
721.56	-0.0016087516	1.5221471471
721.94	0.0018819764	1.3649705684
722.31	-0.0024244383	1.4358062604
722.69	0.0027012855	1.653997108
723.06	-0.0027077609	1.5282602636
723.43	0.0024424702	1.4836649825
723.81	-0.002178377	1.5855861917
724.18	0.0016409002	1.4130885925
724.56	-0.0010975992	1.3459309739
724.93	0.0005506528	1.3939774783
725.31	0	1.3988681162
725.68	-0.0005533215	1.448872282
726.06	0.0008310371	1.5221829879
726.43	-0.0011088373	1.3838289129
726.8	0.0011105341	1.3601266009
727.18	-0.0008333061	1.6141139178
727.55	0.0008332135	1.4772875796
727.93	-0.0005567582	1.4066496582
728.3	0.0002790696	1.4550689712
728.67	0	1.3216497562
729.05	0	1.4844770662
729.42	0.0002818284	1.6309407763
729.8	-0.0002828454	1.4198840334
730.17	0	1.3639720407
730.54	0	1.3069616971
730.92	0	1.2318137079
731.29	0.0002865928	1.2945399005
731.66	-0.0002876816	1.3840363765
732.03	0.0005777381	1.4160359693
732.41	-0.0008701097	1.4867274151
732.78	0.0008743267	1.5813655268
733.15	-0.0011703636	1.6393868671
733.53	0.001765824	1.6848904324
733.9	-0.0020686226	1.391592005
734.27	0.0026655517	1.212529835
734.64	-0.0035606755	1.2842169568
735.02	0.0044553236	1.1664037152
735.39	-0.0053470423	1.6281743695
735.76	0.0062364288	1.3622142292
736.13	-0.0071313586	1.3035529197
736.51	0.0077361856	1.2544522448
736.88	0.0481564508	1.0228786856
737.25	0.008309142	1.0508097049
737.62	0.0778761124	1.0766446561
737.99	0.0165695468	1.3874036634
738.37	-0.0065013968	1.313282145
738.74	0.0053227481	1.2614913088
739.11	-0.0038456385	1.2548614265
739.48	0.0020727266	1.2119528394
739.85	0	1.3235931924
740.22	-0.0020764373	1.3259535471
740.6	0.0038676054	1.216808158
740.97	-0.0056719007	1.2809540032
741.34	0.0074860319	1.3858142337
741.71	0.0300913716	1.3520053244
742.08	0.0105951444	1.1890779197
742.45	-0.0118527682	1.1825415696
742.82	0.0128121159	1.2177611097
743.19	0.087262078	1.0670468135
743.56	0.0144577441	1.0335748989
743.94	0.0869079543	0.9204201855
744.31	0.0810812292	0.9965846108
744.68	-0.0162410137	0.9900771816
745.05	0.0166420392	0.870410048
745.42	-0.0167298912	1.2212820556
745.79	0.026003145	1.3347224062
746.16	0.1726089152	1.1537039505
746.53	0.0147512936	0.9229178889
746.9	-0.0132190088	1.0088360634
747.27	0.1310841814	0.900758708
747.64	0.1246339082	0.8151643345
748.01	0.1071244688	1.0869214395
748.38	0.1705512636	1.0923792065
748.75	-0.0003288341	1.0128090557
749.12	0.0033017594	1.109391175
749.49	-0.0059738673	1.2488701387
749.86	0.0120051552	1.1104768518
750.23	0.220620285	1.307627829
750.6	0.1366133772	0.8726390292
750.97	0.1601132601	0.7944731953
751.34	0.077035789	1.0574604341
751.7	-0.0115753953	0.5515335396
752.07	0.1232564445	0.519998795
752.44	0.3299023861	0.8456315312
752.81	0.1475119715	0.8974216683
753.18	0.0329583779	0.8558878769
753.55	0.1855252635	0.7920104476
753.92	0.2709394067	0.6556319993
754.29	0.2110784162	1.0571194004
754.66	0.0866987758	1.1426898652
755.02	0	1.0056765801
755.39	-0.00069727	0.737363007
755.76	0.1734436966	0.5797775181
756.13	0.0063135481	0.8095371715
756.5	0.1438481288	0.782899596
756.87	0.184490819	0.6208486453
757.23	0.1438761939	0.7838771945
757.6	0.1801715001	0.5900082524
757.97	0.0865252761	0.6475094013
758.34	0.3774441872	0.7624300755
758.71	0.2930910323	0.4032702165
759.07	0.1311332583	0.7654858794
759.44	0.3111845965	0.5581737693
759.81	0.452669612	0.3147582109
760.18	0.1431357556	0.5656053199
760.54	0.2917240651	0.5270090522
760.91	0.3579256825	0.2917792525
761.28	0.1028526819	0.4257879843
761.65	0.0535619221	0.5744054409
762.01	0.2709127959	0.582536531
762.38	0.6410770915	0.517978425
762.75	0.3530810972	0.2196536089
763.11	-0.0219672878	0.2461080887
763.48	0.0619248037	0.3085048956
763.85	0.0894547728	0.3016759285
764.21	0.4331521259	0.3159418368
764.58	0.3540850513	0.3288470743
764.95	0.0469506573	0.2926843392
765.31	0.3643840643	0.0464038161
765.68	0.2579648737	0.2916457475
766.05	0.2763670615	0.5211713109
766.41	0.1181343656	0.491516426
766.78	0.412086715	0.4553616681
767.14	0.2189641427	0.02506924
767.51	0.2706091946	0.1360912519
767.88	0.1520551255	0.171407596
768.24	0.1196873303	0.1291989062
768.61	0.4982594629	0.2515175564
768.97	0.3877932177	0.2516063101
769.34	0.5333251562	0.179245372
769.71	0.2522386715	-0.0217586074
770.07	0.4622158577	0.0242632996
770.44	0.4965849048	0.1716139009
770.8	0.3965874035	0.0179156527
771.17	0.3367160997	-0.0167337698
771.53	0.4750010237	0.0155603784
771.9	0.4155626662	-0.0143580388
772.26	0.4338348663	0.0180764528
772.63	0.4084837632	-0.0131636258
772.99	0.3451868652	0.012357525
773.36	0.5335338039	0.0748601694
773.72	0.3664554224	0.0116335055
774.09	0.3200202237	-0.0112653795
774.45	0.480338569	0.0104877417
774.82	0.3722741472	0.0362167157
775.18	0.5777497122	0.0092980934
775.54	0.4335478134	-0.0084926114
775.91	0.1835055842	0.0076816291
776.27	0.3247504391	0.014995073
776.64	0.4539667353	0.0055939029
777	0.3424272558	-0.0047559341
777.37	0.2957686659	0.0039145853
777.73	0.3703484604	-0.0030607311
778.09	0.5648935895	0.0021980295
778.46	0.6477917078	-0.0017687146
778.82	0.6064568774	0.0013338494
779.19	0.6558173491	-0.0008928759
779.55	0.4003926295	0.0008947321
779.91	0.5934613964	-0.0004485725
780.28	0.5386639419	0
780.64	0.6706906158	0.0004510361
781	0.2752699169	-0.0009054931
781.37	0.2177459034	0.001363753
781.73	0.6713346747	-0.001824279
782.09	0.4739271514	0.002742105
782.45	0.9338111583	-0.0036728069
782.82	0.6798949044	0.0041485113
783.18	0.2765583487	-0.005095715
783.54	0.7387888054	0.0055792735
783.91	0.3395842778	-0.0060723461
784.27	0.2788490962	0.0065611552
784.63	0.4062946909	0.1015736727
784.99	0.6107857918	0.0066081925
785.36	0.8292567351	-0.0066340539
785.72	0.1646691919	0.0061869928
786.08	0.4682155815	-0.005255481
786.44	0.4006476827	0.004803929
786.81	0.1984779663	-0.0038633181
787.17	0.7678729793	0.0033933781
787.53	0.4276790692	-0.0024299947
787.89	0.3394263354	0.0019479273
788.25	0.3823742896	-0.0014631669
788.61	0.1543555534	0.0009738521
788.98	0.6422052481	-0.0004865191
789.34	0.691548471	0
789.7	0.3153809107	0
790.06	0.7523600133	0
790.42	0.5591485808	0
790.78	0.6124986869	-0.0004826625
791.14	0.7541047771	0.0004821642
791.51	0.3285955192	-0.0004818116
791.87	0.4013877512	0.000481858
792.23	0.3222329413	-0.0009618894
792.59	0.3307495729	0.0009600858
792.95	0.8193082624	-0.0009576952
793.31	0.788977312	0.0014336353
793.67	0.393451177	-0.0014307316
794.03	1.0202296827	0.0014295605
794.39	0.7297200368	0.0223869724
794.75	0.569868604	0.0014294363
795.11	0.8265231248	-0.0014283234
795.47	0.2052336825	0.0014252339
795.83	0.5496925401	-0.0014216186
796.19	0.6263232475	0.0009446806
796.55	0.6539040952	-0.0009415466
796.91	0.9923128748	0.0009388012
797.27	0.7323312904	-0.0004676445
797.63	0.5003813004	0.0004663386
797.99	0.3957316673	-0.0004650196
798.35	0.3170983494	0
798.71	0.5394399956	0
799.07	0.8064183095	0
799.43	0.9700533193	0
799.79	0.536080186	0
800.15	0.8747792938	0
800.51	1.2490866096	0
800.87	0.532077085	0
801.23	0.7156636786	0
801.59	0.9556376237	0
801.95	0.6833914439	0
802.31	0.8292016919	0
802.66	0.7176125444	0
803.02	0.8561242665	0
803.38	1.1533421759	0
803.74	0.7467502954	0
804.1	0.5334775525	0
804.46	0.7933194154	0
804.82	0.9385194479	0
805.17	0.4259776164	0
805.53	0.5313377636	0
805.89	0.7868210341	0
806.25	0.6127498027	0
806.61	0.9332640111	0
806.97	0.8503454102	0
807.32	1.1109205046	0
807.68	0.7015017597	0
808.04	0.2231536388	0
808.4	0.6228924818	0
808.75	0.3955448052	-0.0004604713
809.11	0.7801655044	0.0004610907
809.47	0.5969577722	-0.0004616843
809.83	0.9923321519	0.0004624101
810.18	0.9598526322	-0.0004632493
810.54	0.7204432321	0.0009284062
810.9	0.9688079112	-0.0009293121
811.25	0.8746481151	0.0009319639
811.61	0.6940017067	-0.0014039144
811.97	0.5967052071	0.0014073236
812.33	0.6383131677	-0.0014101175
812.68	0.3041532343	0.0018833018
813.04	0.9307170999	-0.0023550534
813.4	0.6292734865	0.0028281954
813.75	0.717574465	-0.0033046192
814.11	0.7096295143	0.0042549405
814.46	0.5696403503	0.0378813201
814.82	0.5655807769	0.0056985469
815.18	0.5222119454	-0.0066705905
815.53	0.7538145952	0.008120943
815.89	0.4528648305	-0.0090955938
816.25	0.4194493826	0.0100898477
816.6	0.2807497613	-0.0110758911
816.96	0.6602260838	0.0120832007
817.31	0.716533527	-0.0125877511
817.67	0.7568851823	0.0126066718
818.02	0.696247392	0.1768555832
818.38	0.3501032584	0.0126778339
818.74	0.5608253472	-0.0117347937
819.09	0.6429963445	0.0107819509
819.45	0.2201283311	-0.0093357998
819.8	0.489357389	0.0073846688
820.16	0.4061302238	-0.0054216413
820.51	0.8274209736	0.002958597
820.87	0.9966829427	-0.0004929194
821.22	0.5995707408	-0.0019722722
821.58	0.4785546621	0.0187668495
821.93	0.2596267065	-0.0064411206
822.29	0.3801901096	0.0084266387
822.64	0.1093516093	-0.0099410554
823	0.3272391667	0.1160528552
823.35	0.5813871425	0.2929431346
823.7	0.7317771182	0.0120374577
824.06	0.4513559643	-0.0120898919
824.41	0.4497194264	0.0111041834
824.77	0.4951230675	-0.0095993248
825.12	0.582365207	0.0081024724
825.48	0.5978951513	-0.0060854468
825.83	0.1286799904	0.0035603159
826.18	0.2837696398	-0.0010225933
826.54	0.5334039334	-0.0015431165
826.89	0.6380161566	0.0036221517
827.24	0.8204914619	-0.0057267805
827.6	0.6369413025	0.0078505502
827.95	0.6452829372	0.0383596534
828.31	0.4171390412	0.010032458
828.66	0.301545291	-0.0100691749
829.01	0.8274734465	0.0101171142
829.37	0.5130413734	-0.0096195258
829.72	0.347275639	0.0085747071
830.07	0.0064518986	0.2349566394
830.42	-0.0010797627	0.0215952541
830.78	0.3380542856	0.1320694396
831.13	0.0147524861	0.313626926
831.48	0.2671296656	0.0599117974
831.84	0.441767851	0.0601908697
832.19	-0.0177311899	0.0022163987
832.54	0.0166553998	-0.0027759
832.89	0.3475696663	0.003342016
833.25	0.2272958723	-0.0039092656
833.6	0.517645353	0.0039215557
833.95	0.5404058243	-0.0039281836
834.3	0.411953402	0.0033766672
834.65	0.1308746769	-0.0033846899
835.01	0.2953202486	0.0028233293
835.36	0.2394166902	-0.0028299845
835.71	0.0505367652	0.0022713153
836.06	0.228826669	-0.0022768823
836.41	0.3094162287	0.0022793092
836.77	0.5453769769	-0.0022843015
837.12	0.1270553064	0.008584818
837.47	0.4727928123	-0.0028688884
837.82	0.0443136963	0.0028775127
838.17	0.0138464671	-0.0028846806
838.52	0.036526846	0.002898956
838.87	-0.0168665218	0.2477633897
839.23	0.4523989973	0.1941351367
839.58	-0.0081817588	-0.0011688227
839.93	0.0017584206	0.0005861402
840.28	0.0029381164	0
840.63	-0.0064853317	-0.0011791512
840.98	0.0082906897	0.0017765764
841.33	-0.0083178102	-0.0023765172
841.68	0.0071594271	0.0029830946
842.03	0.1331052604	0.1343044069
842.38	0.2128278332	0.1061124608
842.73	0.0683802669	-0.0036308106
843.08	-0.0048646657	0.0036484993
843.43	0.0146546987	-0.0030530622
843.78	0.0809433288	0.0030660352
844.13	0.0436804487	-0.0024608704
844.48	-0.01356301	0.0018495014
844.83	0.0136100962	0.0290761146
845.18	0.1923526148	0.0018614769
845.53	0.0105760082	-0.0018663544
845.88	-0.0081167639	0.0018730994
846.23	0.1735064591	-0.0018791313
846.58	-0.0012554464	0.0025108928
846.93	-0.002516077	-0.0031450962
847.28	0.1135596114	0.0031544336
847.63	-0.0101186712	-0.0037945017
847.98	0.0133115576	0.0038033022
848.33	-0.017142473	-0.0038094384
848.68	0.0197174456	0.0031802332
849.03	0.2131872904	-0.0025455199
849.38	0.1324612468	0.0019104988
849.72	-0.0254756071	-0.0006368902
850.07	0.0268201249	-0.0006385744
850.42	0.2349790782	0.1229318338
850.77	0.0275908403	-0.0019249423
851.12	-0.0264050158	0.0025760991
851.47	0.0252316709	-0.0032348296
851.82	0.112897747	0.0032441881
852.16	0.0208489029	0.2254287631
852.51	-0.0176785281	0.0019642809
852.86	0.0138061188	-0.0006574342
853.21	-0.0099022589	-0.0006601506
853.56	0.0066259496	0.0019877849
853.9	-0.002657423	-0.0039861345
854.25	-0.0006669308	0.0053354466
854.6	0.0040114365	0.1872003713
854.95	-0.0060444444	0.0080592593
855.3	0.0074277974	-0.0094535604
855.64	-0.0081527929	0.0101909912
855.99	0.0075106736	-0.0102418276
856.34	0.2195345384	0.0096046361
856.69	0.0048346273	0.0248637976
857.03	-0.002778947	0.0083368411
857.38	0	-0.007677622
857.73	0.0028128581	0.0063289307
858.07	-0.0056617362	-0.0049540192
858.42	0.0156641998	0.0035600454
858.77	0.2549939117	-0.0021488251
859.12	0.0114971194	0.0014371399
859.46	-0.0122657726	-0.000721516
859.81	0.0123225699	0
860.16	-0.0116457799	0.0007278612
860.5	0.0109752476	-0.0007316832
860.85	-0.0095427676	0.000734059
861.19	0.0080867313	-0.0007351574
861.54	-0.0066293746	0
861.89	0.0051665227	0.0073807467
862.23	-0.0036960539	0
862.58	0.0022160135	0
862.93	-0.0014771241	0
863.27	0.0007391658	0
863.62	0	0
863.96	0	0
864.31	0.0081387505	0
864.65	-0.0014812943	0
865	0.0022289528	0
865.35	-0.0029808481	0
865.69	0.0037339823	0
866.04	-0.0044941642	0
866.38	0.006014479	0
866.73	-0.0067879024	0
867.07	0.0083325535	0
867.42	-0.0091176037	0
867.76	0.0091450704	0
868.11	0.1507004036	0
868.45	0.0099896487	0
868.8	-0.0092429398	0
869.14	0.0084927811	0
869.48	-0.0069701015	0
869.83	0.0054385331	0
870.17	-0.0038968124	0
870.52	0.0015637864	0
870.86	0.000783551	0
871.21	-0.0023552992	0
871.55	0.0047316636	0
871.89	0.0174330529	0
872.24	0.0079523607	0
872.58	-0.00957724	0
872.93	0.0104135744	0
873.27	-0.0112653656	0
873.61	0.0113043189	0
873.96	0.1588716868	0
874.3	0.0113851085	0
874.64	-0.01064173	0
874.99	0.0098709518	0
875.33	-0.0090908649	0
875.67	0.0157445004	0
876.02	-0.002494949	0
876.36	0.0050075113	0
876.7	-0.0041897927	0
877.05	0.0033655036	0
877.39	-0.0025327771	0
877.73	0.0016911216	0
878.07	-0.0008469594	0
878.42	0.0008504507	0
878.76	0	0
879.1	0	0
879.44	0	0
879.79	0	0
880.13	0	0
880.47	0.000863378	0
880.81	-0.0008658317	0
881.15	0.0017380014	0
881.5	-0.0017440459	0
881.84	0.0026228227	0
882.18	-0.0035033127	0
882.52	0.003516029	0
882.86	-0.004405469	0
883.2	0.005301786	0
883.55	-0.0062015989	0
883.89	0.0062054149	0
884.23	-0.0070982693	0
884.57	0.0071081378	0
884.91	0.1085261583	0
885.25	0.0071356241	0
885.59	-0.0071446208	0
885.93	0.0071487519	0
886.27	-0.0062527257	0
886.62	0.0053549772	0
886.96	-0.0044565383	0
887.3	0.0035606382	0
887.64	-0.0026681594	0
887.98	0.0026642566	0
888.32	-0.0017706766	0
888.66	0.0008835346	0
889	-0.0008783033	0
889.34	0	0
889.68	0	0
890.02	0	0
890.36	0	0
890.7	0	0
891.04	0	0
891.38	0.0008557205	0
891.72	-0.0008522798	-0.0008522798
892.06	0.0008487311	0.0008487311
892.4	-0.000847352	-0.000847352
892.74	0.0008434339	0.0008434339
893.08	0	0.0075680007
893.41	0	0.0008372198
893.75	0	-0.000834704
894.09	0	0.0008328312
894.43	0	-0.0008303173
894.77	0	0
895.11	0	0
895.45	0	0
895.79	0	0
896.13	0	0
896.46	-0.0008265066	0
896.8	0.0008286337	0
897.14	-0.0008313731	0
897.48	0.0008318857	0
897.82	-0.0008318531	0
898.16	0	0
898.49	0	0
898.83	0	0
899.17	0	0
899.51	0	0
899.85	0	0
900.18	0	0
900.52	0	0
900.86	0.0008427983	0
901.2	-0.0008436599	0
901.53	0.0008440956	0
901.87	-0.0008430574	0
902.21	0.0016836768	0
902.54	-0.0008395767	0
902.88	0.000838037	0
903.22	-0.0008385579	0
903.56	0.0008385165	0
903.89	0	0
904.23	0	0
904.57	0	0
904.9	0	0
905.24	-0.0008338606	0
905.58	0.0016673778	0
905.91	-0.0024993997	0
906.25	0.0041698349	0
906.58	-0.0066813066	0
906.92	0.0091989079	0
907.26	-0.0117246577	0
907.59	0.014267448	0
907.93	-0.0168254361	0
908.26	0.0194414197	0
908.6	-0.0220449977	0
908.94	0.0238416036	0
909.27	0.0864147202	0
909.61	0.0257832288	0
909.94	0.2763314962	0
910.28	0.0251265245	0
910.61	-0.0243439659	0
910.95	0.0218449471	0
911.28	-0.0201882516	0
911.62	0.0176349462	0.0096992204
911.95	-0.0150318061	-0.0008842239
912.29	0.0124221657	0.0017745951
912.62	-0.0098046926	-0.0017826714
912.96	0.0071650975	0.0026869116
913.29	-0.0053985678	-0.0026992839
913.63	0.0036121219	0.0036121219
913.96	-0.0018104848	-0.0036209697
914.3	0.000906024	0.003624096
914.63	0	0.0598550037
914.97	0	0.0036358387
915.3	0	-0.0036391465
915.63	0	0.0036361109
915.97	0	-0.0036404324
916.3	0.0009112301	0.0027336903
916.64	-0.0009115624	-0.0027346871
916.97	0.0009110738	0.0018221477
917.3	-0.0009113571	-0.0018227142
917.64	0.0009110445	0.0009110445
917.97	-0.0009119536	-0.0009119536
918.31	0.0009122472	0.0009122472
918.64	-0.000912933	0
918.97	0.0009135512	0