wv	R2	R1	R0
350	0	0	0
350.44	0	0	0
350.88	0	0	0
351.32	0	0	0
351.75	0	0	0
352.19	0	0	0
352.63	0	0	0
353.07	0	0	0
353.51	0	0	0
353.95	0	0	0
354.38	0	0	0
354.82	0	0	0
355.26	0	0	0
355.7	0	0	0
356.13	0	0	0
356.57	0	0	0
357.01	0	0	0
357.45	0	0	0
357.89	0	0	0
358.32	0	0	0
358.76	0	0	0
359.2	0	0	0
359.64	0	0	0
360.07	0	0	0
360.51	0	0	0
360.95	0	0	0
361.38	0	0	0
361.82	0	0	0
362.26	0	0	0
362.69	0	0	0
363.13	0	0	0
363.57	0	0	0
364	0	0	0
364.44	0	0	0
364.88	0	0	0
365.31	0	0	0
365.75	0	0	0
366.19	0	0	0
366.62	0	0	0
367.06	0	0	0
367.5	0	0	0
367.93	0	0	0
368.37	0	0	0
368.8	0	0	0
369.24	0	0	0
369.67	0	0	0
370.11	0	0	0
370.55	0	0	0
370.98	0	0	0
371.42	0	0	0
371.85	0	0	0
372.29	0	0	0
372.72	0	0	0
373.16	0	0	0
373.59	0	0	0
374.03	0	0	0
374.46	0	0	0
374.9	0	0	0
375.33	0	0	0
375.77	0	0	0
376.2	0	0	0
376.64	0	0	0
377.07	0	0	0
377.51	0	0	0
377.94	0	0	0
378.38	0	0	0
378.81	0	0	0
379.24	0	0	0
379.68	0	0	0
380.11	0	0	0
380.55	0	0	0
380.98	0	0	0
381.42	0	0	0
381.85	0	0	0
382.28	0	0	0
382.72	0	0	0
383.15	0	0	0
383.58	0	0	0
384.02	0	0	0
384.45	0	0	0
384.88	0	0	0
385.32	0	0	0
385.75	0	0	0
386.18	0	0	0
386.62	0	0	0
387.05	0	0	0
387.48	0	0	0
387.92	0	0	0
388.35	0	0	0
388.78	0	0	0
389.22	0	0	0
389.65	0	0	0
390.08	0	0	0
390.51	0	0	0
390.95	0	0	0
391.38	0	0	0
391.81	0	0	0
392.24	0	0	0
392.67	0	0	0
393.11	0	0	0
393.54	0	0	0
393.97	0	0	0
394.4	0	0	0
394.83	0	0	0
395.27	0	0	0
395.7	0	0	0
396.13	0	0	0
396.56	0	0	0
396.99	0	0	0
397.42	0	0	0
397.86	0	0	0
398.29	0	0	0
398.72	0	0	0
399.15	0	0	0
399.58	0	0	0
400.01	0	0	0
400.44	0	0	0
400.87	0	0	0
401.31	0	0	0
401.74	0	0	0
402.17	0	0	0
402.6	0	0	0
403.03	0	0	0
403.46	0	0	0
403.89	0	0	0
404.32	0	0	0
404.75	0	0	0
405.18	0	0	0
405.61	0	0	0
406.04	0	0	0
406.47	0	0	0
406.9	0	0	0
407.33	0	0	0
407.76	0	0	0
408.19	0	0	0
408.62	0	0	0
409.05	0	0	0
409.48	0	0	0
409.91	0	0	0
410.34	0	0	0
410.77	0	0	0
411.2	0	0	0
411.63	0	0	0
412.05	0	0	0
412.48	0	0	0
412.91	0	0	0
413.34	0	0	0
413.77	0	0	0
414.2	0	0	0
414.63	0	0	0
415.06	0	0	0
415.49	0	0	0
415.91	0	0	0
416.34	0	0	0
416.77	0	0	0
417.2	0	0	0
417.63	0	0	0
418.06	0	0	0
418.48	0	0	0
418.91	0	0	0
419.34	35.48387097	0	0
419.77	0	0	0
420.2	0	0	0
420.62	0	0	0
421.05	0	0	0
421.48	0	0	0
421.91	0	0	0
422.34	4.895104895	0	0
422.76	0	0	0
423.19	0	0	0
423.62	0	9.505703422	0
424.04	0.5649717514	0	0
424.47	2.283105023	0	0
424.9	0	2.265372168	0
425.33	0	14.17004049	0
425.75	0	0.3039513678	0
426.18	23.44497608	18.66028708	0
426.61	0	2.608695652	0
427.03	0	3.501945525	0
427.46	11.74089069	35.22267206	0
427.89	0	0	0
428.31	10.65292096	0	0
428.74	11.49825784	10.10452962	0
429.17	19.89100817	21.52588556	8.446866485
429.59	0	7.532467532	0
430.02	0.2898550725	31.01449275	0
430.45	16.18037135	5.570291777	1.856763926
430.87	0	18.49056604	0
431.3	25.23961661	24.60063898	0
431.72	13.62318841	38.55072464	0
432.15	7.81671159	11.05121294	0
432.58	0	12.03931204	7.616707617
433	15.97051597	20.88452088	8.108108108
433.43	18.23899371	11.94968553	0
433.85	21.93158954	21.93158954	0
434.28	18.85441527	16.9451074	0
434.7	17.77188329	22.01591512	0
435.13	29.35064935	38.7012987	2.337662338
435.56	31.12947658	34.9862259	5.785123967
435.98	16.74958541	31.34328358	0
436.41	22.77227723	35.84158416	0
436.83	14.62829736	23.74100719	13.18944844
437.26	19.15789474	45.26315789	11.15789474
437.68	38.3908046	42.52873563	4.827586207
438.11	39.00990099	41.38613861	4.554455446
438.53	15.02782931	32.09647495	20.59369202
438.96	28.87189293	15.86998088	0.5736137667
439.38	25.16129032	39.35483871	17.84946237
439.81	26.03231598	24.23698384	31.77737882
440.23	31.84584178	37.52535497	24.94929006
440.66	55.55555556	42.13836478	13.62683438
441.08	28.82011605	32.30174081	13.34622824
441.51	36.21621622	32.25225225	18.1981982
441.93	41.46341463	37.3358349	20.82551595
442.35	41.3729128	29.12801484	22.07792208
442.78	73.82413088	41.92229039	21.47239264
443.2	42.3670669	42.71012007	32.76157804
443.63	42.65486726	44.07079646	22.12389381
444.05	39.03576983	38.10264386	25.97200622
444.47	33.33333333	42.08144796	29.41176471
444.9	59.22671353	48.68189807	33.21616872
445.32	55.24956971	56.28227194	47.67641997
445.75	55.27559055	36.69291339	40.47244094
446.17	43.58974359	51.11111111	38.46153846
446.59	52.94117647	45.81105169	44.38502674
447.02	63.02521008	44.87394958	32.77310924
447.44	52.59026688	47.88069074	41.91522763
447.86	55.59265442	48.58096828	54.25709516
448.29	55.10887772	47.40368509	38.35845896
448.71	56.75675676	48.17170111	53.57710652
449.13	67.33436055	45.76271186	53.46687211
449.56	75.38461538	53.5042735	56.58119658
449.98	60.25039124	41.78403756	43.03599374
450.4	71.65861514	42.02898551	45.57165862
450.83	67.17948718	45.98290598	44.95726496
451.25	78.65353038	55.33661741	59.60591133
451.67	60	48.90510949	60
452.1	77.84522003	53.5660091	52.04855842
452.52	69.89567809	48.43517139	61.84798808
452.94	53.17997294	40.46008119	60.75778078
453.36	78.78359264	54.73833098	73.97454031
453.79	61.81046676	57.00141443	60.11315417
454.21	70.87667162	56.01783061	67.31054978
454.63	70.92288243	51.45385588	47.40834387
455.05	61.9047619	59.30735931	49.20634921
455.48	78.39135654	51.74069628	63.7454982
455.9	64.0399556	45.39400666	56.49278579
456.32	76.61623109	60.66024759	65.8872077
456.74	91.75257732	65.83210604	72.60677467
457.16	74.20178799	56.83269476	49.6807152
457.59	64.72049689	48.32298137	45.34161491
458.01	68.97767333	56.52173913	54.87661575
458.43	70.51428571	50.17142857	60
458.85	88.50574713	62.96296296	68.32694764
459.27	73.27080891	57.0926143	51.69988277
459.69	70.59459459	53.94594595	56.97297297
460.12	69.09294513	61.25419933	60.58230683
460.54	82.75475924	60.58230683	64.61366181
460.96	80.06644518	55.26024363	66.33444075
461.38	77.24810401	64.68039003	64.68039003
461.8	81.49386845	62.09587514	68.78483835
462.22	81.18918919	75.56756757	74.48648649
462.64	83.86041439	66.41221374	72.08287895
463.06	79.6966161	78.52975496	69.66161027
463.49	79.01364113	68.5204617	73.97691501
463.91	72.6647001	64.99508358	67.94493609
464.33	70.54986021	60.67101584	64.77166822
464.75	67.7074041	67.7074041	65.56645852
465.17	75.4893617	64.42553191	70.72340426
465.59	75.57100298	71.00297915	70.40714995
466.01	77.39791073	67.331434	64.8622982
466.43	78.81278539	59.6347032	68.40182648
466.85	80.73316283	60.10230179	62.83034953
467.27	88.54254423	66.13310868	72.36731255
467.69	90.17781541	64.60626588	66.29974598
468.11	97.47064137	80.3071364	75.42908762
468.53	89.87124464	75.45064378	78.88412017
468.95	83.07567128	77.2172498	65.82587469
469.37	74.69186524	76.66392769	72.06244864
469.79	88.67339022	74.24359969	72.69200931
470.21	78.27661115	71.90441709	67.70456191
470.63	79.342723	72.36753856	68.87994634
471.05	82.82899367	79.87332864	67.62843068
471.47	88.27948911	70.69872276	64.23741548
471.89	89.27773641	82.725242	78.85331348
472.31	92.66055046	77.69936486	69.23076923
472.73	100.6807352	79.3056501	72.36215112
473.15	86.70769231	68.12307692	68
473.57	81.47041243	72.50448296	66.2881052
473.99	99.22229423	79.52041478	76.4095917
474.41	86.02894902	77.84770296	74.57520453
474.83	94.12866958	86.00874453	69.89381636
475.24	93.00620417	81.95149464	62.66215454
475.66	78.82754696	79.16903813	69.26579397
476.08	83.5097493	78.38440111	68.57938719
476.5	86.67406996	77.56801777	68.01776791
476.92	84.51816746	73.98630858	68.40442338
477.34	90.55526725	77.58173326	66.16502335
477.76	84.24890617	72.97034516	65.09479825
478.18	90.42821159	85.49118388	75.61712846
478.59	89.55743411	80.30830433	75.63401293
479.01	88.90496864	76.45923782	71.82826821
479.43	94.40963855	78.40963855	77.34939759
479.85	90.66974596	83.64896074	70.99307159
480.27	82.45137947	81.00407056	70.51108096
480.69	87.54098361	85.76112412	68.05620609
481.1	94.18659165	90.34224098	73.83966245
481.52	91.7211329	81.35076253	73.07189542
481.94	90.12451696	74.92486046	74.0661228
482.36	88.50667746	78.14649939	71.26669365
482.78	88.2212495	76.99960207	71.18981297
483.19	88.1305638	85.07842306	74.48071217
483.61	84.86707566	84.70347648	65.72597137
484.03	88.67924528	79.20677705	66.49980747
484.45	85.37821209	76.47484618	68.58487152
484.86	90.84263178	81.68526356	71.60446326
485.28	89.04920459	82.24195339	73.36293008
485.7	93.78081153	88.32006068	78.5362154
486.12	92.98245614	84.24951267	74.97076023
486.53	99.37864078	88.66019417	74.91262136
486.95	84.55431252	77.6975821	67.59292674
487.37	84.1182537	76.8992781	65.48642145
487.78	91.9184565	81.28867856	72.47906807
488.2	86.70003575	86.12799428	68.32320343
488.62	88.86906885	84.08847663	74.45594006
489.03	86.48741813	79.80006894	69.04515684
489.45	91.49384886	82.49560633	73.63796134
489.87	87.53830439	82.90772898	69.08409942
490.28	89.34673367	83.58458961	71.92629816
490.7	88.3820151	77.48605185	70.59402691
491.12	91.23938879	84.58404075	71.34125637
491.53	91.44312394	85.60271647	70.25466893
491.95	91.64138861	84.56353219	71.41894169
492.37	93.89209365	87.17339667	71.56430268
492.78	88.38039598	83.57676079	69.03602726
493.2	89.1823099	83.70983137	69.96500159
493.61	97.34369938	87.6255264	72.20602527
494.03	92.79922154	85.98767434	67.88842037
494.45	90.04203039	83.9637892	70.90203686
494.86	92.42077752	86.34433192	74.25677883
495.28	90.01579779	86.60347551	70.36334913
495.69	93.61365792	84.76130256	70.85045843
496.11	94.13803971	87.89788843	71.1944532
496.52	93.36434109	87.96899225	73.33333333
496.94	91.13656919	84.80554718	73.28911667
497.36	90.19089574	85.25697504	74.91923642
497.77	95.36284252	87.89521229	74.64619091
498.19	97.53314832	86.67900093	76.00986741
498.6	94.04584698	85.82911581	73.14676987
499.02	89.5405952	87.2869113	68.04391794
499.43	89.0065846	85.57114228	74.00515316
499.85	88.10535259	86.46275843	70.65986973
500.26	91.6550765	84.86787204	73.90820584
500.68	93.59450958	89.47669431	73.80611953
501.09	91.02961918	83.18758815	75.00705219
501.51	94.75006981	83.24490366	73.47109746
501.92	93.60352909	84.56024262	71.38130687
502.33	93.62334504	85.57146717	71.19697379
502.75	93.78546339	88.27343961	74.54741962
503.16	97.66081871	87.91423002	78.05625174
503.58	91.17256049	82.77053975	77.5591598
503.99	89.70472955	86.6736347	74.23569375
504.41	90.08182494	81.65137615	71.93156459
504.82	97.11815562	90.14933194	77.73120252
505.23	91.19901112	83.9802225	72.01483313
505.65	95.74136588	87.43183589	76.36977408
506.06	92.17542985	88.13854971	75.42985298
506.48	90.86142322	88.21473159	74.93133583
506.89	92.27194913	89.7774517	71.92467596
507.3	91.94598505	88.76296118	76.6095973
507.72	92.62117193	87.79840849	75.066313
508.13	92.87933094	86.81003584	72.37753883
508.54	93.88770434	85.78535892	79.00971334
508.96	93.07420495	90.34157833	74.65253239
509.37	94.80274037	89.22749823	77.55728798
509.78	89.40609952	89.45196056	75.83123137
510.2	86.81124143	87.87342332	72.95861916
510.61	93.3196065	89.24731183	78.63189202
511.02	95.34042072	90.04750057	79.41642162
511.44	96.27526686	90.77901431	79.059732
511.85	90.05574136	87.42474916	78.14938685
512.26	86.57980456	85.32030402	77.85016287
512.68	91.61361142	88.54006586	75.32381998
513.09	93.85414412	86.9292361	77.75373296
513.5	95.73532645	90.2396131	80.4352605
513.91	95.76141577	91.34804457	77.88944724
514.33	95.17815234	90.74034564	77.42692554
514.74	97.01363341	93.98398615	78.09997836
515.15	94.33368311	90.26232949	78.50996852
515.56	93.78217006	83.24068355	76.44636607
515.98	91.75559741	89.37016112	77.06633187
516.39	94.34080905	89.10081744	74.97380004
516.8	91.54053494	87.06199461	74.62160481
517.21	91.4661274	86.69362993	77.39130435
517.62	94.57542249	87.44001669	78.09305237
518.04	94.51606302	89.03212605	75.73153264
518.45	91.87386295	86.29472408	74.65130382
518.86	89.88468541	86.48593971	75.88509003
519.27	92.65525067	90.75716938	80.93666185
519.68	87.67096135	84.18235877	77.1258672
520.1	92.62081412	85.72287949	76.45879286
520.51	89.58128563	82.15057991	73.73697661
520.92	90.69302976	84.42180947	76.47293789
521.33	96.73571877	91.67189789	84.18079096
521.74	98.75699192	91.25750984	79.7389683
522.15	95.62796453	90.59599918	81.85192823
522.56	93.59258513	90.85230707	76.10316341
522.97	89.51370822	87.59255553	79.22753652
523.39	93.75637625	90.45092838	81.06508876
523.8	98.88579387	93.74330405	85.1296336
524.21	96.45611841	91.41129873	81.98874296
524.62	95.04513962	92.86164182	83.16187277
525.03	97.04204521	92.05577858	81.91421931
525.44	93.93685971	90.00627221	81.64332009
525.85	90.56022984	91.09378206	79.76605787
526.26	90.81733624	84.28656244	77.83494953
526.67	93.50937311	89.92138682	81.41503729
527.08	98.16588547	86.99816589	79.74322397
527.49	94.31658995	87.47248349	82.26936162
527.9	92.35189221	86.6059045	81.65246681
528.31	93.94306481	88.33030487	79.24490208
528.72	94.27875837	92.08764455	82.55224183
529.13	90.62193447	87.48283304	79.9489896
529.54	90.76862898	87.56111872	79.69880696
529.95	92.20779221	88.17182817	80.65934066
530.36	88.36802179	85.60591325	78.331064
530.77	95.03503503	89.34934935	83.06306306
531.18	94.29710867	92.74177468	80.41874377
531.59	94.36843149	91.67162403	82.74836407
532	95.55911182	93.79875975	84.67693539
532.41	89.23458675	88.24203092	79.65260546
532.82	91.6523071	86.6743251	77.06299062
533.23	91.9502236	91.28913086	85.33929613
533.64	94.03159743	88.80436903	84.59137897
534.05	92.20227755	87.76298012	83.47809303
534.46	92.82031698	87.3209853	80.10311247
534.87	88.1648212	82.97331639	77.9270285
535.28	93.47372415	87.06127869	80.34528552
535.68	95.4554134	90.7962574	82.70001909
536.09	90.65841306	84.73081973	82.9675483
536.5	88.80203599	83.85748046	77.74950009
536.91	91.58826785	87.60376314	82.25419664
537.32	91.8923832	89.89274677	79.96727868
537.73	91.97093551	88.66485014	83.28792007
538.14	93.75580747	90.18769745	83.12581305
538.54	91.06852287	87.56101971	79.64201772
538.95	94.59856697	91.80598934	79.31287893
539.36	97.38659698	93.61582976	85.25294008
539.77	91.44232484	87.94794081	78.99803887
540.18	90.7549527	89.54131715	81.50990541
540.59	92.98557949	87.11055724	82.62417661
540.99	91.73347586	91.98289685	81.82789952
541.4	90.25807554	88.54896599	78.05503333
541.81	94.15163719	87.39275083	82.17475048
542.22	89.14433881	91.46067416	80.2247191
542.63	87.33231448	88.72474104	82.17014773
543.03	89.17272881	88.19150736	79.80037219
543.44	91.24288916	90.6223065	80.69298397
543.85	91.35190566	88.95915228	82.97726884
544.26	92.48094835	87.73920406	82.08298052
544.66	91.96869151	92.37706313	83.83529011
545.07	92.06798867	88.23529412	79.73671055
545.48	88.52431987	87.89777411	82.15993405
545.89	90.53175529	90.69844974	81.46357726
546.29	87.47462127	84.31985007	76.60471654
546.7	89.75028562	89.19536478	83.71144116
547.11	91.49777558	90.70687098	82.79782501
547.51	92.67531614	90.86877977	81.80325177
547.92	88.77930477	87.71220695	81.69765562
548.33	91.40986748	87.19463516	79.9776465
548.73	91.64141011	87.17498804	79.93300367
549.14	91.59826171	87.28472558	80.07403831
549.55	90.90175835	89.41764801	82.19067592
549.95	89.87586652	92.64871836	82.55682734
550.36	92.44552058	91.54156578	82.46973366
550.77	96.1196443	91.65723525	82.15036378
551.17	94.86447932	87.25630052	81.04295451
551.58	91.41831799	87.14308004	82.64939928
551.98	90.98705754	88.42975207	82.81615469
552.39	91.59506327	88.50179659	81.65911576
552.8	90.79132199	87.10785079	84.5169346
553.2	90.40488923	85.79067991	82.18487395
553.61	90.35842855	90.32712475	83.56550321
554.01	93.15601182	89.42292736	82.14341266
554.42	89.6461939	88.84974728	81.4979323
554.83	88.09855881	89.52425229	82.92267163
555.23	88.75095785	88.75095785	82.49808429
555.64	90.97016091	91.53257304	84.12748008
556.04	92.0012498	90.00156226	82.53397907
556.45	90.00757002	89.58364875	79.56093868
556.85	88.67924528	87.62264151	79.29056604
557.26	89.65359377	87.76133069	84.55669159
557.66	91.71615654	87.05649459	81.87909243
558.07	89.4312584	87.37124944	80.53440812
558.47	92.7534062	87.24359934	83.20107801
558.88	89.55157614	86.82847417	80.05031819
559.28	85.16138455	84.0221995	77.39155835
559.69	86.60259211	83.89398573	79.32139217
560.09	86.35477583	90.13345329	81.16659169
560.5	88.87389414	85.3051432	82.90598291
560.9	90.82292764	87.78396269	83.24055965
561.31	86.73275988	83.35034262	80.93016475
561.71	86.11232677	86.40408461	80.04376368
562.12	86.64105216	87.85281513	82.17821782
562.52	89.62896737	88.97332737	84.29444196
562.92	86.94188259	87.58600498	81.02766798
563.33	88.10474922	87.95679834	83.57745229
563.73	86.31200575	85.19051042	77.7426312
564.14	88.80519864	89.07103825	81.95244425
564.54	88.71183917	87.49069248	82.45718541
564.94	90.22635287	87.85789237	83.39079598
565.35	88.89386476	91.04343932	81.48977459
565.75	87.10047298	86.38383259	79.5900817
566.16	87.61946773	88.82517277	82.17909131
566.56	86.14118666	86.40103941	83.22506135
566.96	84.68558392	83.88706688	79.80892628
567.37	84.07054473	83.92831745	77.8409899
567.77	85.90321174	86.51358814	79.68318558
568.17	90.28697572	87.93230316	81.2803532
568.58	85.55893867	86.97984631	82.97810642
568.98	87.72573778	87.40273088	82.79254148
569.38	84.59339717	83.42146634	81.70644562
569.79	86.22676848	84.26739663	81.61648177
570.19	86.21679828	83.86216798	82.3689878
570.59	88.62750758	86.26064367	83.31649589
571	88.51536575	85.54321166	82.85961622
571.4	84.36649964	84.36649964	82.36220472
571.8	87.60835583	89.02941594	80.30410686
572.2	87.59800428	85.54526016	79.84319316
572.61	84.38765536	85.14173998	79.55592794
573.01	85.58225508	84.16038675	81.97070951
573.41	85.12989809	86.07722119	81.94344768
573.81	86.62765179	86.56912948	83.87710315
574.22	84.16296084	84.7367666	82.09726008
574.62	86.51849686	87.71750256	83.5940927
575.02	84.82283747	85.4827141	82.38416296
575.42	80.15817955	81.90647981	80.7131955
575.82	81.39534884	86.01832276	83.45313601
576.23	83.81238381	88.1023881	83.21178321
576.63	80.3150704	85.02718528	79.11612993
577.03	80.3053649	83.27496848	81.56604566
577.43	83.96048235	84.68690978	81.72308586
577.83	84.16916702	86.45520789	81.51164452
578.23	81.68477494	84.08353323	79.93509242
578.64	84.00566171	85.67586695	82.19391366
579.04	84.09958976	83.19422832	82.91130287
579.44	82.48530887	84.95055181	81.16669055
579.84	79.86002	82.6881874	81.83116698
580.24	78.99582794	84.49144008	80.26183283
580.64	82.04058138	84.31428983	82.29961145
581.04	83.8377987	84.96741492	83.20057929
581.45	87.05969049	83.84672071	83.28666175
581.85	84.05015308	84.86659863	83.29202508
582.25	83.11520207	82.77002733	79.97986481
582.65	82.98477735	80.53777209	80.65158629
583.05	81.76309335	82.16707546	82.77304862
583.45	82.50394378	81.50007171	81.50007171
583.85	80.6423485	80.32262753	82.35721552
584.25	80.60536508	80.63405537	78.8552575
584.65	81.8802911	82.97935541	82.11792663
585.05	77.15772734	81.11898222	81.55269626
585.45	81.89152846	83.35574481	85.05901688
585.85	80.88299577	80.12530963	78.23109427
586.25	78.5370127	82.4499927	81.48634837
586.65	78.27570856	85.60617302	81.9261018
587.05	76.42171609	79.28663515	78.79959891
587.45	77.22263042	82.13078619	78.7803086
587.85	76.38344227	80.71169208	76.52868555
588.25	74.83559842	79.39500219	79.54113693
588.65	75.81180546	78.29412614	77.86116323
589.05	76.07443509	78.1420765	80.56417073
589.45	73.84770987	77.63328999	77.71998266
589.85	74.71062271	78.43223443	78.95970696
590.25	75.57094445	77.78105201	81.70030942
590.65	75.13657168	79.09345932	78.53240809
591.05	74.23778264	79.19766594	79.89788476
591.45	75.09061911	75.98956068	79.00536465
591.85	75.52643204	76.26270063	78.76601384
592.25	71.4920729	76.91509853	77.77448511
592.65	73.41567417	79.70886634	78.97368034
593.04	73.95541119	77.32171859	78.97534327
593.44	79.46524064	79.89304813	82.82658518
593.84	73.15456019	76.51392368	77.81052011
594.24	73.15157801	75.99644392	78.18936139
594.64	69.23076923	73.47680675	76.67587611
595.04	70.8840346	75.01832576	78.91804721
595.44	73.27703212	79.06801387	79.76172523
595.84	72.76633575	75.78900578	81.71580975
596.23	72.13768651	76.36283055	78.78564042
596.63	72.38617826	74.16580157	78.40723713
597.03	70.76721502	70.85456398	77.78424807
597.43	68.60789203	71.98181018	79.75649113
597.83	65.61473654	69.75581893	74.55376267
598.22	68.9496443	68.69856326	75.33826196
598.62	67.43256743	72.51320108	76.39503354
599.02	65.37758402	69.31514555	77.92153002
599.42	69.63499503	70.40193154	77.75884107
599.82	67.52746469	72.89199601	77.31488087
600.21	64.34673015	68.68785884	74.42935163
600.61	64.79613581	70.53558744	74.96803523
601.01	64.67007885	66.57905658	74.82362706
601.41	65.91387291	67.82157385	76.01346612
601.8	63.41363822	67.33360555	75.60909215
602.2	63.93121767	69.01999161	75.61862156
602.6	63.64396155	68.74216465	77.0720156
603	66.25261689	69.18353105	77.585485
603.39	62.96602009	66.65290962	75.59499243
603.79	64.47748864	66.73550874	74.6385791
604.19	64.14965054	69.63135535	74.97601754
604.58	60.87953595	66.57223796	74.26143262
604.98	59.60894603	66.65327441	70.59059863
605.38	60.41694155	62.34331706	72.76685579
605.77	60.39577484	63.41756919	72.80385078
606.17	59.78188589	62.5482112	71.3259742
606.57	59.20031566	61.14691569	70.90622123
606.96	56.91827985	60.58204495	71.67727686
607.36	56.89009428	59.52473202	70.5798786
607.76	54.86622722	58.40765154	71.95295334
608.15	54.86120077	60.85216269	71.77533893
608.55	55.01647989	58.83981543	70.30982202
608.95	54.68448786	57.15203701	72.31718288
609.34	52.98814722	55.63318777	67.11166563
609.74	53.95943677	56.02635318	70.23640357
610.13	53.76109039	56.12704128	70.06557799
610.53	55.05122552	58.00804046	71.96213202
610.93	51.45079639	53.47573775	68.51463144
611.32	55.28382031	56.82842065	72.24868065
611.72	55.44850931	56.38588725	73.44095821
612.11	51.74555845	53.38551373	67.57361163
612.51	51.6494714	53.81480066	69.20137562
612.9	49.69248149	53.23208234	68.26911008
613.3	50.74078764	51.47524376	65.75914904
613.69	46.64036494	49.69794107	63.72827025
614.09	49.17592947	52.14002811	66.98607385
614.48	48.50867341	46.98614751	64.53263447
614.88	48.55063371	46.81892333	66.34458527
615.27	47.95698925	48.96900696	65.43959519
615.67	46.1014772	49.62106615	65.72896596
616.06	47.62087983	47.80043607	66.80774657
616.46	44.96095203	45.92785422	63.58001735
616.85	45.53881808	47.08381615	65.4435432
617.25	45.30197076	45.9885569	63.83979657
617.64	43.71731088	46.77892588	64.30667177
618.04	42.66816423	44.34044677	61.83701485
618.43	42.8317008	44.94339143	65.754993
618.83	41.73404652	42.10722727	61.63701953
619.22	41.55827756	44.58896325	62.79833312
619.62	39.18042813	42.58103976	60.6116208
620.01	40.17602578	42.40733854	61.52225115
620.4	40.04772071	42.5844531	62.65226673
620.8	39.84444728	41.68047941	62.02983552
621.19	37.06187524	42.35100595	61.83727698
621.59	37.76284683	40.92323006	59.96018415
621.98	38.66599165	40.74167827	61.97949627
622.37	37.85563424	39.54528513	59.97018263
622.77	37.6578786	37.33905579	58.84733292
623.16	37.08600932	39.00012593	61.33988163
623.55	35.36102236	37.61022364	61.07348243
623.95	37.03655858	39.54269474	61.29699005
624.34	36.68600903	40.47711154	61.83107672
624.73	34.40765454	37.80687398	58.25254941
625.13	34.1208318	35.05598622	55.75243017
625.52	33.5177965	33.86995346	55.72883914
625.91	33.70319001	34.68667255	56.42415837
626.31	32.69303677	35.37217237	57.66460255
626.7	33.22322449	35.5355101	54.64362851
627.09	31.50615404	35.36353255	55.15797488
627.49	32.73801707	34.68154957	56.06040709
627.88	31.9742207	35.6043667	57.88504538
628.27	32.94289898	36.21722348	58.17915613
628.66	30.77630369	36.37199527	56.52173913
629.06	29.32253503	33.20478211	53.90152976
629.45	29.27816212	35.28260018	55.25388331
629.84	28.3921873	32.42788772	54.72771957
630.23	29.67474234	33.20840584	55.24026235
630.63	28.61433982	35.43163119	53.74167428
631.02	27.11669015	32.36838734	52.65787114
631.41	29.39166995	34.20049928	53.64603863
631.8	29.75195649	31.82119645	55.67051333
632.19	27.11028137	35.77810375	55.80744099
632.59	28.9624783	34.30364535	54.54666845
632.98	26.83495146	32.09061489	53.78640777
633.37	26.46475334	31.54344663	51.64660759
633.76	27.14914034	33.33333333	54.76476076
634.15	27.31437812	34.51017383	52.32448457
634.54	26.31294721	34.14337789	54.98852437
634.94	26.88260216	35.16468498	53.83353834
635.33	26.32740312	35.53992553	55.06826645
635.72	26.71838846	32.9250034	54.83870968
636.11	24.91587024	32.83079822	52.51043209
636.5	23.74572796	33.94395079	54.17634997
636.89	26.38418844	33.66725328	53.97319616
637.28	25.87619176	35.03424198	52.59836176
637.67	25.54385005	35.17581064	51.07401833
638.06	26.7063547	36.61913332	53.50962204
638.45	26.59207073	35.15678961	53.47423677
638.85	24.35459637	34.51714247	52.54746619
639.24	24.5692579	34.662868	52.78795279
639.63	26.76134014	35.64042465	52.95739694
640.02	24.91430138	36.5967366	53.98327163
640.41	23.42377769	33.70035391	50.9765369
640.8	26.92891649	36.20427881	53.48516218
641.19	26.54928601	36.11534729	52.11423818
641.58	26.03152844	36.61411926	52.2138451
641.97	25.96839603	37.5471962	55.25101384
642.36	24.20768712	36.64194201	51.34187458
642.75	26.16062819	36.32731781	54.89736878
643.14	25.94113621	35.9890486	52.06023272
643.53	26.50007059	39.4606805	55.18847946
643.92	26.88079943	39.38615275	55.37473233
644.31	25.36241889	37.51208063	53.91412398
644.7	27.57605496	38.45506799	54.35300715
645.09	25.6109347	39.5002071	55.46044457
645.48	25.21572387	38.93987125	54.25284208
645.87	26.22401073	38.18913481	52.56874581
646.26	26.52227217	39.16360169	53.79376107
646.65	27.59566787	41.89169675	55.58122744
647.03	26.82105263	39.22807018	57.16491228
647.42	27.29763046	37.18668676	54.74592522
647.81	26.53117655	39.91428176	54.62463708
648.2	24.79078063	39.66250514	52.55865002
648.59	27.9186363	40.69617533	55.67970205
648.98	29.31944643	41.61791982	56.14210301
649.37	28.92036421	42.91082526	59.06922966
649.76	28.23815658	42.75082296	58.58022041
650.15	26.59969726	41.26874914	54.75436907
650.53	28.91935249	46.12804433	56.77409946
650.92	30.03923848	43.81630577	57.94215957
651.31	30.11913104	43.51786966	56.55220743
651.7	28.53377722	42.10015259	55.52781246
652.09	29.94540109	42.23715526	57.07685846
652.48	30.0041385	41.45399365	55.96634018
652.86	29.59710024	41.39132859	57.36790743
653.25	30.15961138	42.65093685	56.22484386
653.64	31.00013833	42.92433255	58.44515147
654.03	31.96686789	45.30394497	60.12915906
654.42	30.87519132	44.31612634	59.62153889
654.8	31.24390584	45.45201282	59.24223429
655.19	31.71960263	46.83083811	59.03176158
655.58	30.96182788	44.534136	59.72089205
655.97	33.20274241	46.80285434	59.11571289
656.36	34.04406539	47.00781805	60.99502488
656.74	33.50865052	43.8615917	58.47750865
657.13	32.24872467	44.74010754	56.48697091
657.52	32.64220434	44.78243077	57.74109944
657.9	33.26012354	46.68496911	60.32944406
658.29	30.71186441	45.89830508	58.37288136
658.68	31.13067028	45.59241706	58.02301963
659.07	33.13553608	45.00337154	57.11395819
659.45	33.87555917	46.56364376	57.70638471
659.84	34.83176679	45.94741861	58.2073287
660.23	34.29163787	47.86454734	60.8569454
660.61	36.10533611	49.57726958	63.27096327
661	35.55525201	48.64089605	59.29517825
661.39	34.35742696	47.7712248	59.7586065
661.77	34.66901313	48.74780019	59.87545688
662.16	34.61805074	48.73145709	58.51934008
662.55	33.37807006	45.77909006	58.87800295
662.93	35.87827741	47.75166418	58.72843364
663.32	38.09846738	47.45693747	61.61670962
663.7	35.54257775	47.79301915	60.64104305
664.09	37.78568496	48.32352539	60.88682086
664.48	37.91969302	48.77346855	61.57324928
664.86	35.77472604	50.86697184	62.99070606
665.25	36.42420122	50.53704963	61.54996601
665.63	34.44143796	46.29558047	56.60353047
666.02	36.71258526	48.26802193	57.63006553
666.41	37.50841751	49.81818182	61.15824916
666.79	39.72233455	50.28979647	60.6415959
667.18	39.32245234	50.10286655	63.65381978
667.56	37.87857834	51.37601991	63.71179643
667.95	39.59383944	50.25214665	60.77415838
668.33	37.96532724	50.65179411	61.24176858
668.72	37.84764208	50.42321644	59.66680102
669.1	39.35923654	49.88411725	59.64553511
669.49	40.13184448	49.09188753	60.12377237
669.87	39.54514128	49.88283942	60.63404549
670.26	38.79549967	49.75512905	60.13236267
670.64	41.33734446	51.29221934	62.14959661
671.03	40.61678883	51.84621767	60.94592726
671.41	40.3138453	53.83974448	61.50534648
671.8	38.84275017	50.93260722	62.04220558
672.18	39.21435368	51.58352589	60.58175887
672.57	39.84575835	49.99323502	62.98200514
672.95	40.90350757	50.53910195	64.29643783
673.34	41.82376763	54.14048317	64.0832286
673.72	39.48550429	49.96597251	58.813121
674.1	39.52606635	48.00270819	59.89167231
674.49	41.56502672	49.92462656	59.5450185
674.87	41.42363511	50.46302695	61.40981341
675.26	41.84714266	52.77350845	61.71580271
675.64	42.0739305	50.1315243	60.59808944
676.02	42.44242847	50.95603629	62.31681786
676.41	46.0054309	52.83693011	61.9837073
676.79	43.54503944	50.4635395	57.63110558
677.17	43.07627946	51.61065402	62.40412774
677.56	42.96160878	50.97735902	63.04317255
677.94	41.13829931	49.89860754	61.71420846
678.33	42.57370407	53.24856784	62.5541428
678.71	43.49442379	50.68153656	63.40355225
679.09	44.77339694	50.18942051	62.14395959
679.48	44.8798252	54.23160961	63.46686089
679.86	45.4176922	54.59678587	63.19675691
680.24	43.78088381	50.58590993	62.10645207
680.62	43.14362378	51.64524785	62.66064115
681.01	45.26802485	54.77532149	63.01112556
681.39	45.7030682	53.17725753	63.79235132
681.77	45.36810258	52.3987898	61.90750612
682.16	43.80524562	53.36907695	61.48384292
682.54	42.12381893	50.66986321	59.72359329
682.92	41.39245869	51.58875865	62.71713035
683.3	43.73306716	50.32083274	60.01711108
683.69	43.36537082	52.74709511	60.98120786
684.07	44.43309499	53.33430614	60.42609076
684.45	46.40827626	51.71207927	62.58196124
684.83	44.07623382	51.67117053	61.22884369
685.21	46.8262075	52.86735736	61.47672552
685.6	46.95113161	52.31368027	61.62606314
685.98	45.70628959	51.89276771	60.25924289
686.36	44.8083419	52.44529299	58.34924365
686.74	44.99029416	53.71061669	60.54949978
687.12	44.58438287	53.08934657	60.88309379
687.51	47.98880212	50.49359069	59.71710623
687.89	49.14742719	51.04874	60.76656104
688.27	44.47217736	51.10850095	59.06621641
688.65	45.02040199	53.18119994	60.88862022
689.03	46.67463757	51.78598117	59.37826932
689.41	45.50925229	50.35354295	60.79434331
689.79	45.23630908	50.51762941	60.54013503
690.18	45.03241369	51.36439017	59.98793909
690.56	46.31530565	53.54680558	60.44124406
690.94	45.45726688	50.00748391	60.15566532
691.32	45.74775597	50.22059942	59.71398144
691.7	44.82550234	50.41547061	61.59540716
692.08	44.96850515	51.72837609	61.49946228
692.46	44.61538462	51.04341203	59.69535415
692.84	45.96340151	49.99231124	58.69598647
693.22	46.95017849	49.30932795	59.18050598
693.6	47.6213206	50.16706444	61.08194113
693.98	47.89598109	48.90464933	59.43262411
694.36	45.86095267	48.91321104	57.66918452
694.74	43.52941176	49.763178	54.43850267
695.12	45.30649869	47.15009986	58.88769396
695.5	45.77997223	51.48896775	58.77179448
695.88	47.67604539	51.1270014	58.33981035
696.26	47.00078309	49.0054816	60.25058731
696.64	47.20252167	50.9535067	58.39243499
697.02	47.56696782	50.42003487	58.50372484
697.4	47.40352549	50.92901382	59.37748134
697.78	47.62880101	48.60564046	56.16826847
698.16	46.20819595	48.53195164	57.85837651
698.54	45.27100481	45.23994409	55.2104364
698.92	44.43226312	47.15740016	55.55207518
699.3	47.09998445	47.25548126	55.0925206
699.68	47.38313403	49.74374903	55.42786147
700.06	47.4315346	48.82514989	55.89045536
700.44	49.26652382	50.05768914	58.62864678
700.82	46.365834	48.81547139	54.6817083
701.2	47.38037307	48.19140308	55.58799676
701.58	46.64708762	50.98711046	56.63240333
701.96	47.42479131	47.64529847	56.33958104
702.33	47.60135681	48.02132127	56.87287999
702.71	46.252226	47.0940586	54.92957746
703.09	47.3221553	47.55005698	56.43822237
703.47	47.59392486	47.24220624	55.65147882
703.85	44.73555736	48.05532954	57.55899105
704.23	47.08505367	49.13294798	57.9521057
704.61	47.99273088	49.41351396	56.15397324
704.98	45.7999686	45.17192652	54.18433035
705.36	44.46764092	45.62389594	53.30014453
705.74	48.01253505	45.6374732	54.08213756
706.12	46.57511852	48.50416871	54.94523459
706.5	46.14215769	50.3967584	56.64359277
706.88	44.97551089	47.20486404	53.65647695
707.25	44.60231912	45.9088682	52.47427732
707.63	45.9346321	45.5482209	51.98840766
708.01	46.94538973	45.51936477	49.53816237
708.39	51.56168208	49.39801082	53.58576165
708.76	45.70609077	45.40239582	53.02851358
709.14	46.22561493	46.97201018	52.67175573
709.52	50.52074441	44.95475499	54.61840533
709.9	47.19192577	43.83851538	52.01041836
710.27	47.1290692	47.42352364	48.69949288
710.65	45.75874184	46.52835871	49.47297976
711.03	45.61199001	44.77935054	52.87260616
711.41	44.22337402	44.79184083	49.13893998
711.78	46.09074167	43.14414867	48.33417043
712.16	43.44438919	42.68191613	49.51102271
712.54	46.32719766	44.40048168	48.73559264
712.91	43.85785067	43.78950965	47.17239023
713.29	49.48988724	45.5163773	51.13656703
713.67	48.11038847	43.50500967	50.9579891
714.04	46.44251995	42.16335541	47.22363729
714.42	46.65253489	43.86150857	48.63098393
714.8	45.25386313	42.60485651	46.47648158
715.17	45.73801051	40.9252669	44.99237417
715.55	45.48971338	41.90258484	46.68542289
715.93	46.8733486	42.57530386	44.37202748
716.3	42.4174304	41.79491613	46.32543662
716.68	43.97721561	39.58787067	43.70916401
717.05	43.73618902	40.77851436	45.70797212
717.43	43.40446984	40.68223828	45.38732986
717.81	44.93294857	39.70463419	44.28789679
718.18	45.63106796	39.73769375	43.21239993
718.56	44.31025685	37.94863072	44.68447015
718.93	41.8907492	38.47454761	42.93928632
719.31	43.92425039	39.11976153	43.60862704
719.68	44.66769706	37.31753392	42.74428988
720.06	45.70292236	36.29604012	45.42624935
720.43	46.94583838	39.81657726	43.55424814
720.81	46.06028556	37.98695576	42.4643046
721.19	44.59056637	38.83920743	40.48746274
721.56	43.08031924	35.67668535	39.75208015
721.94	43.0798545	37.12108089	40.13511173
722.31	44.87694187	35.8701344	39.36114505
722.69	44.73450542	35.07369917	40.89859705
723.06	43.03051936	37.64054971	38.4258433
723.43	41.97035745	35.10026155	37.01830863
723.81	44.76855895	35.44104803	38.86462882
724.18	42.40892453	35.88983789	37.07512637
724.56	44.03455102	35.39679683	38.31203887
724.93	43.33999637	33.85426131	38.10648737
725.31	41.82009469	34.03471857	34.38541119
725.68	42.26159458	35.2093104	35.00086851
726.06	41.34127123	37.20889511	36.29837156
726.43	43.39890129	35.5661882	35.84972532
726.8	44.07414008	34.34325432	37.51559437
727.18	45.86632296	33.82434174	37.10182287
727.55	45.60988911	32.88493001	33.75749864
727.93	43.06703398	33.84756657	35.57392103
728.3	42.48463401	31.83088098	35.48146768
728.67	43.87699066	31.86893648	33.91909207
729.05	44.12352407	33.55131698	34.53224342
729.42	42.20601641	33.81950775	34.47584321
729.8	40.25974026	32.11172389	31.25778331
730.17	39.5037131	31.64281833	31.78771962
730.54	40.08026522	31.11149887	32.15843657
730.92	39.88934499	29.8590041	32.42905586
731.29	42.83633716	31.36719461	33.0784635
731.66	39.7315683	29.80327266	29.50910094
732.03	37.93974382	28.59462385	29.46058091
732.41	40.60696332	30.4040216	29.47309626
732.78	38.55753349	29.52835383	30.73958524
733.15	44.09311348	30.74684772	32.37633366
733.53	39.80837873	29.55100507	29.73886906
733.9	40.29007346	27.70766623	29.2898851
734.27	40.52937864	29.34109255	29.26600338
734.64	39.35245143	29.13968548	27.28954672
735.02	39.59456946	28.10117166	29.51459922
735.39	39.20235251	25.82245911	25.74894321
735.76	40.32168608	26.27102977	26.0491773
736.13	38.94022252	27.17329813	28.87045069
736.51	39.40968999	25.19027288	26.41544459
736.88	39.21384239	26.27421478	27.06413391
737.25	39.59857438	25.34233727	28.11855187
737.62	37.69819064	24.00671517	24.30516695
737.99	37.59786137	24.07867099	25.03341608
738.37	40.14962594	23.53731057	25.49395741
738.74	39.69242749	25.20926611	25.94899747
739.11	39.44129713	25.72768119	25.57140066
739.48	36.09974674	25.54061952	25.93025521
739.85	37.1028971	25.47452547	25.91408591
740.22	38.86583679	24.20470263	24.32325627
740.6	38.09064609	24.82160077	24.86017358
740.97	38.59403164	24.29401162	25.8161426
741.34	39.55677584	25.08334968	24.84800941
741.71	36.64227803	23.90745501	22.52323512
742.08	37.00849634	24.08614898	23.25627346
742.45	36.55721393	23.9800995	21.39303483
742.82	36.72111313	24.13793103	24.29925388
743.19	36.27934504	21.60189386	23.29848096
743.56	39.38308458	22.02985075	21.83084577
743.94	37.67515295	21.76830472	22.32089994
744.31	35.7324467	20.79014277	21.57246235
744.68	33.43854804	20.26040639	20.53659499
745.05	33.82914573	19.91959799	19.91959799
745.42	34.02431732	20.31094279	20.07175603
745.79	36.19335347	20.80563948	21.6918429
746.16	37.42582361	18.39574381	20.64661346
746.53	32.91164262	20.10278711	20.53765566
746.9	34.40579127	17.43414438	21.81781621
747.27	33.33333333	17.16312057	21.13475177
747.64	33.97049657	19.30189071	21.75358404
748.01	34.57370681	18.95317931	18.87139644
748.38	34.53453453	18.43843844	20.6006006
748.75	34.45622791	18.56934914	19.19317946
749.12	36.32267754	17.9146106	19.88843596
749.49	34.53313572	19.45797163	17.9758628
749.86	33.13240043	19.8277718	19.7416577
750.23	34.04124974	19.99183173	19.42005309
750.6	32.21517693	17.24278994	18.83820822
750.97	32.73542601	17.01900491	19.53875721
751.34	31.65662025	16.19205986	18.10434421
751.7	33.93043116	17.05894605	18.51697563
752.07	33.72729262	19.41343839	20.24513023
752.44	34.2554571	17.00886103	19.55910957
752.81	29.93794137	16.28504173	17.31221913
753.18	34.39558105	16.63479924	18.50435522
753.55	32.78724817	14.10228027	18.97276954
753.92	32.94040602	15.17135997	18.27111984
754.29	28.42105263	13.34049409	16.30504834
754.66	28.94228706	14.22441536	17.65715512
755.02	30.88725817	14.7876362	19.27951968
755.39	31.6017316	15.51606288	19.43495101
755.76	31.76051636	14.31115068	20.09793011
756.13	28.45286231	13.6837625	17.59948925
756.5	27.22912579	13.62546327	16.24155221
756.87	30.87514586	14.53908985	17.33955659
757.23	28.67663468	13.99241241	17.74157554
757.6	30.1048873	14.21557688	19.16982816
757.97	30.58796614	14.71059254	19.46922901
758.34	27.56013746	13.31042383	17.06758305
758.71	27.6379589	12.62987763	18.21750173
759.07	30.67638351	14.23365976	16.37440219
759.44	30.5917295	13.86794608	18.39159241
759.81	28.19137044	12.8101945	19.06997541
760.18	28.15488687	11.4532307	17.0515512
760.54	27.91068581	10.50353156	16.56413762
760.91	27.31875719	12.49712313	16.9159954
761.28	28.86093641	11.62357326	18.42534358
761.65	28.68402197	12.82541199	19.65607834
762.01	27.74845077	10.21344962	17.19072756
762.38	27.19981128	9.554140127	18.99032791
762.75	29.11331239	10.07489732	19.98067166
763.11	27.15548125	12.29997612	20.75471698
763.48	25.84755951	13.0079346	18.68237557
763.85	25.77875889	11.11111111	19.74491047
764.21	25.87447284	11.08905979	19.42446043
764.58	26.11922432	11.08451041	19.84677999
764.95	24.56013497	11.20751988	16.51000241
765.31	24.38382388	12.89782245	19.50227327
765.68	22.95122555	9.135924734	20.17826195
766.05	25.54816457	9.090909091	17.31953683
766.41	25.10150466	10.34153332	19.13064246
766.78	24.42396313	10.79311181	16.03201552
767.14	26.26843289	11.52211947	20.81979505
767.51	26.84120382	10.056276	20.03914852
767.88	25.41677353	10.64375481	21.005386
768.24	21.47735897	11.35846193	17.83455603
768.61	25.04513799	12.40649987	19.93809647
768.97	22.50319285	12.899106	21.07279693
769.34	24.38070404	11.44719687	20.46936115
769.71	24.3272049	13.08286704	20.91660005
770.07	25.25841505	11.10522131	22.02491386
770.44	20.68126521	11.97620979	21.33008921
770.8	24.35998944	10.6888361	19.50382687
771.17	23.43709802	10.41934654	21.89349112
771.53	22.48348745	10.54161162	22.11360634
771.9	20.7413049	9.977151561	22.51840569
772.26	20.7133758	9.248407643	22.59872611
772.63	19.90607879	9.52256718	20.32350639
772.99	20.34029389	8.997164218	17.55607115
773.36	19.39163498	9.100126743	20.81115336
773.72	23.3973492	9.981065729	22.80227211
774.09	18.60653524	11.53119093	26.81609506
774.45	20.73202614	11.32026144	23.86928105
774.82	22.42261104	9.017496635	22.04576043
775.18	18.54356307	10.32509753	22.60078023
775.54	16.82574311	12.95336788	24.89773657
775.91	17.0253337	11.46826478	25.1430128
776.27	17.0439051	10.49904554	23.09790019
776.64	21.08880946	10.20071487	25.10310696
777	18.57180922	10.5782041	21.76925127
777.37	18.44869378	12.46970105	24.8047401
777.73	20.32285961	12.25136927	24.99279331
778.09	20.24186582	13.50417506	26.57644688
778.46	16.83945083	10.33903054	24.29251891
778.82	18.57421331	11.44527987	23.47535505
779.19	18.50836304	11.15985742	27.11817933
779.55	17.00028193	11.13617141	24.89427685
779.91	17.25302561	11.22994652	24.96481846
780.28	16.43954769	11.0466802	24.6738185
780.64	15.59633028	9.202112872	25.60467056
781	14.47477254	12.10366694	24.45547284
781.37	16.84889263	12.41940006	25.70787777
781.73	16.36064675	13.12688408	25.3494108
782.09	15.12956255	10.28141544	25.21593759
782.45	17.37300028	9.90738142	24.05276452
782.82	18.17904064	12.49618087	26.48945921
783.18	15.57641537	7.949545321	26.95805221
783.54	15.96589238	9.908850338	26.25698324
783.91	15.83603657	12.94603362	25.39074019
784.27	12.32792903	13.55154481	27.92903028
784.63	15.89015736	7.991360691	26.19561864
784.99	11.45438648	10.75488196	23.1127951
785.36	15.01083256	12.96812132	26.15289384
785.72	14.08914149	11.93538738	26.05444212
786.08	12.4738259	11.15764284	27.43045169
786.44	11.39164412	10.79050195	27.26179742
786.81	11.97998123	12.41789177	28.80825774
787.17	12.41232083	9.728575785	27.84385483
787.53	14.91314323	13.86430678	31.56342183
787.89	12.384	11.744	29.92
788.25	11.02385986	12.89640592	28.05798852
788.61	14.03240599	10.91409355	30.35768878
788.98	12.55700821	12.19215567	26.42140468
789.34	14.24119663	13.49330009	29.4484263
789.7	13.04613504	14.32936144	26.97830736
790.06	13.67651538	12.64087725	25.49497411
790.42	11.11773472	11.17734724	27.51117735
790.78	11.64835165	14.72527473	33.50078493
791.14	13.58778626	12.97709924	28.79389313
791.51	13.28584701	17.06410653	26.23103128
791.87	11.37984496	14.23255814	27.87596899
792.23	10.82647149	14.18115279	27.17291857
792.59	11.64444444	13.3037037	26.93333333
792.95	11.26891016	15.22074714	30.90460019
793.31	12.30075188	11.09774436	31.90977444
793.67	11.07846018	14.60476051	29.23890685
794.03	10.19908116	16.26339969	29.98468606
794.39	10.38315297	12.48903188	30.68148581
794.75	9.315646669	14.25987338	29.81609888
795.11	7.38330976	15.24752475	28.71287129
795.47	10.05984611	15.0185238	33.42832716
795.83	10.82764758	14.15010383	30.34707802
796.19	9.90070922	15.12056738	30.09929078
796.55	8.943089431	13.54079058	30.30557892
796.91	8.047995318	13.4913667	32.33830846
797.27	9.162672681	15.19594023	31.60417254
797.63	7.934689201	16.01260384	31.13720997
797.99	6.58235125	14.91807991	32.3943662
798.35	5.898955687	14.3663562	31.18825854
798.71	7.989764003	15.95109468	31.7031561
799.07	8.765051806	16.04592551	34.08008961
799.43	9.7972008	15.33847472	33.67609254
799.79	9.007194245	18.21582734	33.23741007
800.15	7.661634862	18.37083452	33.12446596
800.51	7.350821562	15.94119343	35.54338426
800.87	10.04923255	16.24674196	32.98580944
801.23	7.67903365	16.01955709	34.02358355
801.59	8.58948578	18.52915829	33.40993967
801.95	8.133971292	17.8159302	30.3687025
802.31	7.072966173	18.14369583	34.63796477
802.66	7.679603633	20.83677402	33.22323149
803.02	6.501547988	17.14044469	34.53419645
803.38	7.003570448	18.48393299	34.79813238
803.74	7.713423003	18.30908592	33.13203404
804.1	6.367860071	17.13582946	32.2765783
804.46	7.988085567	17.7904143	33.98321148
804.82	7.248720022	16.62624629	31.17758017
805.17	4.743411928	18.00277393	34.70180305
805.53	5.144088338	16.5634258	32.13035281
805.89	6.965310025	16.68942912	33.023764
806.25	5.978705979	19.08271908	33.00573301
806.61	8.260501833	18.12799549	35.60755568
806.97	8.079396142	18.36734694	34.63796477
807.32	6.162695152	18.54286497	35.19583676
807.68	5.563480742	21.19828816	33.80884451
808.04	6.513838412	19.09421303	31.7864132
808.4	7.561176794	18.83420401	33.24168271
808.75	4.869124683	20.51787222	36.22291022
809.11	5.811623246	24.13398225	36.90237618
809.47	4.443815454	21.20011322	31.21992641
809.83	5.201668985	18.38664812	34.96522949
810.18	6.952154375	18.05445414	32.17023526
810.54	5.943751812	20.26674398	32.79211366
810.9	6.60944206	16.96709585	36.19456366
811.25	4.729538374	20.30586236	36.50523931
811.61	2.262709374	20.01175433	36.93799589
811.97	3.981667144	20.59581782	36.35061587
812.33	4.289318755	22.06335856	35.1836277
812.68	6.083976007	22.36503856	34.59011711
813.04	6.713989944	24.51937297	35.69949719
813.4	2.532702477	19.45449485	33.5374339
813.75	2.405099971	20.66067806	36.192408
814.11	5.974934421	16.87554649	37.45263771
814.46	4.332654842	19.86042454	34.34137831
814.82	4.932218056	22.46899337	36.54456302
815.18	2.693696195	21.35517912	33.62954735
815.53	2.232269003	19.97739474	33.03192992
815.89	3.47359503	21.03925445	35.66789043
816.25	2.310984308	21.08416548	34.83594864
816.6	4.034833091	19.53555878	35.8490566
816.96	4.157941968	21.80676039	36.82321268
817.31	3.388249922	22.90954305	35.90301523
817.67	4.04870624	21.27853881	33.21156773
818.02	3.729809104	21.05726872	31.04258443
818.38	3.403373779	25.18496597	34.12252146
818.74	1.820425795	22.30792965	36.43937056
819.09	2.349710101	24.13793103	36.16112298
819.45	2.697674419	28.0620155	34.75968992
819.8	2.029687973	25.84065435	33.11117843
820.16	3.493580173	21.40937593	35.74201254
820.51	3.980844059	22.17898833	34.51062556
820.87	3.12221231	22.03389831	37.43681237
821.22	5.468519066	24.09104345	33.19538871
821.58	2.464482459	23.45607422	35.63351696
821.93	2.702702703	22.81313572	34.20517291
822.29	4.253393665	25.5505279	35.80693816
822.64	2.53778158	23.63843741	32.42087254
823	1.90448286	25.93026663	33.54819807
823.35	1.2097964	23.6943051	32.31041605
823.7	0.09165902841	22.33424992	35.83868011
824.06	2.533532042	20.6557377	35.20119225
824.41	6.13740458	23.72519084	34.04580153
824.77	2.42554498	25.82130795	36.13754989
825.12	2.24328594	26.12954186	37.5671406
825.48	2.578101304	24.17349105	32.66606005
825.83	3.929332927	24.76393542	34.75479744
826.18	0.5274588892	22.80484021	35.89823146
826.54	1.771837115	23.53124029	33.97575381
826.89	2.005387609	26.36935049	28.52439389
827.24	0.9483022331	24.68644846	31.90578158
827.6	2.560777958	27.26094003	34.13290113
827.95	1.107244543	26.09933565	33.18570073
828.31	3.95295655	25.44919961	37.21006207
828.66	0.9932713874	25.28035886	36.62287728
829.01	3.223862609	24.61584815	30.88279602
829.37	2.828722412	27.07491452	34.2244327
829.72	2.018583787	25.72893303	35.02082666
830.07	1.753225273	27.09229242	37.34700629
830.42	4.841196423	24.57600987	28.46130126
830.78	1.177219217	26.1851734	33.56665606
831.13	0.032	22.304	35.872
831.48	1.615457713	24.04181185	32.53088375
831.84	4.506232023	24.12911473	34.41994247
832.19	2.479871176	25.15297907	33.14009662
832.54	1.361673863	26.66888077	34.83892395
832.89	1.538461538	25.76104746	32.37315876
833.25	0.9695753928	25.50986292	32.59779338
833.6	1.94398682	28.36902801	34.69522241
833.95	4.440842788	28.29821718	30.95623987
834.3	1.725888325	28.59560068	34.01015228
834.65	4.848295277	25.30497341	34.25086018
835.01	0	22.03389831	31.56379917
835.36	3.530188057	23.5895744	35.26888816
835.71	3.595113438	26.84118674	34.45026178
836.06	3.298197892	24.78748725	32.67596056
836.41	1.37537739	25.79671251	28.48037571
836.77	2.847341338	25.55746141	26.9296741
837.12	5.440505441	26.28992629	32.32713233
837.47	2.69165247	20.95400341	34.44633731
837.82	3.509369676	28.17717206	32.33390119
838.17	1.141473539	29.57454168	30.6122449
838.52	0.3041568097	23.48766475	32.54477864
838.87	0	22.54533014	33.76667807
839.23	1.536360533	23.6599522	30.69306931
839.58	0.8223096174	25.34858777	32.92813729
839.93	2.601685599	29.79113228	33.23561744
840.28	2.057900244	28.70596442	31.98465295
840.63	5.098855359	26.53485952	31.46028443
840.98	2.93002413	23.33678042	32.16132368
841.33	2.97029703	25.29873677	31.71730966
841.68	2.762827413	25.00897022	31.89809831
842.03	5.506839705	22.48333918	31.74324798
842.38	1.632511289	25.18235498	30.80930879
842.73	2.350936968	20.68143101	25.79216354
843.08	3.03030303	23.44130965	31.80076628
843.43	2.480462113	23.20761128	34.76044852
843.78	1.744393022	26.30829477	31.71947312
844.13	3.595113438	26.07329843	30.2617801
844.48	1.897601146	26.81704261	32.04439671
844.83	2.513274336	24.95575221	30.90265487
845.18	3.460577952	22.58294684	27.00677845
845.53	4.174228675	26.53357532	31.61524501
845.88	3.542234332	25.72985598	32.73647334
846.23	4.284145002	30.35518125	29.18344929
846.58	1.463414634	27.35459662	28.7054409
846.93	1.9947309	27.06059466	29.84569063
847.28	1.516833148	27.26600074	28.89382168
847.63	5.856023872	25.10257367	33.45766505
847.98	1.88122464	28.21836961	29.91516046
848.33	2.14205186	25.74220218	27.77151447
848.68	3.337082865	25.38432696	28.38395201
849.03	2.406516105	23.65790448	31.35875602
849.38	2.855024101	26.2143122	25.76937338
849.72	3.148664807	29.05540056	26.34515743
850.07	3.981797497	26.27986348	30.60295791
850.42	3.334582241	27.5384039	30.46084676
850.77	5.199240987	25.84440228	30.55028463
851.12	1.851179673	24.71869328	28.63883848
851.47	4.405775639	28.39689004	28.98926324
851.82	2.731819931	27.43362832	25.74066949
852.16	4.500199124	30.86419753	27.91716448
852.51	4.567396955	22.02005199	27.81284812
852.86	5.470287288	27.27272727	25.46241637
853.21	4.704463209	31.96622437	30.43827905
853.56	3.939514524	28.6908078	29.40708317
853.9	3.678646934	26.42706131	28.62579281
854.25	5.973025048	27.47591522	25.47206166
854.6	3.284527107	28.29442026	29.32330827
854.95	0.6764822921	25.90529248	23.99522483
855.3	4.375246354	29.68072527	25.97556169
855.64	6.119096509	29.93839836	27.6386037
855.99	4.418321848	29.79327118	27.11795703
856.34	2.675455603	27.56882513	25.00969368
856.69	2.767451466	25.07228418	26.64188352
857.03	1.984609154	27.74402592	26.04293236
857.38	7.565109549	29.47498967	26.99462588
857.73	3.468950749	28.22269807	30.79229122
858.07	7.212974819	28.63849765	29.32138284
858.42	4.592470004	28.09267687	29.33388498
858.77	4.472712351	28.92901108	27.78005745
859.12	3.697407565	30.04674883	29.79175521
859.46	0.7764609726	29.62811606	26.3588067
859.81	4.909777591	31.51489719	23.37389845
860.16	1.026694045	28.78850103	25.33880903
860.5	4.466800805	24.10462777	24.58752515
860.85	2.290076336	24.62836481	22.4588188
861.19	8.206185567	27.25773196	21.81443299
861.54	4.476386037	29.11704312	20
861.89	4.383449406	28.1442032	22.16304793
862.23	5.375461633	32.12966762	24.82560525
862.58	9.979296066	28.77846791	21.15942029
862.93	4.095427435	25.48707753	22.54473161
863.27	7.549454986	25.23213565	22.97133629
863.62	7.264425073	25.69530926	22.95558323
863.96	6.04953309	24.88834754	22.37109216
864.31	6.603366422	28.01035822	22.14069918
864.65	4.060276266	25.65927166	21.30598577
865	6.524633822	23.74611629	21.52685308
865.35	3.049049934	26.82280159	20.10605391
865.69	7.340659341	23.25274725	23.69230769
866.04	9.217533798	27.24293322	19.86890619
866.38	3.549060543	23.84133612	20.25052192
866.73	4.929275611	26.8752679	22.41748821
867.07	4.7906776	26.88821752	21.19119551
867.42	6.290672451	29.45770065	22.42950108
867.76	3.767864877	27.41446514	21.95755738
868.11	5.05399568	25.96112311	18.96328294
868.45	9.016018307	26.13272311	25.94965675
868.8	6.987505784	25.86765386	24.20175845
869.14	3.903095559	24.62987887	20.14356214
869.48	8.591992803	27.93522267	17.94871795
869.83	10.31710585	27.1996427	17.46315319
870.17	11.43487859	27.50551876	21.67770419
870.52	7.645788337	23.11015119	20.34557235
870.86	2.5708061	26.71023965	20.34858388
871.21	9.487063096	26.64548343	18.11166591
871.55	9.219232466	27.56947508	16.18879577
871.89	7.815989281	24.34122376	20.41089772
872.24	9.15125652	26.88477952	19.58274064
872.58	5.021116847	27.17034256	18.53589864
872.93	5.162689805	25.90021692	17.74403471
873.27	4.901511681	25.14887769	15.25423729
873.61	6.648070665	26.45281265	18.45653185
873.96	7.021569527	29.6925195	16.84258834
874.3	7.482993197	24.08163265	20.45351474
874.64	9.827666511	26.68840242	19.79506288
874.99	5.293276109	25.60801144	13.97234144
875.33	6.691278265	23.48869405	14.5362252
875.67	6.745283019	23.20754717	14.33962264
876.02	6.801736614	22.91365171	14.13410516
876.36	6.749640977	28.19530876	13.64289134
876.7	6.410856341	25.97098737	16.612073
877.05	5.43318649	23.54380813	16.20166422
877.39	7.542579075	25.15815085	14.64720195
877.73	7.619498344	18.88310459	14.52910554
878.07	5.537459283	25.36063285	17.26384365
878.42	6.931652933	30.78041687	16.33543383
878.76	2.845731403	29.50574139	16.72491263
879.1	3.54885756	25.13368984	16.67476908
879.44	3.597122302	23.16546763	14.14868106
879.79	1.430842607	31.21356651	9.06200318
880.13	4.226752859	25.11188463	13.17752362
880.47	3.307086614	24.19947507	13.49081365
880.81	11.86083289	20.0843437	14.70743279
881.15	8.914926133	23.28069282	12.99032094
881.5	9.248850281	25.19161983	11.08840061
881.84	7.826086957	24.60358056	16.72634271
882.18	7.888040712	22.7480916	17.2519084
882.52	9.921259843	21.46981627	12.54593176
882.86	11.12340897	22.41283896	12.67293857
883.2	8.416100366	21.48457919	13.43439624
883.55	10.39834454	21.15882049	11.22607346
883.89	6.666666667	24.61942257	9.501312336
884.23	6.853750675	19.48192121	13.76146789
884.57	6.024096386	24.0440021	9.481403876
884.91	8.310700706	22.10755024	15.04617056
885.25	9.562710235	20.1345507	9.754925517
885.59	7.266074229	26.18923157	15.31625719
885.93	4.298291041	25.84153288	11.34127395
886.27	5.864354921	18.91891892	6.782253952
886.62	9.462915601	20.30690537	9.872122762
886.96	12.91439881	22.01880257	8.461157843
887.3	12.84451378	19.60478419	15.96463859
887.64	10.3649635	23.69829684	11.53284672
887.98	8.108108108	22.69250382	10.8618052
888.32	8.913784705	20.89624939	8.913784705
888.66	8.987161198	23.53780314	8.987161198
889	12.43295953	22.47684057	8.239882984
889.34	9.789227166	22.99765808	11.19437939
889.68	13.3105802	26.66991711	9.800097513
890.02	11.634757	20.96219931	8.689248895
890.36	11.74480425	21.60463992	12.42145964
890.7	10.25244719	24.7810407	6.439979392
891.04	11.31221719	18.95424837	16.03821016
891.38	14.68955073	18.12216052	12.56940939
891.72	12.10762332	24.46437469	10.41355257
892.06	12.32746311	20.41884817	10.80437887
892.4	8.665105386	21.68618267	8.852459016
892.74	11.20409112	18.73547187	4.230590423
893.08	12.71867612	24.53900709	9.692671395
893.41	9.976359338	24.3498818	6.666666667
893.75	10.91871092	21.88552189	6.204906205
894.09	12.18587008	18.53959222	8.013276434
894.43	12.49427918	22.56292906	8.28375286
894.77	10.10149831	22.37796037	10.29482842
895.11	14.23020884	20.34968431	8.887809616
895.45	10.02352941	20.37647059	6.541176471
895.79	10.61503417	20.91116173	9.612756264
896.13	6.75990676	20.37296037	12.26107226
896.46	10.81677704	24.50331126	7.196467991
896.8	11.47690901	24.09693644	7.727480567
897.14	10.37861915	22.22717149	6.458797327
897.48	13.1518228	21.27365021	3.830179972
897.82	10.64439141	22.10023866	6.92124105
898.16	13.27433628	20.91290172	9.641360037
898.49	11.18329466	17.40139211	6.357308585
898.83	7.57507844	17.2568355	6.499327656
899.17	10.45475856	21.05016409	5.016408814
899.51	12.02620496	21.94665419	6.410856341
899.85	9.220489978	19.28730512	3.518930958
900.18	14.51236584	21.32524498	8.539430705
900.52	14.17733523	21.76386913	6.211474633
900.86	14.55956184	17.84573254	2.327704245
901.2	12.74362819	23.33833083	2.848575712
901.53	17.36011478	19.08177905	5.404112865
901.87	11.99637845	23.85694885	4.210049796
902.21	12.76102088	21.57772622	8.027842227
902.54	12.55024565	21.48280482	4.153640018
902.88	14.32624113	22.64775414	1.938534279
903.22	11.13147045	17.72789739	5.90929913
903.56	13.0624727	19.70292704	5.286151158
903.89	13.06369131	20.87401209	3.393770339
904.23	11.25401929	23.10519063	6.66054203
904.57	10.47865459	18.75808538	0.04312203536
904.9	17.11302769	16.20517476	2.315024966
905.24	13.12941176	17.36470588	5.223529412
905.58	14.41647597	20.27459954	5.90389016
905.91	13.40396131	16.25978812	5.204974666
906.25	10.16569637	18.85356023	5.597850425
906.58	15.45326444	19.68060122	6.434945984
906.92	13.0225853	18.50072081	0.4324843825
907.26	13.23076923	16.48351648	0.5714285714
907.59	15.74199369	21.78619756	2.841677943
907.93	15.02542765	21.40545539	5.963938974
908.26	13.22939866	22.22717149	6.458797327
908.6	15.73604061	18.22796493	1.707429626
908.94	17.72665765	15.47135769	1.48849797
909.27	15.97633136	18.98042786	6.781975421
909.61	12.38181	18.05493021	2.476361999
909.94	7.238358691	20.33195021	0
910.28	11.0702802	18.787322	1.148369316
910.61	14.96134607	15.87085039	0
910.95	15.84295612	17.04387991	4.387990762
911.28	16.49534998	20.99853157	0
911.62	16.84053651	15.35022355	4.520615996
911.95	14.04415218	17.05025834	0.5166744951
912.29	13.34276285	17.58604432	0.8958038661
912.62	16.99006152	15.94888784	1.940369143
912.96	16.98617922	15.20285332	0.1337494427
913.29	11.03804603	11.88351339	3.522780648
913.63	10.61093248	15.57188792	1.515847497
913.96	15.77973161	15.03933364	0.6015733457
914.3	13.96332863	17.5364363	0.3291020216
914.63	15.0023663	16.99006152	0
914.97	15.599022	17.55501222	2.39608802
915.3	15.15448749	20.05885238	6.032368808
915.63	11.09994977	17.42842793	1.456554495
915.97	14.94033413	15.51312649	0
916.3	15.78947368	13.18203766	0.7242877837
916.64	17.25862931	15.95797899	0
916.97	13.31764706	14.72941176	2.870588235
917.3	13.3924405	15.53896407	1.259916006
917.64	14.2721669	8.866761498	0
917.97	12.45657568	16.92307692	0.7444168734
918.31	13.40920336	15.78426522	2.919346858
918.64	20.70831284	17.85538613	0
918.97	10.18753168	18.803852	1.368474404
919.31	12.07335711	19.20529801	0.7641365257
919.64	15.69737519	13.124035	0
919.97	16.07963247	16.18172537	3.726391016
920.3	19.72041937	16.52521218	1.847229156
920.64	15.14846502	20.38248616	0
920.97	11.3271755	15.50802139	0.04861448712
921.3	12.04759544	13.73326723	0
921.64	14.18616227	14.3852663	0
921.97	21.42503711	9.549727857	2.424542306
922.3	17.3760641	17.3760641	5.358037056
922.63	13.11720698	17.60598504	0
922.97	16.16213443	14.41765008	0
923.3	12.22048882	9.412376495	0
923.63	17.39837398	10.13550136	0
923.96	17.56679932	13.01876066	1.307561114
924.3	18.323482	17.14132187	2.632993015
924.63	15.38868324	14.11951348	2.379693284
924.96	12.09633279	16.80350301	0
925.29	12.40793201	9.801699717	0
925.62	15.58650241	9.48044992	0
925.96	14.30101768	10.01606856	0
926.29	16.67596207	14.55660904	0.7250418293
926.62	17.3290938	7.684154743	0
926.95	11.74179188	8.069003895	0.7234279354
927.28	17.16713881	8.555240793	0.6232294618
927.61	19.44598338	16.12188366	0
927.94	16.98948533	11.89817377	0
928.28	14.56090652	15.12747875	0
928.61	10.22530329	7.914500289	0
928.94	8.957746479	7.042253521	0
929.27	16.55863288	13.25869181	0
929.6	17.90790222	17.68050028	0
929.93	13.51351351	16.63663664	0
930.26	16.50260567	10.13317892	0
930.59	16.12903226	9.790605546	1.188455008
930.92	14.25326519	11.3003975	2.328222601
931.25	9.810671256	5.679862306	1.31956397
931.58	19.15131212	9.994416527	0.3908431044
931.91	11.43021252	11.31533601	0
932.24	16.85940353	4.930006086	0
932.58	13.31378299	11.08504399	0
932.91	14.40329218	12.75720165	0
933.24	12.62596325	14.40426793	1.363366924
933.57	8.347927612	12.20081728	0
933.9	10.66422913	10.05484461	0
934.23	12.17756449	10.0179964	0
934.55	15.3893317	9.135499693	0
934.88	18.24123589	7.783719548	0
935.21	10.84611016	9.596819989	0
935.54	14.10499684	9.1714105	0
935.87	15.98285364	8.266993264	0
936.2	7.468123862	3.825136612	0
936.53	14.30267062	3.738872404	0
936.86	14.33586893	9.888823874	0
937.19	12.18363743	8.769864626	1.5891701
937.52	11.53163808	8.338261384	1.241868717
937.85	12.27246036	8.631826189	0
938.18	19.70995386	4.152933421	0
938.51	16.8	0.4307692308	0.06153846154
938.83	14.31966726	5.763517528	0
939.16	12.32020013	8.067542214	0.9380863039
939.49	20.71005917	9.138724523	0
939.82	11.24417831	10.17964072	0
940.15	12.99288946	11.05365223	0
940.48	11.54086089	5.302557704	1.684341859
940.81	15.13200258	9.98068255	1.738570509
941.13	14.62060457	7.217766811	2.529302899
941.46	19.07590759	0.9900990099	0.3300330033
941.79	9.250506415	7.629979743	0
942.12	12.34156104	4.069379586	1.267511674
942.45	16.10117212	6.230721777	0
942.77	10.93267449	6.609017912	0
943.1	16.22495152	1.228183581	0
943.43	10.60707138	1.267511674	0
943.76	10.13557134	6.778566817	0.9683666882
944.08	20.14134276	8.127208481	0
944.41	16.72498251	2.169349195	0
944.74	13.06095111	2.344273275	0
945.07	4.835318851	3.293622985	0
945.39	9.466192171	4.911032028	0
945.72	9.156452776	3.244412401	0.07209805335
946.05	12.17596229	10.13354281	0
946.38	12.84599006	3.761533002	0
946.7	15.73111573	0.6237006237	0
947.03	13.30117161	6.271536871	0.4824259132
947.36	13.52985639	0.8314436886	0
947.68	14.19893698	7.365223994	2.657555049
948.01	7.772020725	8.068097705	0
948.34	13.22751323	1.738473167	0
948.66	18.11764706	0.07843137255	0
948.99	16.75053918	0.0718907261	0
949.31	20.78609221	2.343159486	0
949.64	11.57580284	0.3734129948	0
949.97	15.52695093	7.160096541	0
950.29	17.8807947	0	0
950.62	10.52208835	6.345381526	0
950.95	18.36431227	6.765799257	0
951.27	14.95116454	2.479338843	0
951.6	14.17004049	11.57894737	0
951.92	4.6458492	1.142421935	0
952.25	9.445745511	0	0
952.57	14.3281366	1.559020045	0
952.9	10.11764706	0	0
953.22	14.57875458	0	0
953.55	3.645461044	0	0
953.87	8.956328645	0	0
954.2	8.512467756	1.117798796	0
954.53	16.70515781	2.232486528	0
954.85	14.73309609	0	0
955.17	7.235338919	1.294744859	0
955.5	9.957446809	0	0
955.82	16.59028414	0	0
956.15	13.15563199	0	0
956.47	12.97148114	0	0
956.8	13.28443358	0	0
957.12	8.00351803	0	0
957.45	7.390917186	0	0
957.77	7.67903365	0	0
958.1	4.572907679	4.400345125	0
958.42	6.244796003	0.582847627	0
958.74	9.436954798	0	0
959.07	13.40549542	0	0
959.39	9.842845327	0	0
959.72	8.864954432	0.4142502071	1.73985087
960.04	8.883826879	0	0
960.36	9.504467912	0	0
960.69	9.826589595	0	0
961.01	11.1933395	0	0
961.33	4.200178731	0	0
961.66	12.38416175	0	0
961.98	15.16213848	0	0.08764241893
962.3	14.25873466	0	0
962.63	8.883025506	0	0
962.95	8.604845447	0	0
963.27	15.96203624	0	0
963.6	21.00840336	0	0
963.92	8.340971586	0	1.558203483
964.24	12.53481894	0	0
964.56	11.7370892	0	0
964.89	4.193849021	0	0
965.21	7.785642063	0	0
965.53	5.180840665	0	0
965.85	13.54466859	0	1.248799232
966.18	7.502569373	0	0
966.5	17.14005877	0	0
966.82	13.11311311	0	0
967.14	8.847184987	0	6.166219839
967.46	3.401360544	0	1.263362488
967.79	10.08482564	0	0
968.11	14.96531219	0	0
968.43	20.08501594	0.3188097768	0
968.75	11.77072671	0	0
969.07	6.436119116	0	1.056676273
969.39	0.6937561943	0	0.4955401388
969.71	8.808290155	0	0
970.04	10.07751938	0	0
970.36	5.894962487	0	1.178992497
970.68	13.0247578	0	0
971	0	0	0
971.32	1.040681173	0	0
971.64	5.73372206	0	0
971.96	11.46838156	0	0
972.28	5.951219512	0	0
972.6	4.328523862	0	0
972.92	0	0	0
973.25	13.91585761	0	0
973.57	14.91712707	0	0
973.89	2.295081967	0	0
974.21	13.21637427	0	0
974.53	7.443365696	0	0
974.85	0	0	0
975.17	4.295704296	0	0
975.49	9.437963945	0	0
975.81	6.928645295	0	0
976.13	14.795383	0	3.252885624
976.45	12.45865491	0	0
976.77	0	0	0
977.09	5.896510229	0	0
977.4	11.11111111	0	0
977.72	0	0	0
978.04	4.868913858	0	0
978.36	12.65306122	0	0
978.68	6.33213859	0	0
979	1.750291715	0	0
979.32	0	0	0
979.64	0	0	0
979.96	0	0	0
980.28	0.878293601	0	0
980.6	0.350877193	0	0
980.91	8.600770218	0	0
981.23	7.711757269	0	0
981.55	5.698324022	0	0.1117318436
981.87	0	0	0
982.19	15.03649635	0	0
982.51	4.993252362	0	0
982.82	1.901140684	0	0
983.14	5.071521456	0	0
983.46	0	0	0
983.78	0	0	0
984.1	4.527813713	0	0
984.41	7.152875175	0	0
984.73	7.382550336	0	0
985.05	11.22853369	0	0
985.37	2.564102564	0	0
985.69	0.630517024	0	0
986	13.17073171	0	1.463414634
986.32	0	0	0
986.64	0.1526717557	0	0
986.95	0	0	0
987.27	6.116642959	0	0
987.59	0	0	0
987.91	0	0	0
988.22	0	0	0
988.54	0	0	0
988.86	5.084745763	0	0
989.17	1.49750416	0	0
989.49	3.511450382	0	0
989.81	0	0	0
990.12	1.468624833	0	0
990.44	2.06022187	0	0
990.75	0	0	0
991.07	0	0	0
991.39	3.157894737	0	0
991.7	0	0	0
992.02	0	0	0
992.33	2.43902439	0	0.1876172608
992.65	0	0	0
992.97	0	0	0
993.28	0	0	0
993.6	0	0	0
993.91	0	0	0
994.23	0.5128205128	0	0
994.54	0	0	0
994.86	0	0	0
995.17	0	0	0
995.49	0	0	0
995.8	0	0	0
996.12	0	0	0
996.43	0	0	0
996.75	0	0	0
997.06	0	0	0
997.38	0	0	0
997.69	0	0	0
998.01	0	0	0
998.32	0	0	0
998.63	0	0	0
998.95	0	0	0
999.26	0	0	0
999.58	0	0	0
999.89	0	0	0
1000.2	0	0	0
1000.52	0	0	0
1000.83	0	0	0
1001.15	0	0	0
1001.46	0	0	0
1001.77	0.6423982869	0	0
1002.09	0	0	0
1002.4	0	0	0
1002.71	0	0	0
1003.03	0	0	0
1003.34	0.2197802198	0	0
1003.65	0	0	0
1003.96	0	0	0
1004.28	0	0	0
1004.59	0	0	0
1004.9	0	0	0
1005.22	0	0	0
1005.53	0	0	0
1005.84	0	0	0
1006.15	0	0	0
1006.47	0	0	0
1006.78	0	0	0
1007.09	0	0	0
1007.4	0	0	0
1007.71	0	0	0
1008.03	0	0	0
1008.34	0	0	0
1008.65	0	0	0
1008.96	0	0	0
1009.27	0	0	0
1009.58	0	0	0
1009.9	0	0	0
1010.21	0	0	0
1010.52	0	0	0
1010.83	0	0	0
1011.14	6.537530266	0	0
1011.45	0	0	0
1011.76	0	0	0
1012.07	0	0	0
1012.38	0	0	0
1012.69	0	0	0
1013.01	0	0	0
1013.32	0	0	0
1013.63	0	0	0
1013.94	0	0	0
1014.25	0	0	0
1014.56	0	0	0
1014.87	0	0	0
1015.18	0	0	0
1015.49	0	0	0
1015.8	0	0	0
1016.11	0	0	0
1016.42	0	0	0
1016.73	0	0	0
1017.04	0	0	0
1017.35	0	0	0
1017.66	0	0	0
1017.97	0	0	0
1018.27	0	0	0
1018.58	0	0	0
1018.89	0	0	0
1019.2	0	0	0
1019.51	0	0	0
1019.82	0	0	0
1020.13	0	0	0
1020.44	0	0	0
1020.75	0	0	0
1021.05	0	0	0
1021.36	0	0	0
1021.67	0	0	0
1021.98	0	0	0
1022.29	0	0	0
1022.6	0	0	0
1022.9	0	0	0
1023.21	0	0	0
1023.52	0	0	0
1023.83	0	0	0
1024.14	0	0	0
1024.44	0	0	0
1024.75	0	0	0
1025.06	0	0	0
1025.37	0	0	0
1025.67	0	0	0
1025.98	0	0	0
1026.29	0	0	0
1026.6	0	0	0
1026.9	0	0	0
1027.21	0	0	0
1027.52	0	0	0
1027.82	0	0	0
1028.13	0	0	0
1028.44	0	0	0
1028.74	0	0	0
1029.05	0	0	0
1029.36	0	0	0
1029.66	0	0	0
1029.97	0	0	0
1030.28	0	0	0
1030.58	0	0	0
1030.89	0	0	0
1031.19	0	0	0
1031.5	0	0	0
1031.81	0	0	0
1032.11	0	0	0
1032.42	0	0	0
1032.72	0	0	0
1033.03	0	0	0
1033.33	0	0	0
1033.64	0	0	0
1033.94	0	0	0
1034.25	0	0	0
1034.55	0	0	0
1034.86	0	0	0
1035.16	0	0	0
1035.47	0	0	0
1035.77	0	0	0
1036.08	0	0	0
1036.38	0	0	0
1036.69	0	0	0
1036.99	0	0	0
1037.3	0	0	0
1037.6	0	0	0
1037.9	0	0	0
1038.21	0	0	0
1038.51	0	0	0
1038.82	0	0	0
1039.12	0	0	0
1039.42	0	0	0
1039.73	0	0	0
1040.03	0	0	0
1040.34	0	0	0
1040.64	0	0	0
1040.94	0	0	0
1041.25	0	0	0
1041.55	0	0	0
1041.85	0	0	0
1042.16	0	0	0
1042.46	0	0	0
1042.76	0	0	0
1043.06	0	0	0
1043.37	0	0	0
1043.67	0	0	0
1043.97	0	0	0
1044.28	0	0	0
1044.58	0	0	0
1044.88	0	0	0
1045.18	0	0	0
1045.48	0	0	0
1045.79	0	0	0
1046.09	0	0	0
1046.39	0	0	0
1046.69	0	0	0
1046.99	0	0	0
1047.3	0	0	0
1047.6	0	0	0
1047.9	0	0	0
1048.2	0	0	0
1048.5	0	0	0
1048.8	0	0	0
1049.11	0	0	0
1049.41	0	0	0
1049.71	0	0	0
1050.01	0	0	0
