wv	R0	R1	R2
363.13	0	0	0
363.57	0	0	0
364	0	0	0
364.44	0	0	0
364.88	0	0	0
365.31	0	0	0
365.75	0	0	0
366.19	0	0	0
366.62	0	0	0
367.06	0	0	0
367.5	0	0	0
367.93	0	0	0
368.37	0	0	0
368.8	0	0	0
369.24	0	0	0
369.67	0	0	0
370.11	0	0	0
370.55	0.7772596047	1.354652454	0
370.98	0.7451564829	1.532893336	0
371.42	0.7407407407	2.349206349	0
371.85	0.7179487179	2.276923077	0
372.29	0.6970722964	2.210714997	0
372.72	0.6910167818	2.191510365	0
373.16	0.666793675	2.114688512	0
373.59	0.6339431262	2.010505343	0
374.03	0.6117811571	1.940220241	0
374.46	0.6050129646	1.918755402	0
374.9	0.5929188548	1.880399797	0
375.33	0.5765112831	1.844836106	0
375.77	0.5710556371	1.827378039	0
376.2	0.5568814638	1.797931583	0
376.64	0.5418795479	1.749496826	0
377.07	0.5276647068	1.869440675	0
377.51	0.5260784608	1.863820833	0
377.94	0	0.9398776667	0
378.38	0	0.9557418027	0
378.81	0	0.370634355	0
379.24	0	0.3611612724	0
379.68	0	0.9320545725	0
380.11	0	0.886092205	0
380.55	0	0.8703220191	0
380.98	0	0.8548052265	0
381.42	0	0.8389460002	0
381.85	0	1.432306468	0
382.28	0	2.587053815	0
382.72	0	3.413293881	0
383.15	0	3.270886076	0
383.58	0	3.168979431	0
384.02	0	3.130684538	0
384.45	0	3.296703297	0.2911618296
384.88	0	3.600982086	0.2818950623
385.32	0	4.428863051	0.3905209905
385.75	0	4.728850325	0.3817787419
386.18	0	6.022563407	0.3732292815
386.62	0	6.67781028	0.3677392394
387.05	0.1865217744	7.598734896	0.6731003163
387.48	0.1836034166	7.807136585	0.6625688513
387.92	0.1810595922	8.722349051	0.6533889632
388.35	0.176015918	9.23700926	0.8112037958
388.78	0.1736766594	9.899569584	0.8004228649
389.22	0.1710673113	9.67645965	0.7883971737
389.65	0.1692545441	9.588637869	0.7800426816
390.08	0.1676751476	9.440839834	0.7727637238
390.51	0.1664134288	10.43339845	0.766948846
390.95	0.1647446458	11.20979873	1.497027434
391.38	0.408997955	11.91030252	1.565474931
391.81	0.4000827757	12.69917914	1.317513968
392.24	0.3943164049	12.93765722	1.298524713
392.67	0.3853564547	12.81642416	1.295594977
393.11	0.39556449	13.49458531	1.517411322
393.54	0.388510286	12.73167314	1.675052544
393.97	0.3816077573	12.54300907	1.645292462
394.4	0.2355420567	11.62214095	1.444244716
394.83	0.2615730884	11.60046232	1.417361153
395.27	0.2557544757	11.52084696	1.385832392
395.7	0.2532540197	11.46710643	1.236821957
396.13	0.2492609124	11.71526288	1.582516956
396.56	0.2450840695	11.71273867	1.55599886
396.99	0.4258896049	11.41496217	1.535444102
397.42	0.4161419263	11.47128073	1.74670098
397.86	0.4068304695	10.94695145	1.991328087
398.29	0.3992225666	10.9628618	1.722960551
398.72	0.7096210212	11.19452872	1.789479097
399.15	0.7684966598	10.86443317	1.747953187
399.58	1.163995068	10.89519112	2.106041924
400.01	1.701028415	11.27357801	1.998342838
400.44	1.791318623	10.82033702	1.791318623
400.87	1.978032428	10.96001141	1.626170891
401.31	2.01115747	11.04964606	1.814260935
401.74	1.986203065	11.31996852	1.87508681
402.17	1.946650751	12.04260594	2.047656214
402.6	2.273446328	12.58757062	2.065536723
403.03	2.501219566	12.9096634	2.137567076
403.46	2.60174608	12.37458194	1.963254137
403.89	2.997473558	12.52515737	2.299490429
404.32	3.332628463	12.46352294	2.304927046
404.75	3.764320786	12.35889043	2.345881069
405.18	3.717288275	12.18627653	2.45209149
405.61	3.65789367	11.99967557	2.656230991
406.04	3.229170845	11.60495808	3.124874644
406.47	3.166152984	11.68394508	3.76255854
406.9	2.805404763	11.39992868	3.851487895
407.33	2.597810305	10.85037084	4.430404583
407.76	2.475650925	10.66702883	4.470140856
408.19	2.510428227	10.67314684	4.917530902
408.62	2.564586083	10.59400339	5.22345842
409.05	2.857142857	10.53548268	5.651287752
409.48	3.167667941	10.32222829	5.756417258
409.91	3.159671107	9.389249937	6.12904384
410.34	2.971387951	8.995912564	6.472365381
410.77	2.924776433	9.107487287	7.101525513
411.2	2.591510569	9.187145558	7.255542189
411.63	2.495182067	9.037427731	7.286066876
412.05	2.402303034	8.725720525	7.554349624
412.48	2.818381894	9.043129784	7.8934402
412.91	3.270436166	8.843493229	7.895164171
413.34	3.228081423	8.562269594	7.587754448
413.77	3.376998712	8.202180128	7.617880816
414.2	3.442638122	8.270351976	7.60403492
414.63	3.563541761	8.152584929	7.692773089
415.06	3.648189209	8.186252772	7.955654102
415.49	3.501323174	8.093174746	8.011748626
415.91	3.669829984	8.15677055	8.013417816
416.34	3.727444724	8.220145144	8.011182334
416.77	3.61462533	7.954956207	8.588905881
417.2	3.769346665	8.198876866	8.757704424
417.63	4.08075946	8.356732183	8.891563043
418.06	4.380867233	8.375187357	8.890583502
418.48	4.621728869	8.099696553	8.633970485
418.91	4.495583331	8.011098949	8.886795815
419.34	4.64578991	8.068607016	9.223776399
419.77	4.812504623	7.847439659	9.272453835
420.2	4.738281345	7.780170849	9.246666505
420.62	5.214148277	7.874670404	9.375965033
421.05	5.423339351	8.077563366	9.404675373
421.48	5.454713195	8.07943354	9.384874415
421.91	5.481286457	8.245761365	9.289815929
422.34	5.670530729	8.154891365	9.406040494
422.76	6.135360148	8.138743053	9.228302177
423.19	6.360765612	8.148052673	9.479925243
423.62	6.353328688	8.15227719	9.503600008
424.04	6.585633984	8.245006326	9.302856195
424.47	6.7993569	8.236156053	9.16824389
424.9	6.881646931	8.228624274	8.964435777
425.33	6.882447092	8.068053827	8.664809216
425.75	6.838319406	8.183880412	8.792678907
426.18	7.146257402	8.456309386	8.844755032
426.61	7.314518693	8.597505096	8.54887879
427.03	7.169728222	8.670838456	8.454296882
427.46	7.312854698	8.898297451	8.383028556
427.89	7.147038476	8.959963103	8.353289695
428.31	7.209354934	8.726747525	8.107261559
428.74	7.377035147	8.678159936	8.078957731
429.17	7.327040308	8.57326196	7.995744609
429.59	7.344146055	8.556849621	7.923990656
430.02	7.211310836	8.334557803	7.900279179
430.45	7.216461596	8.206608505	7.548660721
430.87	7.438410344	8.188128405	7.311339486
431.3	7.49262905	8.16030451	7.111991638
431.72	7.361237069	8.00067633	6.955439077
432.15	7.257076292	7.834979804	6.981740064
432.58	7.274983925	7.983790169	6.97590956
433	7.335839045	7.972584568	6.870071486
433.43	7.200768548	7.783001703	6.670936376
433.85	7.019932079	7.618897502	6.506942554
434.28	6.942141734	7.429607901	6.355481869
434.7	6.84287812	7.279211244	6.266694637
435.13	6.923384153	7.251167211	6.028178325
435.56	6.80748291	7.429694216	5.975138838
435.98	6.780505542	7.480776223	5.883620399
436.41	6.542601909	7.376189654	5.687776259
436.83	6.312492629	7.156429779	5.421378867
437.26	6.231083977	7.283236994	5.285445217
437.68	6.120349293	7.244363851	5.271551114
438.11	5.97553665	7.17957221	5.197505198
438.53	5.698680826	7.049535564	5.047330605
438.96	5.502569709	6.992875184	4.937108104
439.38	5.403349503	6.997044556	4.742427454
439.81	5.226136854	6.850126489	4.562226199
440.23	5.140261104	6.815822576	4.414835802
440.66	5.043103969	6.818044422	4.228178993
441.08	4.92835093	6.823778122	4.053907967
441.51	4.923153966	6.983509998	3.926361349
441.93	4.711460021	7.019306937	3.834194441
442.35	4.491260155	7.011805531	3.804264997
442.78	4.463488456	6.940498417	3.667969339
443.2	4.315776137	6.835903756	3.504912406
443.63	4.390722956	6.996608466	3.474894657
444.05	4.501669591	7.28394363	3.39464599
444.47	4.426088029	7.320025555	3.341141659
444.9	4.232056857	7.370786017	3.246616023
445.32	3.978920212	7.361388267	3.189530666
445.75	4.091191981	7.416991494	3.023354843
446.17	4.08700456	7.572819741	2.8846258
446.59	4.061966202	7.568514122	2.774942793
447.02	4.041576588	7.668878263	2.716748847
447.44	3.948386003	7.681713686	2.573284036
447.86	3.938516608	7.667526452	2.525661947
448.29	3.850695424	7.702435813	2.435813035
448.71	3.800767393	7.70599125	2.369403564
449.13	3.801839766	7.715709954	2.247803073
449.56	3.725420093	7.729710404	2.105316921
449.98	3.56056395	7.73460003	2.07893274
450.4	3.574968215	7.741593168	2.009230246
450.83	3.594702962	7.675929519	1.897342527
451.25	3.482675693	7.591817345	1.810120444
451.67	3.398968819	7.639577707	1.672477289
452.1	3.32144211	7.586729784	1.534842579
452.52	3.357782114	7.600911302	1.479423611
452.94	3.205648821	7.568388767	1.466667941
453.36	3.171611755	7.459774796	1.417707613
453.79	3.089605128	7.537433381	1.316865465
454.21	2.993620459	7.51253958	1.202118418
454.63	3.004395096	7.599352302	1.155678927
455.05	2.897979752	7.68244079	1.142516835
455.48	2.827987544	7.71409636	1.135734324
455.9	2.694133437	7.765337465	1.020546033
456.32	2.778346159	7.744317424	0.9234464659
456.74	2.842728243	7.79611385	0.8873051854
457.16	2.915729895	7.711418849	0.7575823849
457.59	2.848936299	7.738759549	0.6722209245
458.01	2.784585301	7.709911279	0.5857790605
458.43	2.7531151	7.688278775	0.567687434
458.85	2.756381905	7.543123232	0.6041842261
459.27	2.994259282	7.704125883	0.7450543097
459.69	2.996613949	7.60098712	0.7100048372
460.12	2.960086265	7.488993927	0.6567159339
460.54	2.889923325	7.503224824	0.6225313068
460.96	2.893534104	7.384729934	0.6344705221
461.38	2.966045455	7.27575088	0.648798045
461.8	2.911440166	7.047979856	0.6614459408
462.22	2.879061166	6.850232501	0.5959040161
462.64	2.902112882	6.697935223	0.5381799596
463.06	2.97399699	6.555249909	0.5205050827
463.49	2.827578615	6.439658019	0.5936961069
463.91	2.856317063	6.284186567	0.5737201488
464.33	2.803097898	6.176523074	0.560334059
464.75	2.798537688	5.965470849	0.5578761261
465.17	2.795102473	5.889157567	0.5721214486
465.59	2.808745051	5.764159064	0.5398519539
466.01	2.801030921	5.646263592	0.5073000891
466.43	2.732159953	5.369922809	0.3246992348
466.85	2.77600992	5.363715694	0.2571959085
467.27	2.817382341	5.342911445	0.2641497278
467.69	2.840192431	5.190434237	0.2655747888
468.11	2.864201536	5.088933115	0.2408150279
468.53	2.881644337	4.986209142	0.265374196
468.95	2.877676081	4.858233469	0.2734306472
469.37	2.880692748	4.803139759	0.2894390481
469.79	2.930147941	4.708476896	0.3656103939
470.21	2.927621573	4.5082273	0.3759247462
470.63	3.00891342	4.393566101	0.3106447994
471.05	2.951753487	4.258349079	0.3058697062
471.47	2.948953939	4.140264	0.3013569206
471.89	2.973199107	4.10620167	0.3000378378
472.31	2.999263119	4.07375083	0.2790741428
472.73	2.976937057	4.038702741	0.2953899711
473.15	3.002947216	3.985017899	0.2997424324
473.57	2.953856766	3.851592718	0.2941538765
473.99	2.930358553	3.676638059	0.3489098989
474.41	2.932452185	3.545700832	0.328049936
474.83	2.958812175	3.501876423	0.3416350814
475.24	2.964031412	3.386221581	0.3919683128
475.66	2.918358811	3.279049791	0.3759821184
476.08	2.951666733	3.227655288	0.3624003068
476.5	2.958933278	3.130315109	0.3644027819
476.92	2.95151838	3.081086841	0.3085775173
477.34	2.963804604	3.046819644	0.2985187266
477.76	2.909520458	2.985252777	0.3086915184
478.18	2.915358855	2.905663883	0.3263973888
478.59	2.899744199	2.873487769	0.3532683288
479.01	2.86381134	2.795671976	0.3806405883
479.43	2.828025085	2.673075366	0.3966250255
479.85	2.815634571	2.553008998	0.3996311097
480.27	2.714422965	2.457971491	0.3936492746
480.69	2.66244606	2.42365505	0.4164102489
481.1	2.618640716	2.357393478	0.3933222303
481.52	2.548664603	2.281549411	0.4153141282
481.94	2.473518123	2.200519963	0.4105526454
482.36	2.413586261	2.159086575	0.3796691504
482.78	2.372603021	2.129013497	0.378726971
483.19	2.289962775	2.072225284	0.404707728
483.61	2.257614811	2.020921299	0.3968293767
484.03	2.198044937	1.953414767	0.4163987933
484.45	2.127132591	1.895093614	0.4076976975
484.86	2.102005183	1.819285002	0.4269849313
485.28	2.047044597	1.782166815	0.4494604875
485.7	1.983298869	1.702096666	0.432253386
486.12	1.888616511	1.629351555	0.4177744018
486.53	1.817820046	1.547338869	0.418779477
486.95	1.757821521	1.475781844	0.4399942114
487.37	1.751944656	1.44006738	0.4604919849
487.78	1.707233749	1.395838183	0.4767677745
488.2	1.633438507	1.362649767	0.4944446279
488.62	1.569496693	1.316515664	0.4937306647
489.03	1.528247489	1.247954963	0.4937780404
489.45	1.477418878	1.216645724	0.5017370094
489.87	1.448209954	1.191795927	0.5278247445
490.28	1.404454118	1.166331716	0.497014694
490.7	1.331969298	1.133757851	0.4748937011
491.12	1.265398668	1.092673628	0.4852476063
491.53	1.208854016	1.058931992	0.4980168361
491.95	1.147187692	1.031869496	0.5063724721
492.37	1.069356199	0.9909651472	0.4930683564
492.78	1.017232282	0.967005556	0.5248410663
493.2	1.013618661	0.9524931094	0.540596619
493.61	0.9655187814	0.9431881938	0.5498907197
494.03	0.9161616246	0.9239421904	0.5507529087
494.45	0.8687821304	0.8781743697	0.5259653979
494.86	0.8544609466	0.8555617014	0.5151532664
495.28	0.831109834	0.8540973961	0.5237880218
495.69	0.8202050649	0.8517618767	0.5244959751
496.11	0.7840903877	0.858045901	0.5344230525
496.52	0.7429698983	0.8281102326	0.5590346478
496.94	0.6900030531	0.7967291891	0.54371922
497.36	0.6594390948	0.7832650534	0.546414975
497.77	0.6451073481	0.755891275	0.5891928189
498.19	0.6565175776	0.7623489374	0.6124211777
498.6	0.6300708862	0.7402753567	0.6146216614
499.02	0.583654109	0.7364003484	0.6143055282
499.43	0.5525716125	0.714540998	0.6156864435
499.85	0.5346099537	0.7266567497	0.6043307433
500.26	0.4957137253	0.6903513221	0.6054003813
500.68	0.46952426	0.6763031403	0.6069641146
501.09	0.4496797995	0.681637993	0.5883637988
501.51	0.4375569736	0.676997873	0.6118505014
501.92	0.4129953959	0.6592041896	0.6096254883
502.33	0.3946147258	0.6234149204	0.6071913404
502.75	0.3629884312	0.5951211894	0.6017467931
503.16	0.3457456166	0.5772591333	0.5739752536
503.58	0.3254035585	0.5515590317	0.5775913164
503.99	0.2974042831	0.5180367629	0.5812063548
504.41	0.2873346282	0.4897957316	0.5854214279
504.82	0.2577945405	0.5026539676	0.5888880568
505.23	0.2038286489	0.4672760528	0.5586164849
505.65	0.1805211043	0.456205803	0.5649641966
506.06	0.1790114589	0.4466446402	0.5651016056
506.48	0.1946978242	0.4544409282	0.5775232422
506.89	0.2091536769	0.4689125529	0.624420375
507.3	0.195929827	0.4855184174	0.644415354
507.72	0.1902269059	0.4784494906	0.6573609913
508.13	0.190973179	0.4915280822	0.6924632361
508.54	0.1657165025	0.4876619215	0.6883770746
508.96	0.1339113841	0.491078154	0.7032440033
509.37	0.1164158874	0.4949754071	0.7066028597
509.78	0.110431322	0.5088097361	0.741644374
510.2	0.1002410706	0.4971055135	0.7689248581
510.61	0.09349811272	0.5241190502	0.7701881573
511.02	0.1000404204	0.5390056589	0.7803152789
511.44	0.09337874419	0.5480227804	0.7922132168
511.85	0.09321654983	0.5575028344	0.8122015873
512.26	0.09246472054	0.5522088353	0.8248408654
512.68	0.09232699539	0.5446898168	0.8504736691
513.09	0.09803460229	0.5374256898	0.8691747839
513.5	0.09975567653	0.5383299497	0.8742260167
513.91	0.07225657477	0.4964975902	0.8471260093
514.33	0.07860272104	0.4922302751	0.822438765
514.74	0.07824365996	0.4922830273	0.8313388871
515.15	0.06621240252	0.472645882	0.831757529
515.56	0.06985599793	0.4914597246	0.8593426702
515.98	0.06766130038	0.48742596	0.8623980828
516.39	0.06708949965	0.4797744891	0.8785529716
516.8	0.0667707817	0.469265802	0.8728830202
517.21	0.07922674695	0.4688359261	0.8741040387
517.62	0.07967017661	0.4555499842	0.8912288521
518.04	0.07729937845	0.4476690623	0.8940405331
518.45	0.0681882439	0.4285326223	0.898643442
518.86	0.0660104953	0.3859216946	0.8808160225
519.27	0.06970627724	0.398925898	0.8947784665
519.68	0.06528779815	0.4084155238	0.8757001016
520.1	0.0547270238	0.3948033122	0.8780118166
520.51	0.0380415897	0.3773067286	0.8926971121
520.92	0.03797879761	0.393482254	0.907291564
521.33	0.03717885398	0.3876442275	0.9482430258
521.74	0.03950806092	0.3828822678	0.9571146371
522.15	0.03945268042	0.3725278441	0.9652270984
522.56	0.03556929934	0.3431711482	0.9551082777
522.97	0.03553434775	0.3388453875	0.9556201378
523.39	0.04400643255	0.3649093069	0.9592677909
523.8	0.04881982591	0.3788056862	0.9776622174
524.21	0.03753719882	0.4004569432	1.007188013
524.62	0.03660368309	0.3972311027	1.000921403
525.03	0.03006582074	0.3836542755	1.030699543
525.44	0.02981932364	0.3921420693	1.056071107
525.85	0.0297618514	0.3985578052	1.071605939
526.26	0.03328156201	0.4067150025	1.07449344
526.67	0.0405778863	0.4231183122	1.10775842
527.08	0.04055381867	0.4382313533	1.122822689
527.49	0.0534465926	0.4338081766	1.133602229
527.9	0.05335581392	0.4167089067	1.144126503
528.31	0.04775108372	0.4336650466	1.140878123
528.72	0.04529330066	0.4375403615	1.151617555
529.13	0.04520133132	0.4539555579	1.153163652
529.54	0.04506566208	0.4825194522	1.175404007
529.95	0.04475953598	0.4877911783	1.212720134
530.36	0.04327593578	0.4658733329	1.237131103
530.77	0.03845441229	0.4584814702	1.243301067
531.18	0.03400921563	0.4368876161	1.238109855
531.59	0.03409970685	0.4580843272	1.259775394
532	0.04615331228	0.4922441614	1.284137835
532.41	0.0517237502	0.4994196215	1.314544407
532.82	0.0515484357	0.5173807878	1.341466148
533.23	0.04438961696	0.5228683951	1.371776806
533.64	0.03722114161	0.5130342606	1.385072435
534.05	0.04606242995	0.5286943348	1.390914783
534.46	0.0334827309	0.548470927	1.421401414
534.87	0.03334484323	0.5638155979	1.437890575
535.28	0.03322320768	0.5705284851	1.437704799
535.68	0.03766427678	0.6075046071	1.448561359
536.09	0.04643334887	0.6321305364	1.477988581
536.5	0.04637923817	0.6471326915	1.499372122
536.91	0.04624049733	0.6538773575	1.513917221
537.32	0.039578341	0.6773217769	1.542058639
537.73	0.04222483483	0.6972893312	1.578546472
538.14	0.05308503167	0.7318150794	1.63524978
538.54	0.06857686597	0.7459784918	1.684726882
538.95	0.07743959222	0.7667173128	1.708408894
539.36	0.08497532134	0.794568091	1.726040866
539.77	0.1029044998	0.8058961848	1.76785069
540.18	0.1102473635	0.8237927994	1.796032707
540.59	0.1256404373	0.8637579488	1.844170556
540.99	0.1255495793	0.8775675689	1.897637909
541.4	0.144882311	0.9095743326	1.911650448
541.81	0.1754805901	0.9328846187	1.953747311
542.22	0.1891481387	0.9556875487	2.017317002
542.63	0.2096320753	0.9474301213	2.068191711
543.03	0.2352603016	0.9765020886	2.129996157
543.44	0.2654773777	1.005210129	2.191702939
543.85	0.2868127928	1.044486889	2.231607512
544.26	0.29434504	1.074858937	2.251624277
544.66	0.2920255733	1.104245626	2.28245473
545.07	0.2806368215	1.118736357	2.283051426
545.48	0.2730069505	1.124387557	2.295719549
545.89	0.2546993776	1.120041648	2.309546762
546.29	0.2526283441	1.130877149	2.331502016
546.7	0.2479840978	1.149908112	2.337771444
547.11	0.2545076853	1.154176661	2.350945624
547.51	0.2386744935	1.157214175	2.355348228
547.92	0.2296498914	1.167819364	2.353874323
548.33	0.2199512173	1.178151611	2.370946914
548.73	0.1960017993	1.180582696	2.378125668
549.14	0.1926006673	1.211283373	2.412136046
549.55	0.167852699	1.235939778	2.433717923
549.95	0.137256359	1.222630689	2.422968147
550.36	0.1103773599	1.208777324	2.41508568
550.77	0.1014309002	1.214417678	2.42028618
551.17	0.09397748878	1.203345599	2.446161742
551.58	0.09341685107	1.217158138	2.450029914
551.98	0.09844077866	1.233244199	2.501460781
552.39	0.09676900635	1.250961947	2.522742152
552.8	0.1033510357	1.271561288	2.55500365
553.2	0.09538850826	1.308736045	2.60790468
553.61	0.08566053952	1.328876709	2.652773153
554.01	0.07487874748	1.352213745	2.68953683
554.42	0.07475428775	1.360159929	2.733486806
554.83	0.07537766615	1.37730411	2.777377083
555.23	0.06843670804	1.393992245	2.829328728
555.64	0.06571078811	1.423827548	2.866932136
556.04	0.05998319909	1.425408715	2.881862598
556.45	0.0695976247	1.449623106	2.930256445
556.85	0.06682862451	1.483819627	2.986272812
557.26	0.06666405787	1.520695207	3.040412115
557.66	0.05455484087	1.548045932	3.103207713
558.07	0.05558961213	1.599838386	3.141579358
558.47	0.06217192833	1.619947314	3.198863937
558.88	0.0568683041	1.643771395	3.241354631
559.28	0.06089864251	1.653259738	3.277038997
559.69	0.06247805666	1.687322207	3.309816519
560.09	0.07341414409	1.682315471	3.335237685
560.5	0.07563941531	1.720796698	3.37713426
560.9	0.08331402214	1.764905485	3.442772647
561.31	0.09330235199	1.816570608	3.493532231
561.71	0.1106824363	1.870051945	3.550225077
562.12	0.1250061748	1.913788277	3.625453508
562.52	0.1287380653	1.950813559	3.683773246
562.92	0.1362431399	1.990519121	3.734979023
563.33	0.1389801731	2.040064629	3.779849929
563.73	0.1735925722	2.098033256	3.831768536
564.14	0.1995975194	2.142593125	3.876545238
564.54	0.2152078383	2.169716128	3.932396847
564.94	0.2408605439	2.210482622	3.985258898
565.35	0.2491827949	2.264591779	4.057671913
565.75	0.2740364437	2.325971187	4.136710254
566.16	0.2952788064	2.409469614	4.223344587
566.56	0.3015005671	2.453210974	4.308996603
566.96	0.3183121171	2.520820031	4.38667518
567.37	0.3400068896	2.568564213	4.458606501
567.77	0.3553917581	2.617641316	4.527075401
568.17	0.3663196982	2.654904381	4.616819041
568.58	0.3662929425	2.698623733	4.697494183
568.98	0.3772918083	2.749765289	4.754524264
569.38	0.4000678675	2.809901107	4.856966648
569.79	0.4200234019	2.866730327	4.957298293
570.19	0.4462715855	2.91452255	5.016629489
570.59	0.4462587148	2.959830017	5.085152218
571	0.4564714689	3.023672356	5.160734097
571.4	0.4786252294	3.112197542	5.249407886
571.8	0.4927125981	3.170179759	5.360931636
572.2	0.5189541508	3.221779287	5.447619606
572.61	0.5206808637	3.27245195	5.524433279
573.01	0.5286145699	3.323346767	5.610332507
573.41	0.5498927039	3.402004632	5.708871585
573.81	0.5603144023	3.476921362	5.805218102
574.22	0.5858644782	3.563047715	5.909422355
574.62	0.6098223106	3.635494439	6.002743869
575.02	0.6416915323	3.720962895	6.095605811
575.42	0.6642260938	3.806684379	6.181209885
575.82	0.6847989224	3.892017883	6.292592769
576.23	0.7066457369	3.988212389	6.412136086
576.63	0.736806578	4.075490451	6.525754346
577.03	0.7615730409	4.159360454	6.649317733
577.43	0.7826451522	4.245707326	6.786949104
577.83	0.8320300365	4.361950989	6.946328951
578.23	0.8619360533	4.438605166	7.069736408
578.64	0.8666218361	4.518101911	7.20474921
579.04	0.8811538584	4.612271041	7.338253585
579.44	0.9249392099	4.713190449	7.487343706
579.84	0.9577205003	4.825545238	7.636382482
580.24	0.9934505361	4.907446294	7.782937371
580.64	1.021888291	5.008037772	7.927718603
581.04	1.025749689	5.099962952	8.072331545
581.45	1.048720617	5.206782465	8.218068785
581.85	1.063784367	5.311450125	8.356971503
582.25	1.115370232	5.42646116	8.520541725
582.65	1.153522538	5.526143573	8.659098497
583.05	1.189327718	5.620345107	8.786006526
583.45	1.210845065	5.721333173	8.925386703
583.85	1.226817187	5.841814387	9.095110144
584.25	1.26238608	5.950289098	9.242138466
584.65	1.270621205	6.047855717	9.383824692
585.05	1.296969208	6.171000215	9.531519165
585.45	1.349588939	6.302527802	9.648678435
585.85	1.38570839	6.430361242	9.803263124
586.25	1.408707588	6.555549851	9.966062401
586.65	1.436926258	6.672864164	10.1337198
587.05	1.474204472	6.813332502	10.27849248
587.45	1.510030247	6.924871485	10.45736297
587.85	1.58305508	7.056084915	10.67201455
588.25	1.629015178	7.170029053	10.84647968
588.65	1.669943462	7.295530705	11.02510278
589.05	1.686815381	7.437822364	11.19659188
589.45	1.717516303	7.592136391	11.3854206
589.85	1.757765307	7.740330187	11.57459066
590.25	1.804167074	7.901456685	11.77138624
590.65	1.863440846	8.042254094	11.98135609
591.05	1.911974563	8.213962094	12.19445032
591.45	1.962410772	8.36566684	12.36977222
591.85	2.015483871	8.536910017	12.57548387
592.25	2.071340279	8.710658933	12.80552575
592.65	2.130558703	8.922045706	13.03073776
593.04	2.200647337	9.099511782	13.21976876
593.44	2.260866971	9.28120406	13.43053438
593.84	2.316743968	9.476136711	13.63877585
594.24	2.392382651	9.695900742	13.84705835
594.64	2.45122514	9.896526318	14.03061569
595.04	2.512563492	10.12187194	14.25899001
595.44	2.593543723	10.34733443	14.48265351
595.84	2.687076205	10.5359863	14.73355711
596.23	2.777531054	10.75928244	14.9674997
596.63	2.846339825	11.00886501	15.19476158
597.03	2.92602268	11.26355795	15.43929901
597.43	3.002681898	11.50633271	15.64801829
597.83	3.064021092	11.76604935	15.84927383
598.22	3.144792224	12.01037748	16.08230104
598.62	3.231324566	12.27967035	16.34878505
599.02	3.333536192	12.53995428	16.6007377
599.42	3.426069105	12.78822151	16.83796792
599.82	3.515489356	13.07216967	17.09208906
600.21	3.630687986	13.37020877	17.32197266
600.61	3.712379126	13.66474801	17.55231454
601.01	3.810949786	13.96401327	17.80975614
601.41	3.891242076	14.26996523	18.04083551
601.8	3.999819042	14.60318486	18.30170876
602.2	4.103852596	14.9393923	18.5776553
602.6	4.201981112	15.28185348	18.84298474
603	4.320028024	15.62106076	19.12863049
603.39	4.457537731	15.95448022	19.40962956
603.79	4.578548537	16.28248625	19.67751192
604.19	4.692433907	16.61585019	19.93687127
604.58	4.822073234	16.93744575	20.19132316
604.98	4.945993821	17.30866078	20.43603318
605.38	5.071841198	17.67233521	20.6805995
605.77	5.186816959	18.0195835	20.89392021
606.17	5.324904374	18.39152738	21.14669068
606.57	5.465284564	18.77800181	21.40630605
606.96	5.600975949	19.14115984	21.69081458
607.36	5.768502302	19.48313098	21.97609607
607.76	5.92434037	19.86322878	22.23924537
608.15	6.094337083	20.2412278	22.51422767
608.55	6.26536377	20.61090993	22.80814286
608.95	6.425188367	20.98555225	23.03412418
609.34	6.597939397	21.36551406	23.2290477
609.74	6.741261619	21.72189679	23.42963304
610.13	6.892314594	22.07814915	23.62019858
610.53	7.060423926	22.44915846	23.8332681
610.93	7.259073093	22.81462332	24.05950818
611.32	7.453688755	23.15179564	24.31014482
611.72	7.63304168	23.48720999	24.5711781
612.11	7.828548274	23.7955117	24.76205799
612.51	8.014979223	24.14180046	24.99262224
612.9	8.219465975	24.4520356	25.22215415
613.3	8.411326724	24.76341478	25.4115967
613.69	8.606581594	25.09767448	25.62522306
614.09	8.807982791	25.40781957	25.81493153
614.48	8.992549424	25.68320469	25.97083269
614.88	9.190806726	25.98021016	26.17218708
615.27	9.393879718	26.21422158	26.31456175
615.67	9.63558973	26.44062918	26.48017541
616.06	9.857304363	26.67782413	26.67081665
616.46	10.10322626	26.92502391	26.8459421
616.85	10.35684491	27.15206864	26.99546982
617.25	10.60242902	27.3423456	27.13716813
617.64	10.82745495	27.57014462	27.26216989
618.04	11.08573518	27.78904878	27.40146091
618.43	11.32919477	27.95029538	27.51681678
618.83	11.57593836	28.11186389	27.67662841
619.22	11.84906002	28.22564525	27.7919177
619.62	12.08941214	28.38629705	27.91370133
620.01	12.37177267	28.47803195	28.03125574
620.4	12.64512033	28.58068132	28.10671461
620.8	12.9139535	28.72276078	28.22049138
621.19	13.20829971	28.79653295	28.35512836
621.59	13.4929055	28.85798457	28.43291794
621.98	13.77647961	28.95835269	28.50448295
622.37	14.05644104	29.04081851	28.61677841
622.77	14.35092482	29.11641303	28.73549436
623.16	14.63305106	29.20626589	28.81878835
623.55	14.92203572	29.26021601	28.95560595
623.95	15.20907073	29.31075248	29.02796505
624.34	15.49799724	29.35384507	29.12311728
624.73	15.79350411	29.38688251	29.21097565
625.13	16.08820392	29.45648547	29.29106494
625.52	16.37631523	29.46955253	29.34432597
625.91	16.62235799	29.5401255	29.43680411
626.31	16.90625798	29.50259094	29.45649296
626.7	17.16548545	29.51329341	29.48392094
627.09	17.43771693	29.52351466	29.52280292
627.49	17.70552661	29.50833902	29.56731741
627.88	17.94524601	29.5514792	29.57056722
628.27	18.20505514	29.58367853	29.5992424
628.66	18.42587478	29.59545138	29.66029444
629.06	18.66018622	29.62418242	29.69693685
629.45	18.84125696	29.60782751	29.68100213
629.84	19.05464734	29.55331911	29.71580576
630.23	19.22721159	29.53947336	29.71743004
630.63	19.39566669	29.57355345	29.74603939
631.02	19.57941997	29.54106557	29.75908262
631.41	19.74099069	29.52899393	29.77017174
631.8	19.9292317	29.4833203	29.78948452
632.19	20.08250882	29.49475324	29.79467365
632.59	20.25525703	29.49709269	29.81514852
632.98	20.37488315	29.50240854	29.82773973
633.37	20.50761635	29.53938288	29.8762931
633.76	20.63385206	29.52806375	29.90818158
634.15	20.75123382	29.53456571	29.93336731
634.54	20.8630718	29.52668488	30.0126347
634.94	20.93259294	29.52595086	29.97837741
635.33	21.01021339	29.50770692	29.92974385
635.72	21.05408679	29.47261882	29.87796944
636.11	21.11340986	29.42522373	29.86129027
636.5	21.13447515	29.43705864	29.80004459
636.89	21.16687258	29.4103864	29.72890004
637.28	21.19551572	29.33551773	29.7033494
637.67	21.19736015	29.29390321	29.62928975
638.06	21.16718949	29.23109652	29.51609005
638.45	21.11009906	29.18567406	29.43653396
638.85	21.06611691	29.17111102	29.40456544
639.24	20.98847835	29.15393956	29.32539413
639.63	20.89406129	29.12516556	29.25032862
640.02	20.79843494	29.09137284	29.22179419
640.41	20.69024933	29.05443816	29.14499235
640.8	20.60343699	28.99450666	29.08564279
641.19	20.47740022	28.95080721	28.97699234
641.58	20.35599602	28.91123396	28.96739746
641.97	20.25720027	28.8755903	28.95677694
642.36	20.12114465	28.81205539	28.95114834
642.75	20.00452331	28.78934521	28.91443112
643.14	19.91194035	28.70194962	28.94128344
643.53	19.79653648	28.66436002	28.94237525
643.92	19.67569723	28.66113675	28.9128276
644.31	19.49965852	28.57928103	28.91492392
644.7	19.34764452	28.55023089	28.94473625
645.09	19.23325357	28.50104137	28.9646342
645.48	19.10161965	28.3872158	28.92158734
645.87	19.01320349	28.2750107	28.95862635
646.26	18.91700482	28.25013399	28.99407906
646.65	18.80133143	28.16928531	28.94773759
647.03	18.65831323	28.08229297	28.88876718
647.42	18.53112308	27.99982175	28.83248666
647.81	18.43287025	27.92882684	28.79561737
648.2	18.33565474	27.81336415	28.76284426
648.59	18.20832631	27.6844096	28.73030336
648.98	18.11500741	27.62438065	28.64930786
649.37	18.03100878	27.58992061	28.6543783
649.76	17.89707887	27.54124351	28.5849047
650.15	17.7952995	27.48723302	28.5887283
650.53	17.70089986	27.41134688	28.59262302
650.92	17.64629941	27.39021952	28.62268545
651.31	17.58131642	27.35515593	28.5855243
651.7	17.484573	27.33121236	28.51311647
652.09	17.3963045	27.27353149	28.45331138
652.48	17.27536655	27.20008302	28.36136607
652.86	17.19897539	27.07276691	28.29851426
653.25	17.11371591	26.95699263	28.24872427
653.64	17.06370049	26.89432273	28.24760255
654.03	16.96384882	26.85284104	28.21014365
654.42	16.87807188	26.78079562	28.19130145
654.8	16.79626014	26.72645087	28.17374129
655.19	16.76275742	26.71548128	28.16232495
655.58	16.68736781	26.61373453	28.1584299
655.97	16.62487826	26.46337835	28.0923634
656.36	16.5859318	26.35976405	28.04274288
656.74	16.50971167	26.27365744	27.98988484
657.13	16.45540573	26.18541095	27.95883645
657.52	16.40336054	26.14674141	27.87962883
657.9	16.35107511	26.05479003	27.86858974
658.29	16.30062186	25.96395298	27.8426192
658.68	16.24568666	25.95610205	27.88012696
659.07	16.21114064	25.90091901	27.85173777
659.45	16.16790115	25.82518843	27.8559393
659.84	16.12776903	25.79539739	27.8327157
660.23	16.08985997	25.73640875	27.81845698
660.61	16.06391622	25.67677024	27.85200526
661	16.03590587	25.62340372	27.85216373
661.39	16.02077114	25.57450249	27.85932836
661.77	15.94593721	25.49109563	27.81105624
662.16	15.91643385	25.45911715	27.80939964
662.55	15.89306348	25.46716226	27.83669654
662.93	15.84089919	25.45679789	27.85823548
663.32	15.83238754	25.39371101	27.85228759
663.7	15.81440072	25.34740309	27.8289066
664.09	15.79699424	25.27955518	27.85503816
664.48	15.7634248	25.22386993	27.83120922
664.86	15.76186604	25.17706639	27.86620829
665.25	15.78073253	25.12711604	27.8536165
665.63	15.7790099	25.08020179	27.85076435
666.02	15.78166983	25.07543077	27.86020657
666.41	15.78870145	25.09228869	27.87636152
666.79	15.75952615	25.05155936	27.89891898
667.18	15.77419005	25.00074047	27.88710736
667.56	15.77880582	24.93720701	27.83802122
667.95	15.75113364	24.87370472	27.78262187
668.33	15.78148467	24.85936803	27.79950726
668.72	15.81238533	24.88279338	27.80282087
669.1	15.82205408	24.88361491	27.83121127
669.49	15.89320205	24.86966172	27.87613146
669.87	15.93024065	24.84912732	27.87403747
670.26	15.96742656	24.84414803	27.8731243
670.64	16.01799985	24.82498071	27.84437474
671.03	16.0995802	24.85105099	27.87191133
671.41	16.14221715	24.86930312	27.86392567
671.8	16.19124522	24.86689614	27.87892479
672.18	16.24637003	24.91051709	27.93730318
672.57	16.28404051	24.92477131	27.8999002
672.95	16.32702353	24.8533928	27.88164801
673.34	16.42113994	24.86518791	27.89720703
673.72	16.48203476	24.92994775	27.92519899
674.1	16.55441248	24.95700904	27.9761815
674.49	16.64141141	24.98823239	28.03975564
674.87	16.73091488	25.04007126	28.06510542
675.26	16.77115987	24.97860357	28.06596374
675.64	16.83506202	24.9729723	28.06303538
676.02	16.86552228	24.97742652	28.04767017
676.41	16.91163923	25.00188215	28.09087031
676.79	16.96334539	25.00307906	28.10576374
677.17	17.03401391	25.04517906	28.16341478
677.56	17.08374382	25.01820408	28.16391989
677.94	17.15015451	25.01217128	28.17014568
678.33	17.19339492	24.99116157	28.16339982
678.71	17.21512058	24.96335652	28.10876744
679.09	17.29184259	25.00101127	28.15390022
679.48	17.39837337	25.03022377	28.23432356
679.86	17.44017201	25.0663204	28.24183021
680.24	17.50242513	25.06069163	28.23316252
680.62	17.61738352	25.09594915	28.23245002
681.01	17.71045239	25.12159868	28.23523863
681.39	17.7810917	25.13545356	28.26494206
681.77	17.91515099	25.23919299	28.30435463
682.16	17.99607744	25.26900101	28.28957515
682.54	18.09366977	25.3146059	28.29135584
682.92	18.22385928	25.39102789	28.33643612
683.3	18.31704257	25.43747547	28.37162051
683.69	18.42391065	25.45711013	28.35996307
684.07	18.5227841	25.51774975	28.40025496
684.45	18.6164285	25.59961865	28.46048738
684.83	18.72312363	25.68151842	28.48927807
685.21	18.85019831	25.7730143	28.59239641
685.6	18.96550823	25.83800232	28.61823976
685.98	19.07837125	25.92347164	28.6329143
686.36	19.20179895	25.97979708	28.66462422
686.74	19.32442214	26.0607944	28.67488553
687.12	19.41625733	26.12728749	28.71156631
687.51	19.54089176	26.20812064	28.74677496
687.89	19.66448802	26.26592725	28.7778438
688.27	19.76128057	26.3152957	28.78177244
688.65	19.90687939	26.36657608	28.76484862
689.03	20.00156323	26.41399703	28.73367548
689.41	20.08798978	26.4706351	28.66599738
689.79	20.23275502	26.57541577	28.67029079
690.18	20.33261731	26.65221278	28.7068885
690.56	20.46474256	26.74535819	28.70582793
690.94	20.60673043	26.81443078	28.70441819
691.32	20.75498323	26.86844171	28.74078076
691.7	20.91306644	26.93919177	28.73557799
692.08	21.03122611	27.02980514	28.76738048
692.46	21.14561129	27.12650558	28.75512244
692.84	21.30532379	27.2172943	28.74244752
693.22	21.46395808	27.32974764	28.8249649
693.6	21.60648419	27.45913354	28.85641954
693.98	21.75489179	27.58039091	28.84938429
694.36	21.87470223	27.67486939	28.84143669
694.74	21.99039781	27.75007625	28.88785103
695.12	22.13026784	27.88775588	28.95224805
695.5	22.31747841	28.00700747	29.04059566
695.88	22.50715029	28.13149949	29.11509433
696.26	22.66181996	28.23350671	29.19715369
696.64	22.83242889	28.37486254	29.22703583
697.02	22.96319706	28.47149387	29.25866942
697.4	23.06958153	28.57638112	29.26835669
697.78	23.1774716	28.7575688	29.31521892
698.16	23.28429812	28.87813264	29.32216246
698.54	23.43516446	29.02145609	29.32151404
698.92	23.55016859	29.16938405	29.35504461
699.3	23.70744519	29.3472539	29.41632757
699.68	23.86005806	29.48202222	29.42730724
700.06	23.98238115	29.57931982	29.46258863
700.44	24.08783566	29.66380008	29.43990966
700.82	24.23458151	29.80972901	29.45931842
701.2	24.4052991	29.96333814	29.49747387
701.58	24.53260534	30.10177863	29.5355127
701.96	24.6263685	30.2661583	29.63375592
702.33	24.69068831	30.39997407	29.64728393
702.71	24.77918804	30.53865598	29.58943535
703.09	24.88997858	30.66277607	29.61333016
703.47	24.99588404	30.83871222	29.64234102
703.85	25.12166126	30.98560043	29.65608447
704.23	25.24719823	31.09613835	29.6152694
704.61	25.40404488	31.34960352	29.65248128
704.98	25.48567633	31.48702447	29.69306522
705.36	25.59767897	31.65196312	29.71101098
705.74	25.65625092	31.77043275	29.70715651
706.12	25.7283716	31.91849377	29.70418226
706.5	25.8067555	32.10163481	29.70769657
706.88	25.88821335	32.29256009	29.78653586
707.25	25.96156154	32.4863602	29.78338662
707.63	25.98698028	32.63883487	29.7526026
708.01	26.04745042	32.79107649	29.68994334
708.39	26.1254469	32.96289355	29.59954451
708.76	26.2036608	33.05849378	29.56342156
709.14	26.29982447	33.22880216	29.57538782
709.52	26.36796511	33.42893727	29.58020013
709.9	26.42573106	33.60872249	29.60292281
710.27	26.49030577	33.76695806	29.62641119
710.65	26.51782642	33.94306651	29.64847444
711.03	26.54267301	34.04056393	29.60729061
711.41	26.58537933	34.19956153	29.55202312
711.78	26.62120072	34.33816281	29.52413866
712.16	26.64065878	34.47048479	29.46978372
712.54	26.63326507	34.60547104	29.40301346
712.91	26.63605707	34.71944944	29.31071326
713.29	26.64119522	34.83355202	29.24145061
713.67	26.67504458	34.94336845	29.23915466
714.04	26.72126715	35.12678226	29.22340541
714.42	26.7464714	35.28493974	29.27291746
714.8	26.79790731	35.42508867	29.2615095
715.17	26.84103456	35.61501864	29.28579243
715.55	26.81215288	35.78240229	29.23418842
715.93	26.77000015	35.89431196	29.15384273
716.3	26.76780873	36.03419966	29.02413098
716.68	26.71674394	36.21002734	28.95610437
717.05	26.72961769	36.31521077	28.90759424
717.43	26.68586467	36.44833025	28.83130809
717.81	26.65003655	36.55025584	28.79035948
718.18	26.62440406	36.64787007	28.72801735
718.56	26.59435802	36.79652132	28.70611614
718.93	26.54484836	36.93191748	28.664445
719.31	26.53112574	37.07396341	28.67012633
719.68	26.52716623	37.28489426	28.62763479
720.06	26.48107806	37.4793934	28.59300031
720.43	26.43238527	37.60151667	28.55909253
720.81	26.37082412	37.78529775	28.51522267
721.19	26.26882387	37.93362646	28.46950219
721.56	26.1804106	38.13029671	28.37202413
721.94	26.09534357	38.2912958	28.35751796
722.31	26.05119924	38.47789895	28.35923996
722.69	25.99385087	38.59197764	28.36011195
723.06	25.9726193	38.78309032	28.31723568
723.43	25.89090455	39.00562869	28.25903545
723.81	25.84205673	39.11433649	28.21691626
724.18	25.80993256	39.29661455	28.14353018
724.56	25.71041679	39.47739701	28.07975071
724.93	25.64282695	39.66135045	28.02059875
725.31	25.56012113	39.75185783	27.94609166
725.68	25.46123011	39.94481298	27.89291803
726.06	25.35199274	40.02529827	27.84249428
726.43	25.18321233	40.07570194	27.72355003
726.8	25.10089721	40.21405731	27.63326193
727.18	24.97808517	40.30105689	27.5
727.55	24.91144612	40.43618045	27.41089314
727.93	24.84163983	40.52257295	27.34482264
728.3	24.75395499	40.62077366	27.23736199
728.67	24.62475374	40.67966478	27.08605647
729.05	24.51923453	40.73087309	26.97593238
729.42	24.40071293	40.74275762	26.85090861
729.8	24.28132181	40.74705253	26.73359136
730.17	24.1800198	40.85220505	26.67609272
730.54	24.0658046	40.91867856	26.61581947
730.92	23.98811822	40.99702955	26.54506488
731.29	23.87873413	41.07389688	26.45483694
731.66	23.82865363	41.2045788	26.38365808
732.03	23.73403919	41.27733881	26.28555626
732.41	23.66060257	41.42050728	26.24484055
732.78	23.63076874	41.58185172	26.19811711
733.15	23.51269453	41.70423194	26.16314045
733.53	23.42161663	41.81849612	26.13141817
733.9	23.2696341	41.82407219	26.05046056
734.27	23.13347972	41.84158737	25.95156486
734.64	23.04179088	41.86946076	25.85216909
735.02	22.93856309	41.9066651	25.76814259
735.39	22.82147763	42.04629284	25.7238604
735.76	22.7049572	42.1411275	25.7141006
736.13	22.59642478	42.28398721	25.68377186
736.51	22.43196121	42.35035854	25.59109943
736.88	22.32779059	42.44547034	25.54911529
737.25	22.19579536	42.51571774	25.4728346
737.62	22.08344341	42.56367355	25.39130406
737.99	21.96367625	42.6484093	25.35214726
738.37	21.8772511	42.63885675	25.27587571
738.74	21.75533723	42.66778548	25.13838782
739.11	21.60894655	42.70587791	25.0217241
739.48	21.53116177	42.76521628	24.89607815
739.85	21.45407538	42.83200308	24.78746902
740.22	21.39733817	42.94153035	24.71910668
740.6	21.32994781	43.09014366	24.6988181
740.97	21.23734157	43.18022559	24.62175867
741.34	21.13662917	43.31512409	24.56087577
741.71	21.06690204	43.37136507	24.48174944
742.08	20.98169982	43.47812262	24.36526731
742.45	20.88326795	43.51350626	24.23927671
742.82	20.83824559	43.59332439	24.1571584
743.19	20.74659326	43.61664799	24.05646065
743.56	20.68716137	43.74013041	24.0172956
743.94	20.58927374	43.80237463	23.93238055
744.31	20.48841512	43.85854428	23.83451435
744.68	20.40012384	44.00592523	23.79412917
745.05	20.32108415	44.1006709	23.73376172
745.42	20.26748918	44.15758647	23.65467512
745.79	20.18229189	44.18486445	23.61893664
746.16	20.10231953	44.23203989	23.58083677
746.53	20.02892288	44.25600923	23.48367786
746.9	19.96180326	44.30002562	23.36187052
747.27	19.91531506	44.34896918	23.32406782
747.64	19.85827175	44.43806977	23.25462661
748.01	19.77009918	44.60318465	23.21245873
748.38	19.71641294	44.62341266	23.14875292
748.75	19.69782201	44.77210567	23.08850733
749.12	19.63564219	44.8481283	23.04425329
749.49	19.59351406	44.89230192	22.94085805
749.86	19.5322859	44.87028104	22.81549015
750.23	19.47199109	44.84919098	22.72580565
750.6	19.40216502	44.87674166	22.62160471
750.97	19.33977571	44.84907376	22.51377325
751.34	19.25871469	44.83325463	22.44408431
751.7	19.19885366	44.82255233	22.36706893
752.07	19.09852145	44.81410691	22.24441835
752.44	19.02191727	44.80613035	22.12058998
752.81	18.92207506	44.84302747	22.02181768
753.18	18.84024451	44.80428313	21.88201877
753.55	18.73608789	44.89021548	21.78285068
753.92	18.68801401	44.91101638	21.75674055
754.29	18.61448285	44.80244368	21.64358261
754.66	18.53760911	44.76581179	21.54882216
755.02	18.47353742	44.69164379	21.46947386
755.39	18.36155347	44.63860221	21.36335748
755.76	18.2677931	44.66184173	21.30988745
756.13	18.18558097	44.70723932	21.24517799
756.5	18.1422201	44.80659522	21.22952622
756.87	18.07273583	44.81397103	21.16027353
757.23	18.03914064	44.93518365	21.04798658
757.6	18.00417209	45.02931812	20.9778537
757.97	17.93860238	45.08069209	20.93163369
758.34	17.91897462	45.18238566	20.88673875
758.71	17.89196588	45.23640092	20.86047267
759.07	17.85000075	45.28332855	20.80591485
759.44	17.77544298	45.31368317	20.79603968
759.81	17.75575037	45.29026399	20.78018065
760.18	17.67107779	45.17899784	20.67736626
760.54	17.65727559	45.22013143	20.62289932
760.91	17.62079505	45.26678867	20.60629868
761.28	17.55418357	45.39307075	20.59775994
761.65	17.55869237	45.43943809	20.55732759
762.01	17.54999639	45.42155771	20.50130027
762.38	17.51309885	45.39699882	20.41129203
762.75	17.49497169	45.37327198	20.32966063
763.11	17.48504195	45.46126637	20.3050007
763.48	17.37980916	45.41334704	20.25639663
763.85	17.33073812	45.33974519	20.17312811
764.21	17.3426278	45.30341258	20.1270191
764.58	17.3060483	45.24767875	20.05354895
764.95	17.24670419	45.24173894	19.97204575
765.31	17.18834413	45.25226339	19.92480087
765.68	17.15857016	45.33827916	19.87877561
766.05	17.10702654	45.33486306	19.77940913
766.41	17.10280691	45.44343753	19.7354209
766.78	17.03503924	45.47899106	19.66083179
767.14	16.97134957	45.47650721	19.55608794
767.51	16.93346799	45.36452362	19.47050662
767.88	16.9116449	45.35875716	19.42894961
768.24	16.8621911	45.40277091	19.39052078
768.61	16.83144006	45.44153994	19.40247322
768.97	16.76670521	45.4994891	19.37362205
769.34	16.71357903	45.48585556	19.28395269
769.71	16.70095619	45.44896627	19.24641299
770.07	16.65563393	45.41838191	19.21205602
770.44	16.58965436	45.41949587	19.20198932
770.8	16.53385792	45.42287606	19.14294736
771.17	16.51690549	45.39411384	19.09788707
771.53	16.51428739	45.3381182	19.09080601
771.9	16.49448267	45.26297384	19.10673582
772.26	16.44100091	45.25278996	19.06079155
772.63	16.3490518	45.19311392	19.00134537
772.99	16.31011227	45.11188187	18.98103909
773.36	16.27799388	45.15586171	18.98162001
773.72	16.25011962	45.15231098	18.93206877
774.09	16.21040885	45.1293813	18.9119662
774.45	16.20581701	45.15814431	18.9024117
774.82	16.2023039	45.16794198	18.91176929
775.18	16.2047936	45.14845844	18.87299687
775.54	16.2048518	45.12551055	18.89164432
775.91	16.19476069	45.12548335	18.8888194
776.27	16.18691103	45.15790499	18.85274102
776.64	16.12990122	45.13848005	18.78327855
777	16.13211104	45.09944064	18.77354729
777.37	16.11533699	45.05528584	18.725117
777.73	16.07668488	45.0806686	18.63605273
778.09	16.07558745	45.08276278	18.52593526
778.46	16.05411693	45.01014747	18.50138415
778.82	16.10228715	45.00594898	18.47922721
779.19	16.08480186	44.96818932	18.45440913
779.55	16.10531003	44.85917845	18.41945898
779.91	16.09364044	44.793188	18.41254316
780.28	16.0645063	44.75219704	18.34019745
780.64	15.99649213	44.64847237	18.20080116
781	15.96644132	44.53491613	18.11363922
781.37	15.90846659	44.4182004	18.06012762
781.73	15.84314768	44.26390153	17.99314272
782.09	15.80697295	44.17460826	17.93732196
782.45	15.78279113	44.09019514	17.8971216
782.82	15.79151543	44.09278584	17.87908348
783.18	15.77405381	44.07729138	17.85932513
783.54	15.714109	44.00037568	17.84631102
783.91	15.7155155	43.87440846	17.87868046
784.27	15.64722321	43.77877306	17.88382971
784.63	15.64781891	43.79767134	17.90025332
784.99	15.60568582	43.77458169	17.88532781
785.36	15.61977835	43.76542327	17.8517444
785.72	15.60062659	43.74370819	17.81722474
786.08	15.58989294	43.75200612	17.79331798
786.44	15.57991771	43.72570557	17.81417634
786.81	15.57324856	43.71082631	17.83326443
787.17	15.53540152	43.70526025	17.76905723
787.53	15.56335474	43.74445282	17.74548352
787.89	15.58664856	43.7922673	17.72739447
788.25	15.59530719	43.74931052	17.70620992
788.61	15.61909569	43.68620947	17.6930843
788.98	15.60644798	43.611725	17.66044113
789.34	15.57578207	43.4951134	17.65842368
789.7	15.57520974	43.5082647	17.65100639
790.06	15.55874187	43.52225457	17.60839074
790.42	15.58840869	43.51463533	17.59186921
790.78	15.57764563	43.4814096	17.56049409
791.14	15.61670028	43.4913528	17.53973136
791.51	15.61769624	43.47031942	17.51928668
791.87	15.64586508	43.4349276	17.47517818
792.23	15.66434527	43.37004473	17.41900957
792.59	15.66902116	43.30245768	17.34231305
792.95	15.68931388	43.15522745	17.27431231
793.31	15.734227	43.19152897	17.28919652
793.67	15.71911699	43.14560953	17.25330845
794.03	15.72819908	43.13681785	17.25749574
794.39	15.72682657	43.12561288	17.24757717
794.75	15.72504203	43.07673294	17.23838816
795.11	15.74682838	43.02266358	17.23757806
795.47	15.75895371	43.00077178	17.15094248
795.83	15.75296409	42.91656172	17.13524493
796.19	15.76101848	42.89108966	17.10619328
796.55	15.72229291	42.87358298	17.03907477
796.91	15.74126709	42.73275392	16.96356617
797.27	15.70703613	42.57183866	16.90303914
797.63	15.67475979	42.47779381	16.85969497
797.99	15.64683852	42.42818308	16.8341754
798.35	15.64286712	42.31226712	16.85214304
798.71	15.67348315	42.24516854	16.83797753
799.07	15.6857698	42.21184149	16.83088314
799.43	15.69244264	42.08554293	16.76106132
799.79	15.6591788	42.00728262	16.75422937
800.15	15.64386029	41.92630496	16.72597472
800.51	15.63530463	41.82717495	16.68046121
800.87	15.59997185	41.82430323	16.64980714
801.23	15.62678013	41.76321348	16.61401141
801.59	15.66927963	41.74313932	16.61362037
801.95	15.70777072	41.69867589	16.58717044
802.31	15.73344535	41.64192683	16.60013756
802.66	15.7516391	41.54316401	16.64016302
803.02	15.76109381	41.47719129	16.62714286
803.38	15.78096028	41.44068054	16.66724565
803.74	15.80943043	41.38443417	16.69056415
804.1	15.80100051	41.30325891	16.72604501
804.46	15.78983836	41.29028766	16.67586909
804.82	15.79067992	41.29905061	16.7056931
805.17	15.77088741	41.34473868	16.73218689
805.53	15.73456418	41.25172061	16.73116941
805.89	15.79575605	41.1781242	16.70396824
806.25	15.81221815	41.0721431	16.70678822
806.61	15.83648112	41.04185382	16.72615891
806.97	15.87575963	41.027577	16.75280649
807.32	15.86310007	41.00952319	16.73112967
807.68	15.82917134	40.86533353	16.73393087
808.04	15.83249145	40.83884634	16.72369779
808.4	15.79771445	40.71915537	16.66670291
808.75	15.81476428	40.55072785	16.61389203
809.11	15.81346401	40.52950494	16.62312591
809.47	15.85252752	40.51957971	16.58705306
809.83	15.90341928	40.54683082	16.56452433
810.18	15.91571529	40.56665772	16.54800347
810.54	15.9386151	40.50918086	16.53428372
810.9	15.93652961	40.4003335	16.48536334
811.25	15.95526516	40.26727729	16.45577949
811.61	16.0001143	40.22899069	16.43708251
811.97	16.00997968	40.16026495	16.43585548
812.33	16.0292638	40.08097523	16.35598277
812.68	16.01737314	39.95271868	16.29226456
813.04	16.02638164	39.84247602	16.25173028
813.4	16.03693078	39.76321784	16.24861906
813.75	16.07023371	39.76737458	16.23497508
814.11	16.11171188	39.7194598	16.23908943
814.46	16.13429254	39.67603353	16.21582699
814.82	16.12236232	39.7068338	16.22285611
815.18	16.15928396	39.61414719	16.21895421
815.53	16.15390948	39.50377476	16.23267539
815.89	16.13543285	39.37001028	16.2326356
816.25	16.17492274	39.25884212	16.20754924
816.6	16.15280766	39.17873607	16.21728725
816.96	16.13372126	39.09370493	16.23421633
817.31	16.1803104	39.11764242	16.24744581
817.67	16.24808925	39.05290039	16.26524931
818.02	16.25880411	39.05735249	16.27463173
818.38	16.23382953	39.05961343	16.29729871
818.74	16.24984353	39.1335814	16.3249468
819.09	16.25678668	39.10882171	16.37627325
819.45	16.29345709	39.08553192	16.36331261
819.8	16.31273579	39.05578219	16.34984298
820.16	16.27895254	38.93783209	16.32065291
820.51	16.28973295	38.86857922	16.32002534
820.87	16.32974456	38.81007065	16.32238768
821.22	16.36021484	38.85369414	16.36252101
821.58	16.35096766	38.77125741	16.30984477
821.93	16.32743168	38.72780525	16.24929784
822.29	16.35281127	38.69761779	16.1893827
822.64	16.39223066	38.72317151	16.1850421
823	16.38971096	38.76569454	16.12248112
823.35	16.33356417	38.66689751	16.09164358
823.7	16.24770689	38.64973268	16.07118928
824.06	16.20933031	38.5270977	16.01726292
824.41	16.26795258	38.43883933	16.01953018
824.77	16.32641182	38.33105928	16.05212791
825.12	16.34107043	38.23113208	15.98519522
825.48	16.34977335	38.20744324	15.97381411
825.83	16.35757425	38.13638859	15.93851626
826.18	16.3888458	38.1660532	15.87316138
826.54	16.41869375	38.13424897	15.81998155
826.89	16.44100535	38.13040303	15.79935458
827.24	16.4332133	38.09529428	15.74559561
827.6	16.43872891	38.11111374	15.72841493
827.95	16.43479993	38.07379906	15.72876807
828.31	16.40032824	37.99390007	15.77136162
828.66	16.37260766	37.85291828	15.73132642
829.01	16.42378458	37.72831988	15.75624596
829.37	16.46787991	37.62160168	15.74827105
829.72	16.50226221	37.54074031	15.74650686
830.07	16.54636997	37.53039615	15.75914903
830.42	16.55226975	37.60001161	15.7320959
830.78	16.52194974	37.59806237	15.68392371
831.13	16.51949651	37.59322864	15.64059618
831.48	16.49536753	37.52190214	15.63164183
831.84	16.49483034	37.57023597	15.67069588
832.19	16.50276208	37.52675537	15.68169518
832.54	16.50959108	37.54922899	15.73270372
832.89	16.50497378	37.57440989	15.76210483
833.25	16.48543661	37.53560023	15.74899924
833.6	16.50179901	37.46890147	15.74403552
833.95	16.51118846	37.3684734	15.78766783
834.3	16.48897123	37.3949433	15.76287522
834.65	16.49429646	37.4112825	15.76446478
835.01	16.46854292	37.37156391	15.74038147
835.36	16.44897402	37.42629188	15.76027366
835.71	16.45467547	37.43571798	15.79740133
836.06	16.44703394	37.4555142	15.80796372
836.41	16.41241398	37.36470277	15.78081466
836.77	16.41793332	37.33197088	15.75935624
837.12	16.41094781	37.28539865	15.79219874
837.47	16.39243015	37.26974683	15.77842169
837.82	16.37226592	37.22529994	15.78906551
838.17	16.32694834	37.18004855	15.82533806
838.52	16.33007336	37.09913047	15.83030819
838.87	16.29990303	37.05010256	15.79557596
839.23	16.29887204	36.98397135	15.82656912
839.58	16.27804079	36.96062381	15.83402088
839.93	16.2715925	36.98682332	15.75694783
840.28	16.25960365	36.8583954	15.73520993
840.63	16.2887398	36.84439585	15.76333887
840.98	16.29473264	36.78059091	15.74951564
841.33	16.3007231	36.71043578	15.70916779
841.68	16.27710675	36.63991053	15.60341121
842.03	16.30891181	36.56454801	15.58449461
842.38	16.34071946	36.46086908	15.62927233
842.73	16.33591526	36.4126542	15.64361392
843.08	16.3431896	36.38067533	15.65015815
843.43	16.3290232	36.31382992	15.65418366
843.78	16.31837713	36.21465806	15.65080349
844.13	16.32664637	36.13362757	15.63301037
844.48	16.2773195	36.12468494	15.61891716
844.83	16.30459242	36.0092396	15.61162216
845.18	16.29990941	35.932599	15.6105563
845.53	16.30584141	35.92890764	15.68080555
845.88	16.34581422	35.90854952	15.6848518
846.23	16.32930103	35.89166271	15.66837338
846.58	16.32180752	35.8641611	15.62888636
846.93	16.3242672	35.92923958	15.62579981
847.28	16.30946374	35.87387194	15.59643652
847.63	16.2905023	35.83777791	15.64794001
847.98	16.26031772	35.70920956	15.61989299
848.33	16.22778771	35.72070217	15.55558012
848.68	16.19951549	35.70854407	15.50783527
849.03	16.17425006	35.71817005	15.41016008
849.38	16.16106783	35.64781774	15.36967179
849.72	16.1622311	35.59955153	15.31983703
850.07	16.17101757	35.55448183	15.29246104
850.42	16.19318733	35.47425932	15.24225952
850.77	16.13779616	35.45492679	15.21441409
851.12	16.1118338	35.40837389	15.16697911
851.47	16.10453454	35.33467066	15.04602053
851.82	16.02663229	35.37950455	15.0596598
852.16	16.01241207	35.41511633	15.06213055
852.51	15.95780955	35.35944452	15.06508072
852.86	15.91342285	35.34781933	15.04878083
853.21	15.89710005	35.35583929	15.04515211
853.56	15.87099986	35.39357149	15.01560029
853.9	15.82992312	35.49772132	15.01374012
854.25	15.81144854	35.47657632	15.01171967
854.6	15.76774533	35.47692598	15.06116711
854.95	15.72478251	35.43691135	15.11337983
855.3	15.74561112	35.54857049	15.14471527
855.64	15.65411561	35.58269593	15.08183143
855.99	15.61674501	35.62561799	15.08494579
856.34	15.56528327	35.66508269	15.12695542
856.69	15.58342227	35.70562353	15.09484992
857.03	15.54578609	35.79422714	15.10965865
857.38	15.52128435	35.83107184	15.14422303
857.73	15.49732957	35.73265688	15.12402743
858.07	15.49505841	35.70003213	15.09772654
858.42	15.50943363	35.71308301	15.07164949
858.77	15.47186812	35.62996268	15.06522068
859.12	15.44453142	35.68960334	15.0760604
859.46	15.40586694	35.67999142	15.07386579
859.81	15.34831952	35.70263809	15.1143412
860.16	15.30216675	35.66188265	15.14566425
860.5	15.27260372	35.58175406	15.04349212
860.85	15.20888377	35.58781795	15.01125234
861.19	15.13614418	35.51087615	15.01250011
861.54	15.12924488	35.43039859	15.01390428
861.89	15.09554739	35.37968674	14.99604098
862.23	15.09298802	35.35495789	14.95947301
862.58	15.02554866	35.3470551	14.99007715
862.93	15.02121987	35.25134444	14.97893334
863.27	14.97504823	35.25545274	14.93762825
863.62	14.95521517	35.27139762	14.88085544
863.96	14.89656404	35.33505496	14.87686488
864.31	14.79102752	35.29946813	14.85762738
864.65	14.78843866	35.31768959	14.8354008
865	14.79683773	35.29263988	14.86010787
865.35	14.81196136	35.23622968	14.89056423
865.69	14.83009625	35.11406684	14.86387993
866.04	14.7956156	35.22557796	14.85275972
866.38	14.82542113	35.26956314	14.91426213
866.73	14.80682288	35.28874679	14.92371802
867.07	14.78977051	35.28044864	14.8798032
867.42	14.79647632	35.28370886	14.91763085
867.76	14.77696623	35.3168502	14.91185731
868.11	14.72664072	35.31901261	14.90476877
868.45	14.69402594	35.28168402	14.90314548
868.8	14.64847598	35.35911424	14.88619517
869.14	14.65561146	35.35687755	14.89436243
869.48	14.65635061	35.42177006	14.98514239
869.83	14.66768851	35.36129643	15.02009295
870.17	14.71167666	35.37268419	15.01359969
870.52	14.67435646	35.42358269	15.02713559
870.86	14.55287486	35.39168341	14.9818449
871.21	14.4687327	35.50258779	14.97800132
871.55	14.41922253	35.55935637	14.91207386
871.89	14.39269023	35.50654395	14.88902435
872.24	14.32332297	35.5084641	14.92468003
872.58	14.36381159	35.50102922	14.93869985
872.93	14.33998037	35.5390776	14.94722069
873.27	14.28281262	35.64829704	14.91653605
873.61	14.2321526	35.60156888	14.91082658
873.96	14.18379296	35.53873568	14.88909631
874.3	14.15288448	35.54290417	14.7976969
874.64	14.1417759	35.56028528	14.79666145
874.99	14.13425266	35.55674119	14.82648116
875.33	14.13642702	35.45841713	14.8367556
875.67	14.07880227	35.39815104	14.82085866
876.02	14.02332331	35.44467184	14.8309077
876.36	14.02961511	35.52013405	14.85360356
876.7	13.99252629	35.57208656	14.86781959
877.05	13.97501755	35.53835892	14.86480352
877.39	13.90056601	35.59797234	14.88836278
877.73	13.85247554	35.54760297	14.85888672
878.07	13.82764535	35.5852097	14.80912019
878.42	13.74590652	35.56082942	14.75221734
878.76	13.69066966	35.49873383	14.70788881
879.1	13.67160502	35.44618845	14.68505925
879.44	13.64628154	35.40383834	14.66787446
879.79	13.6188036	35.48405749	14.69934553
880.13	13.57537863	35.48872017	14.75619365
880.47	13.50094908	35.39567978	14.72946731
880.81	13.38868499	35.40249485	14.72210126
881.15	13.3394725	35.43752545	14.64337209
881.5	13.35444971	35.46630761	14.65233402
881.84	13.38220497	35.48574946	14.6596492
882.18	13.34201142	35.46819283	14.62381214
882.52	13.33345627	35.41684339	14.64788213
882.86	13.31561114	35.36536356	14.56034333
883.2	13.29062395	35.29860341	14.56822142
883.55	13.3067388	35.3870907	14.62933099
883.89	13.28833229	35.43887072	14.60518409
884.23	13.28869251	35.52115157	14.65371419
884.57	13.30932467	35.56881725	14.68054598
884.91	13.30632527	35.57065288	14.70784475
885.25	13.28289151	35.69959418	14.76365087
885.59	13.3257769	35.6967484	14.81072619
885.93	13.30166183	35.68867087	14.87024881
886.27	13.31385904	35.74146588	14.86394395
886.62	13.34242056	35.7756166	14.81940061
886.96	13.29599607	35.83094939	14.83881366
887.3	13.24564579	35.92446731	14.82094994
887.64	13.16283153	35.85091231	14.80786674
887.98	13.08459829	35.76757569	14.78187486
888.32	13.13091612	35.85827156	14.71910153
888.66	13.2122621	35.9479878	14.81330815
889	13.20427497	35.90871975	14.7701735
889.34	13.15812131	35.79362004	14.71723564
889.68	13.12200041	35.70248407	14.69626853
890.02	13.0845654	35.63771744	14.6686066
890.36	13.0486789	35.65442752	14.66418893
890.7	13.02617459	35.73758608	14.69202396
891.04	12.99354574	35.6897419	14.67335473
891.38	12.91611562	35.74121092	14.63609553
891.72	12.94785686	35.79182293	14.60756687
892.06	12.92215156	35.79211303	14.64280432
892.4	12.89557741	35.76835944	14.64603825
892.74	12.89104601	35.76525617	14.67606844
893.08	12.8424826	35.71940676	14.63414634
893.41	12.804463	35.8127785	14.59808428
893.75	12.79716813	35.81936367	14.62433759
894.09	12.72184823	35.77320018	14.67745076
894.43	12.61149507	35.68849833	14.64559597
894.77	12.59645109	35.71202548	14.70437894
895.11	12.54678453	35.7672315	14.7360395
895.45	12.52465449	35.79362236	14.82678373
895.79	12.53277217	35.86482066	14.85590663
896.13	12.50698225	35.89100409	14.83497611
896.46	12.46769333	35.88695866	14.81903075
896.8	12.44466374	35.92828628	14.80682771
897.14	12.45931278	35.93296189	14.79176047
897.48	12.36236562	35.94050019	14.76508459
897.82	12.32774827	35.94060791	14.69142247
898.16	12.28127344	35.89203097	14.68586538
898.49	12.26186902	35.87474656	14.61998563
898.83	12.24557779	35.92110178	14.63459772
899.17	12.26124793	35.94653167	14.69266833
899.51	12.25668637	35.99537624	14.69430108
899.85	12.25370728	35.99651159	14.64015657
900.18	12.20950832	36.04543261	14.58237023
900.52	12.17472463	36.07267165	14.58453369
900.86	12.14442858	36.01141993	14.55605005
901.2	12.10279481	36.01740512	14.47689095
901.53	12.05339668	35.99223808	14.42078322
901.87	12.07382705	36.06494319	14.4352759
902.21	12.10044363	36.01807985	14.42403951
902.54	12.09875053	36.03609946	14.39989004
902.88	12.05838024	35.99387732	14.37788049
903.22	12.09786797	36.01292342	14.35475457
903.56	12.07106049	36.05229233	14.37197702
903.89	12.02457587	36.14386733	14.38504675
904.23	12.00823754	36.18676255	14.37416654
904.57	12.00146075	36.16871633	14.38329067
904.9	11.95944555	36.13281448	14.33344696
905.24	11.934495	36.16095668	14.29718036
905.58	11.91678428	36.13975282	14.31785951
905.91	11.9163167	36.0493586	14.31958482
906.25	11.93109939	36.16168568	14.33843746
906.58	11.95990029	36.28353903	14.35654783
906.92	11.99370769	36.37846103	14.36214034
907.26	12.02680705	36.45017349	14.42340043
907.59	11.96492145	36.42148561	14.4715988
907.93	11.90007421	36.4077818	14.44091644
908.26	11.85434208	36.38367239	14.46795113
908.6	11.84139735	36.48382065	14.49830982
908.94	11.80790712	36.53600896	14.54329566
909.27	11.78936879	36.58151351	14.54359962
909.61	11.79814318	36.54214446	14.51049247
909.94	11.7323926	36.49576907	14.49969331
910.28	11.71517612	36.50874391	14.49857744
910.61	11.65177375	36.53545285	14.50252665
910.95	11.63609784	36.57753829	14.54078771
911.28	11.61685871	36.64045913	14.52047698
911.62	11.55327649	36.78877391	14.59521056
911.95	11.52589254	36.78020796	14.55684748
912.29	11.4941073	36.84077209	14.56043486
912.62	11.45406615	36.880427	14.56397212
912.96	11.41402191	36.81943659	14.51399962
913.29	11.38322837	36.79733105	14.49677204
913.63	11.36253268	36.90283073	14.52286731
913.96	11.39019035	37.00316385	14.5056275
914.3	11.33527822	36.98699515	14.47878256
914.63	11.27960701	36.97117608	14.43490716
914.97	11.23612335	36.98616776	14.4386815
915.3	11.19581219	37.06748539	14.43178202
915.63	11.21244428	37.15373437	14.46847589
915.97	11.1935526	37.16898268	14.44692947
916.3	11.27857429	37.2126605	14.46108432
916.64	11.239823	37.20892977	14.44235199
916.97	11.19054342	37.18182891	14.45259023
917.3	11.21996483	37.19811976	14.4481728
917.64	11.19244486	37.21355397	14.42263658
917.97	11.14336782	37.20702667	14.36422394
918.31	11.08648815	37.19117194	14.34903047
918.64	11.03743199	37.24601023	14.34207414
918.97	11.01769507	37.29698143	14.29521009
919.31	11.02189273	37.32616164	14.28655234
919.64	10.95042764	37.31092252	14.26651341
919.97	10.91332551	37.29574998	14.22915739
920.3	10.91543446	37.41817578	14.20501744
920.64	10.95363929	37.43731909	14.20100141
920.97	10.91692024	37.37121541	14.21321117
921.3	10.81767886	37.42228572	14.13869697
921.64	10.78978049	37.41949662	14.13916794
921.97	10.6789827	37.37885946	14.07892238
922.3	10.6662545	37.40507484	14.07629767
922.63	10.69386476	37.49883442	14.06938275
922.97	10.67901673	37.55048816	14.06195705
923.3	10.64849719	37.58763095	14.08659382
923.63	10.6477911	37.60378615	14.10062037
923.96	10.68433519	37.5704651	14.10281032
924.3	10.65346744	37.52699072	14.08491572
924.63	10.65553005	37.57699274	14.13414602
924.96	10.60124123	37.5632651	14.10958748
925.29	10.62008514	37.6049549	14.09810121
925.62	10.65295508	37.68229395	14.16689897
925.96	10.62572568	37.56844893	14.19484137
926.29	10.51555409	37.48748422	14.18991756
926.62	10.51461696	37.58335413	14.19928211
926.95	10.51048975	37.51617722	14.24939611
927.28	10.49753142	37.5890789	14.24684249
927.61	10.46876029	37.60812554	14.27973767
927.94	10.4288609	37.55828922	14.21537552
928.28	10.38355427	37.51995036	14.18046445
928.61	10.33454514	37.4894831	14.13745739
928.94	10.31466541	37.51212139	14.12676913
929.27	10.30301597	37.49206687	14.17162364
929.6	10.25901976	37.5200472	14.20708117
929.93	10.27131089	37.59968816	14.26559908
930.26	10.24069725	37.53593315	14.22454179
930.59	10.23801225	37.52869488	14.2178367
930.92	10.19624419	37.57381801	14.30710706
931.25	10.17583013	37.66338779	14.26249591
931.58	10.17695345	37.79159177	14.27272985
931.91	10.19823905	37.97699106	14.26415833
932.24	10.1949586	38.06602708	14.28313166
932.58	10.18290385	38.19448183	14.35114061
932.91	10.16114872	38.26335521	14.3810566
933.24	10.19677548	38.38439179	14.46184731
933.57	10.20166223	38.5142492	14.55692744
933.9	10.212854	38.61815909	14.60167463
934.23	10.22803843	38.64533053	14.62522619
934.55	10.18044467	38.68704937	14.61954513
934.88	10.21504231	38.77283093	14.58238315
935.21	10.21000578	38.78021108	14.54884079
935.54	10.16529957	38.7888355	14.47779876
935.87	10.16051566	38.84496168	14.46110748
936.2	10.11145288	38.99809545	14.43160767
936.53	10.12384561	39.00723411	14.27204273
936.86	10.07933355	38.95464846	14.27610868
937.19	10.0557314	38.89684218	14.25156621
937.52	10.12207282	38.89330598	14.24768615
937.85	10.12202678	38.81084311	14.26926744
938.18	10.14206736	38.72822185	14.18867426
938.51	10.16556834	38.74104333	14.14699777
938.83	10.16240147	38.74701125	14.03767927
939.16	10.20021609	38.63774805	13.96977417
939.49	10.16603891	38.5562415	13.90938064
939.82	10.15291695	38.52854852	13.82238761
940.15	10.2026721	38.51577111	13.76546726
940.48	10.14829526	38.52569385	13.7464705
940.81	10.06737491	38.50039991	13.67064469
941.13	10.03260313	38.51385973	13.69285951
941.46	10.01634262	38.50257886	13.6872869
941.79	10.05837634	38.38987351	13.76575407
942.12	10.04602459	38.2490467	13.86840548
942.45	10.09526092	38.20898411	13.90569768
942.77	10.08401419	38.16981315	13.92360581
943.1	10.01582594	38.09782382	13.93843198
943.43	10.00219562	38.10887449	13.88423034
943.76	10.03656402	38.15471413	13.87977527
944.08	9.980268332	38.05668969	13.91435797
944.41	9.979961439	38.08510941	14.01041247
944.74	9.876396199	38.1980995	14.02891233
945.07	9.829928232	38.29985608	14.07287697
945.39	9.842068135	38.31683311	14.05934322
945.72	9.771630501	38.31082742	14.05843984
946.05	9.747509239	38.26787366	14.07370812
946.38	9.771693939	38.29268886	14.11412872
946.7	9.800404552	38.21850706	14.08183657
947.03	9.811967816	38.18142736	14.07676637
947.36	9.795804524	38.23930946	13.98540832
947.68	9.777657667	38.30626735	13.96702946
948.01	9.719558905	38.33056458	13.90571776
948.34	9.688483557	38.29743996	13.87276647
948.66	9.642595481	38.22000488	13.81522221
948.99	9.603320433	38.17045756	13.80893493
949.31	9.516374389	38.13729083	13.8099135
949.64	9.509639543	38.25858848	13.78134928
949.97	9.442833001	38.21373622	13.70746841
950.29	9.512391709	38.27007791	13.7411352
950.62	9.567162121	38.29979525	13.7030437
950.95	9.528285895	38.29241857	13.68910943
951.27	9.529282611	38.20526432	13.71435345
951.6	9.517733061	38.21197014	13.67757601
951.92	9.534636799	38.35348958	13.67499676
952.25	9.531569713	38.49437957	13.67595683
952.57	9.537604048	38.76174062	13.70005815
952.9	9.512856278	38.77516646	13.65107772
953.22	9.501711758	38.86563626	13.59088191
953.55	9.471758129	38.90245265	13.60258722
953.87	9.482173855	38.91307251	13.53184671
954.2	9.53466297	38.9768699	13.55360466
954.53	9.557317565	39.00067195	13.5170004
954.85	9.554009489	38.91932446	13.5103334
955.17	9.558739814	38.88175051	13.49587149
955.5	9.498926076	38.84233708	13.44009135
955.82	9.454436614	38.80112106	13.37052053
956.15	9.386023739	38.80737797	13.32908059
956.47	9.383797139	38.823568	13.34459367
956.8	9.442057731	38.97585304	13.27725928
957.12	9.399119642	39.02830038	13.22575847
957.45	9.348780798	38.90977964	13.18554126
957.77	9.275257646	38.91274758	13.18869969
958.1	9.17405132	38.75870981	13.12639594
958.42	9.137451058	38.69791462	13.22082127
958.74	9.123708154	38.7444294	13.15870813
959.07	9.09162535	38.81738524	13.13797547
959.39	9.058684744	39.0010555	13.16102886
959.72	9.022449962	39.07199275	13.09798149
960.04	8.975037413	39.16002344	13.10265558
960.36	9.039641732	39.4432656	13.07187673
960.69	9.008217479	39.57769853	13.10719474
961.01	9.021623026	39.68994486	13.12335806
961.33	8.941142276	39.7052754	13.14983287
961.66	8.930998081	39.6228836	13.21773718
961.98	8.89221469	39.81395076	13.30692256
962.3	8.804857202	39.77895016	13.40505173
962.63	8.87613225	39.88187274	13.43534695
962.95	8.86649964	39.98940709	13.42263906
963.27	8.93858426	40.05637107	13.38124675
963.6	8.993162671	40.06362264	13.35293729
963.92	8.959483513	40.15627357	13.31704227
964.24	8.95738356	40.17351714	13.35888261
964.56	9.005677506	40.18398761	13.31572396
964.89	9.006810339	40.14204943	13.39244959
965.21	8.938108607	40.15480461	13.40320449
965.53	8.891450036	40.22525901	13.37467757
965.85	8.887899107	40.13923379	13.41147184
966.18	8.841867424	40.04580013	13.35348539
966.5	8.808588604	39.96556225	13.33206694
966.82	8.824343355	40.03702178	13.24850714
967.14	8.81098448	40.06079103	13.26445335
967.46	8.851881048	39.91570819	13.15709435
967.79	8.864057037	39.96771721	13.11566339
968.11	8.832793743	39.86811866	13.12363406
968.43	8.844900712	39.93912238	13.17817733
968.75	8.769485105	39.97099007	13.21218417
969.07	8.700820688	39.96961356	13.24734436
969.39	8.750709715	40.01390723	13.24057594
969.71	8.724531299	40.03061689	13.24788788
970.04	8.754232642	40.0148344	13.23680222
970.36	8.722104265	40.14193791	13.18412321
970.68	8.709713248	40.25179833	13.19948517
971	8.765351699	40.30088344	13.16743302
971.32	8.763409828	40.31938114	13.14080237
971.64	8.811495992	40.27548062	13.11579695
971.96	8.866619428	40.34888821	13.06407531
972.28	8.841717975	40.3243434	13.08845791
972.6	8.871380334	40.42225178	13.04341894
972.92	8.855873121	40.56474823	13.06778765
973.25	8.802493914	40.59299414	13.00269668
973.57	8.740835105	40.5720141	13.02644059
973.89	8.725102646	40.51590582	12.95878172
974.21	8.66519354	40.52516747	12.89357935
974.53	8.654553608	40.57640967	12.85605174
974.85	8.550552228	40.51850965	12.810694
975.17	8.491733054	40.59674694	12.79662395
975.49	8.381792234	40.64654469	12.76971904
975.81	8.351941557	40.56973268	12.70376897
976.13	8.348362158	40.48010806	12.63498998
976.45	8.305019946	40.43151767	12.63029569
976.77	8.236674902	40.45309319	12.54156735
977.09	8.234540678	40.607966	12.57632324
977.4	8.245771821	40.67022031	12.6125138
977.72	8.35386437	40.6338023	12.74885455
978.04	8.305406985	40.66890077	12.72035923
978.36	8.218597912	40.627856	12.70349593
978.68	8.213550825	40.63376857	12.67911257
979	8.229355248	40.77568528	12.64939416
979.32	8.210881129	40.78655321	12.67859964
979.64	8.295239745	40.66286609	12.65108783
979.96	8.230075768	40.78705351	12.66264486
980.28	8.280371129	40.89494075	12.64318824
980.6	8.341186476	40.80799258	12.6025697
980.91	8.432343361	40.76800468	12.54417913
981.23	8.425016043	40.72567863	12.54435948
981.55	8.489842109	40.76410904	12.57160131
981.87	8.534789688	40.74651168	12.61247926
982.19	8.513044496	40.67308817	12.6077292
982.51	8.466644307	40.6391127	12.52096187
982.82	8.435411374	40.61833105	12.39398085
983.14	8.325171401	40.72007835	12.25386876
983.46	8.223398001	40.72036057	12.17087987
983.78	8.244436595	40.76690608	12.11899996
984.1	8.278289075	40.74587266	12.13283052
984.41	8.230801531	40.67865094	12.14774087
984.73	8.178346793	40.60315208	12.14834065
985.05	8.209717231	40.66266271	12.13488024
985.37	8.291349598	40.63675107	12.16975715
985.69	8.283932245	40.65201304	12.19535996
986	8.237042602	40.61195992	12.23511543
986.32	8.172055361	40.61579608	12.27900337
986.64	8.279307924	40.63343932	12.28145518
986.95	8.234159161	40.59862113	12.27597449
987.27	8.152824644	40.55144812	12.22714371
987.59	8.094687149	40.68794284	12.31557879
987.91	8.099080599	40.68797451	12.27089529
988.22	8.112598378	40.59039642	12.37400337
988.54	8.183265218	40.54291245	12.37513444
988.86	8.306402003	40.58067702	12.44270775
989.17	8.237552908	40.50704717	12.51036349
989.49	8.170850651	40.37800838	12.47814282
989.81	8.174946862	40.36142984	12.34664809
990.12	8.210074266	40.40265122	12.35370842
990.44	8.08279546	40.47273537	12.37391498
990.75	8.039829202	40.2758092	12.31692206
991.07	7.989591623	40.05526097	12.25666843
991.39	7.911042365	40.11636795	12.24021799
991.7	7.860210679	40.3191826	12.25100592
992.02	7.674765848	40.38821773	12.20849735
992.33	7.626434436	40.37828276	12.17127047
992.65	7.593495194	40.48922698	12.07944245
992.97	7.638221319	40.49822846	11.9375246
993.28	7.552592674	40.50301645	11.94916577
993.6	7.550281466	40.53565999	11.91921798
993.91	7.552172347	40.56186315	11.81649376
994.23	7.494781762	40.51857693	11.74544274
994.54	7.453779872	40.33815752	11.65332813
994.86	7.509564991	40.34610838	11.56270073
995.17	7.47340948	40.45407347	11.61376627
995.49	7.415721894	40.41497985	11.56552042
995.8	7.427685267	40.42722192	11.63938612
996.12	7.377899616	40.43995165	11.58894695
996.43	7.454884879	40.51601168	11.55617251
996.75	7.466392094	40.51328438	11.42332009
997.06	7.513096356	40.34452374	11.34565666
997.38	7.588322052	40.3033766	11.35269239
997.69	7.541215678	40.19720608	11.26512716
998.01	7.568737095	40.18909493	11.2854306
998.32	7.456789143	40.17095714	11.31871296
998.63	7.445692884	40.27265918	11.2968789
998.95	7.305545779	40.28659058	11.31781387
999.26	7.174201656	40.25113253	11.30704448
999.58	7.184450178	40.14827808	11.27994371
999.89	7.258370897	40.32918853	11.22382972
1000.2	7.249403033	40.29708804	11.29120624
1000.52	7.215915594	40.36854756	11.23643439
1000.83	7.130219947	40.43528784	11.15228793
1001.15	7.102443342	40.35886251	11.0429771
1001.46	7.137028834	40.53641633	10.92225036
1001.77	7.053844596	40.65048451	10.86592685
1002.09	6.977492997	40.68325981	10.92292666
1002.4	6.879344722	40.41709328	10.82394784
1002.71	6.818452865	40.34151895	10.66948555
1003.03	6.865606384	40.49953544	10.70667323
1003.34	6.863489757	40.40927754	10.75591955
1003.65	6.900488854	40.46180621	10.82018823
1003.96	6.787128437	40.23534661	10.76236685
1004.28	6.850452918	40.19014693	10.72971972
1004.59	6.935299897	40.17640349	10.7050493
1004.9	6.888047913	40.20206153	10.63607332
1005.22	6.966194311	40.11890988	10.57014881
1005.53	6.913977127	40.18062606	10.53343664
1005.84	6.97766449	39.96764319	10.47406218
1006.15	7.069024181	40.02182305	10.46450235
1006.47	7.12541149	40.023362	10.30406003
1006.78	7.006490348	39.91623061	10.3050582
1007.09	7.045147725	39.87073343	10.34968878
1007.4	7.053493096	39.75747233	10.39696179
1007.71	7.021010899	39.95465622	10.37693529
1008.03	6.879172107	40.03636674	10.37184384
1008.34	6.848979091	40.13612116	10.24587651
1008.65	6.705352182	40.26050991	10.10556207
1008.96	6.563994287	39.99130597	9.902502639
1009.27	6.654660514	40.08679448	9.881314174
1009.58	6.665324964	40.13157067	9.749562899
1009.9	6.468303667	40.11157919	9.656280441
1010.21	6.428653281	40.2538866	9.632157272
1010.52	6.211569191	40.16235219	9.711728987
1010.83	6.155641924	40.10595041	9.688177422
1011.14	6.06158498	40.13361072	9.687423277
1011.45	6.021620075	40.11681605	9.562525204
1011.76	5.844045455	40.00078461	9.644178839
1012.07	5.873980258	39.83420536	9.587885657
1012.38	5.711211191	39.73403478	9.553226256
1012.69	5.606317278	39.88181782	9.458576211
1013.01	5.607989611	39.83426376	9.452856206
1013.32	5.753853207	39.9209806	9.478283148
1013.63	5.647234882	39.92245425	9.388476974
1013.94	5.696419042	39.82567288	9.352636116
1014.25	5.830498203	39.93746643	9.353865649
1014.56	5.890702626	40.08544511	9.283457883
1014.87	5.821623979	40.26189572	9.284498643
1015.18	5.768711735	40.11676634	9.342727673
1015.49	5.663460574	39.94524318	9.370296576
1015.8	5.694305694	40.15549668	9.25596143
1016.11	5.586714894	40.32832018	9.025143878
1016.42	5.573255487	40.47389713	8.809626128
1016.73	5.564264493	40.44878398	8.833848405
1017.04	5.630763194	40.58646866	8.745717692
1017.35	5.525476978	40.86229773	8.731260199
1017.66	5.546760931	40.84991931	8.69745639
1017.97	5.569781337	40.75763924	8.623927247
1018.27	5.425943625	40.95545493	8.587813171
1018.58	5.368056981	41.04139358	8.577204315
1018.89	5.329961349	40.917116	8.701945253
1019.2	5.34064062	40.90419633	8.715706916
1019.51	5.243512553	40.84292183	8.752170597
1019.82	5.29036033	40.46841224	8.888780535
1020.13	5.445423596	40.10522715	9.019237347
1020.44	5.509132831	40.1697382	8.969306494
1020.75	5.417893023	40.16146801	8.857720703
1021.05	5.363089617	39.99370413	8.862269497
1021.36	5.299504579	39.80550134	9.022669269
1021.67	5.25592695	39.64312641	8.968752618
1021.98	5.222731656	39.5909114	8.897423317
1022.29	5.118652718	39.60364038	8.884919622
1022.6	5.086888915	39.22731234	8.750405823
1022.9	4.935412485	39.40953459	8.781500352
1023.21	4.848913175	39.2825746	8.772171755
1023.52	4.92836974	39.03026314	8.729017617
1023.83	4.860615968	38.65363546	8.655200598
1024.14	4.965906501	38.61417378	8.58735473
1024.44	4.907748427	38.69279433	8.576664846
1024.75	4.788882004	38.78728866	8.478357086
1025.06	4.600189662	38.97904776	8.225232157
1025.37	4.339204269	38.95549026	7.984352184
1025.67	4.256053478	38.84579753	7.805489455
1025.98	4.252395522	38.73325883	7.872702955
1026.29	4.090262774	38.71438332	7.824127934
1026.6	4.082049758	38.83056799	7.731182995
1026.9	3.966550315	38.77886249	7.864035988
1027.21	3.96482365	38.71082421	7.886612405
1027.52	4.024103192	38.50296582	7.775162414
1027.82	3.968028486	38.69348637	7.820520105
1028.13	3.898990286	38.53581898	7.600636101
1028.44	3.886966774	38.63965827	7.404758683
1028.74	3.621593189	38.74267012	7.291889891
1029.05	3.547658781	38.73760675	7.167959164
1029.36	3.397952945	38.61202595	6.967479835
1029.66	3.288546649	38.26185326	6.757695437
1029.97	3.531393507	38.21164297	6.487256101
1030.28	3.34615927	38.12123532	6.464674953
1030.58	3.129384493	38.25006609	6.325870799
1030.89	3.117348094	38.37321756	6.327290685
1031.19	3.221540305	38.41671316	6.077325233
1031.5	3.315779614	38.31359407	5.884311971
1031.81	3.305733152	37.82203123	5.737344094
1032.11	3.323580795	37.51920689	5.676819129
1032.42	3.196813835	37.38845228	5.526803399
1032.72	3.114588483	37.32992283	5.362938761
1033.03	3.056502944	37.34494819	5.337475289
1033.33	3.113341333	37.20955602	5.207810625
1033.64	3.088981097	37.14900437	5.315155108
1033.94	3.335623573	37.2858441	5.166337906
1034.25	3.311228705	37.06209391	5.088530154
1034.55	3.171342798	36.81240548	5.058348193
1034.86	3.104995786	37.11643165	5.137025309
1035.16	2.817191977	36.80687679	5.127793696
1035.47	2.772686141	36.67138449	5.018677928
1035.77	2.702702703	36.57438879	4.868615363
1036.08	2.547274487	36.54241129	4.761679926
1036.38	2.341864411	36.49246063	4.781704782
1036.69	2.191556487	36.56527708	4.828649182
1036.99	2.13742683	36.97505526	4.748488013
1037.3	1.995417929	37.05318651	4.623949942
1037.6	1.888061374	37.10115326	4.665354821
1037.9	1.651957456	37.22561666	4.805008675
1038.21	1.742107265	37.17763408	4.703943198
1038.51	1.807244402	37.22203656	4.629939073
1038.82	1.75063268	37.35813614	4.417021055
1039.12	1.471401121	37.04824827	4.39841015
1039.42	1.321785476	37.16722185	4.245169887
1039.73	1.275681482	37.06996106	4.412515107
1040.03	1.231693782	36.68281855	4.236485206
1040.34	1.082009212	36.87825352	4.526995721
1040.64	1.175052727	36.84844833	4.549563121
1040.94	1.231152303	36.85986997	4.606446258
1041.25	1.297903816	36.79068859	4.580344433
1041.55	1.307244666	36.8867898	4.290011526
1041.85	1.237968142	37.10213237	4.151168403
1042.16	1.129490009	36.71989221	4.374623742
1042.46	1.075113436	36.89199734	4.219531227
1042.76	1.171116329	36.81769429	4.052526307
1043.06	1.177602239	36.59602996	3.882589559
1043.37	0.995857936	36.65285979	3.583913516
1043.67	0.7580431908	36.27736154	3.408256207
1043.97	0.6982705283	35.85928523	3.364662208
1044.28	0.8718782326	35.88887247	3.428402542
1044.58	1.292579526	36.05288903	3.948889745
1044.88	1.347435093	36.11783335	3.800304741
1045.18	1.236415891	35.85007335	3.963715834
1045.48	1.171886798	35.7938929	3.769367846
1045.79	1.060286613	35.51501818	3.721697681
1046.09	1.007447696	35.80147718	3.869093606
1046.39	0.8750895332	35.75410296	3.874061848
1046.69	1.011719609	35.39447639	3.930624941
1046.99	1.021022925	35.18724038	3.773345594
1047.3	1.030464512	35.49484768	3.749478347
1047.6	1.071648266	35.1701363	4.22831612
1047.9	1.050427043	35.59998691	4.384960241
1048.2	1.060561007	35.4610632	4.347969736
1048.5	1.147405074	35.02238435	4.45033991
1048.8	1.20393038	35.03470941	4.688285992
1049.11	1.216413106	35.09978653	4.689458883
1049.41	0.9906779953	35.05555364	4.870833477
1049.71	0.5116780953	34.55393505	4.351004212
1050.01	0.4614577871	34.50096137	4.170599546
